temp,feel_temp,weather,gender,outer,top,bottom,inner,accessories
18,19,눈,남,후드집업,맨투맨,청바지,얇은 이너,"부츠, 장갑"
31,31,눈,남,없음,민소매,면반바지,없음,"모자, 부츠, 선글라스, 양산, 장갑"
27,24,비,여,없음,민소매,치마,없음,"레인부츠, 모자, 선글라스, 양산, 우산"
4,0,눈,남,롱패딩,히트텍,기모바지,히트텍,"목도리, 부츠, 장갑, 핫팩"
33,34,눈,여,없음,민소매,치마,없음,"모자, 부츠, 선글라스, 양산, 장갑"
-2,-4,눈,여,패딩,히트텍,기모치마,히트텍,"목도리, 부츠, 장갑, 핫팩"
35,33,흐림,여,없음,민소매,치마,없음,"모자, 선글라스, 양산"
34,36,맑음,남,없음,민소매,반바지,없음,"모자, 선글라스, 양산"
22,24,비,남,후드집업,후드티,면바지,없음,"레인부츠, 우산"
33,29,눈,여,없음,반팔,치마,없음,"모자, 부츠, 선글라스, 양산, 장갑"
8,8,눈,남,롱패딩,히트텍,기모청바지,히트텍,"부츠, 장갑"
25,26,눈,여,얇은 가디건,민소매,반바지,없음,"모자, 부츠, 선글라스, 양산, 장갑"
8,9,맑음,남,패딩,기모후드,기모바지,히트텍,없음
22,22,비,여,가디건,맨투맨,롱스커트,없음,"레인부츠, 우산"
16,14,눈,여,가디건,맨투맨,롱스커트,얇은 이너,"부츠, 장갑"
22,19,비,여,자켓,긴팔티,롱스커트,얇은 이너,"레인부츠, 우산"
-7,-11,맑음,남,롱패딩,히트텍,기모청바지,히트텍,"목도리, 장갑, 핫팩"
-1,-1,눈,남,롱패딩,니트,기모바지,히트텍,"목도리, 부츠, 장갑, 핫팩"
-6,-4,비,여,롱패딩,니트,기모바지,히트텍,"레인부츠, 목도리, 우산, 장갑, 핫팩"
21,22,흐림,남,후드집업,후드티,청바지,없음,없음
5,6,눈,남,패딩,히트텍,기모바지,히트텍,"목도리, 부츠, 장갑, 핫팩"
25,20,흐림,남,없음,민소매,면반바지,없음,"모자, 선글라스, 양산"
28,30,비,남,없음,반팔,면반바지,없음,"레인부츠, 모자, 선글라스, 양산, 우산"
26,22,맑음,여,얇은 가디건,민소매,치마,없음,"모자, 선글라스, 양산"
28,25,맑음,여,없음,민소매,치마,없음,"모자, 선글라스, 양산"
-6,-5,맑음,남,롱패딩,기모후드,기모바지,히트텍,"목도리, 장갑, 핫팩"
24,20,맑음,여,후드집업,맨투맨,롱스커트,없음,없음
30,31,흐림,여,얇은 가디건,민소매,치마,없음,"모자, 선글라스, 양산"
15,16,비,여,자켓,긴팔티,롱스커트,얇은 이너,"레인부츠, 우산"
30,26,눈,남,얇은 가디건,반팔,면반바지,없음,"모자, 부츠, 선글라스, 양산, 장갑"
0,0,비,여,패딩,기모후드,기모치마,히트텍,"레인부츠, 목도리, 우산, 장갑, 핫팩"
-3,-2,눈,남,롱패딩,니트,기모바지,히트텍,"목도리, 부츠, 장갑, 핫팩"
3,4,비,여,코트,기모후드,기모레깅스,히트텍,"레인부츠, 목도리, 우산, 장갑, 핫팩"
6,4,흐림,남,패딩,니트,기모청바지,히트텍,없음
32,33,비,여,얇은 가디건,민소매,반바지,없음,"레인부츠, 모자, 선글라스, 양산, 우산"
10,13,눈,남,가디건,맨투맨,청바지,얇은 이너,"부츠, 장갑"
35,31,흐림,남,없음,반팔,면반바지,없음,"모자, 선글라스, 양산"
-3,0,눈,남,롱패딩,히트텍,기모바지,히트텍,"목도리, 부츠, 장갑, 핫팩"
30,32,비,여,없음,반팔,반바지,없음,"레인부츠, 모자, 선글라스, 양산, 우산"
20,19,비,남,후드집업,후드티,슬랙스,얇은 이너,"레인부츠, 우산"
33,32,흐림,여,없음,반팔,반바지,없음,"모자, 선글라스, 양산"
6,9,맑음,남,패딩,니트,기모바지,히트텍,없음
11,12,맑음,남,후드집업,긴팔티,슬랙스,없음,없음
-4,-2,맑음,여,패딩,히트텍,기모치마,히트텍,"목도리, 장갑, 핫팩"
11,6,비,여,가디건,긴팔티,슬랙스,얇은 이너,"레인부츠, 우산"
7,2,비,여,코트,니트,기모레깅스,히트텍,"레인부츠, 우산"
-10,-7,눈,남,롱패딩,히트텍,기모청바지,히트텍,"목도리, 부츠, 장갑, 핫팩"
30,28,흐림,남,없음,반팔,면반바지,없음,"모자, 선글라스, 양산"
19,21,비,여,후드집업,긴팔티,롱스커트,없음,"레인부츠, 우산"
1,-1,눈,남,코트,니트,기모청바지,히트텍,"목도리, 부츠, 장갑, 핫팩"
5,6,맑음,여,패딩,기모후드,기모바지,히트텍,"목도리, 장갑, 핫팩"
16,14,눈,여,가디건,후드티,슬랙스,얇은 이너,"부츠, 장갑"
-6,-9,흐림,남,롱패딩,니트,기모바지,히트텍,"목도리, 장갑, 핫팩"
5,0,비,남,롱패딩,니트,기모바지,히트텍,"레인부츠, 목도리, 우산, 장갑, 핫팩"
32,29,비,여,없음,반팔,치마,없음,"레인부츠, 모자, 선글라스, 양산, 우산"
10,8,눈,여,후드집업,긴팔티,청바지,얇은 이너,"부츠, 장갑"
-7,-7,눈,여,코트,니트,기모레깅스,히트텍,"목도리, 부츠, 장갑, 핫팩"
27,23,눈,여,없음,민소매,치마,없음,"모자, 부츠, 선글라스, 양산, 장갑"
19,21,눈,여,자켓,맨투맨,슬랙스,없음,"부츠, 장갑"
3,5,비,남,코트,히트텍,기모바지,히트텍,"레인부츠, 목도리, 우산, 장갑, 핫팩"
4,-1,눈,남,패딩,기모후드,기모청바지,히트텍,"목도리, 부츠, 장갑, 핫팩"
35,30,맑음,여,없음,반팔,반바지,없음,"모자, 선글라스, 양산"
33,31,비,여,얇은 가디건,반팔,반바지,없음,"레인부츠, 모자, 선글라스, 양산, 우산"
25,22,눈,여,없음,민소매,치마,없음,"모자, 부츠, 선글라스, 양산, 장갑"
25,26,비,남,없음,민소매,반바지,없음,"레인부츠, 모자, 선글라스, 양산, 우산"
26,23,비,남,얇은 가디건,민소매,반바지,없음,"레인부츠, 모자, 선글라스, 양산, 우산"
-5,-2,맑음,여,패딩,니트,기모레깅스,히트텍,"목도리, 장갑, 핫팩"
3,0,흐림,남,롱패딩,히트텍,기모청바지,히트텍,"목도리, 장갑, 핫팩"
3,-2,흐림,여,롱패딩,니트,기모레깅스,히트텍,"목도리, 장갑, 핫팩"
-5,-6,눈,여,롱패딩,기모후드,기모바지,히트텍,"목도리, 부츠, 장갑, 핫팩"
33,29,흐림,여,얇은 가디건,민소매,치마,없음,"모자, 선글라스, 양산"
22,23,맑음,여,자켓,긴팔티,청바지,없음,없음
-2,-7,비,여,코트,기모후드,기모바지,히트텍,"레인부츠, 목도리, 우산, 장갑, 핫팩"
-6,-9,맑음,여,패딩,니트,기모치마,히트텍,"목도리, 장갑, 핫팩"
19,16,흐림,여,자켓,맨투맨,슬랙스,얇은 이너,없음
18,13,눈,여,가디건,맨투맨,슬랙스,없음,"부츠, 장갑"
-1,-1,비,여,롱패딩,기모후드,기모레깅스,히트텍,"레인부츠, 목도리, 우산, 장갑, 핫팩"
21,22,비,남,후드집업,긴팔티,청바지,얇은 이너,"레인부츠, 우산"
29,32,맑음,여,얇은 가디건,민소매,치마,없음,"모자, 선글라스, 양산"
-3,0,흐림,남,코트,기모후드,기모청바지,히트텍,"목도리, 장갑, 핫팩"
19,19,흐림,여,가디건,긴팔티,롱스커트,없음,없음
-4,-5,흐림,남,패딩,니트,기모바지,히트텍,"목도리, 장갑, 핫팩"
22,23,흐림,여,후드집업,후드티,롱스커트,얇은 이너,없음
24,20,흐림,여,가디건,긴팔티,롱스커트,얇은 이너,없음
35,35,눈,여,없음,반팔,반바지,없음,"모자, 부츠, 선글라스, 양산, 장갑"
-9,-11,비,여,롱패딩,니트,기모레깅스,히트텍,"레인부츠, 목도리, 우산, 장갑, 핫팩"
20,21,흐림,여,가디건,후드티,청바지,얇은 이너,없음
-1,-2,눈,남,코트,니트,기모바지,히트텍,"목도리, 부츠, 장갑, 핫팩"
30,29,흐림,여,없음,민소매,치마,없음,"모자, 선글라스, 양산"
-7,-11,흐림,여,롱패딩,니트,기모바지,히트텍,"목도리, 장갑, 핫팩"
22,25,흐림,남,자켓,후드티,청바지,없음,없음
6,8,맑음,남,코트,히트텍,기모청바지,히트텍,없음
27,25,맑음,남,없음,반팔,면반바지,없음,"모자, 선글라스, 양산"
27,29,비,남,없음,반팔,면반바지,없음,"레인부츠, 모자, 선글라스, 양산, 우산"
35,35,비,여,없음,민소매,치마,없음,"레인부츠, 모자, 선글라스, 양산, 우산"
23,20,흐림,남,후드집업,긴팔티,청바지,얇은 이너,없음
15,14,비,남,자켓,맨투맨,청바지,얇은 이너,"레인부츠, 우산"
3,3,눈,여,패딩,니트,기모바지,히트텍,"목도리, 부츠, 장갑, 핫팩"
30,26,눈,여,얇은 가디건,민소매,반바지,없음,"모자, 부츠, 선글라스, 양산, 장갑"
2,2,눈,여,코트,기모후드,기모치마,히트텍,"목도리, 부츠, 장갑, 핫팩"
25,26,비,남,얇은 가디건,반팔,반바지,없음,"레인부츠, 모자, 선글라스, 양산, 우산"
14,16,비,남,자켓,긴팔티,슬랙스,얇은 이너,"레인부츠, 우산"
-1,1,흐림,남,코트,기모후드,기모바지,히트텍,"목도리, 장갑, 핫팩"
1,-1,흐림,여,코트,기모후드,기모바지,히트텍,"목도리, 장갑, 핫팩"
-2,-7,눈,여,코트,히트텍,기모치마,히트텍,"목도리, 부츠, 장갑, 핫팩"
14,10,맑음,남,자켓,후드티,청바지,없음,없음
-5,-5,비,여,코트,기모후드,기모레깅스,히트텍,"레인부츠, 목도리, 우산, 장갑, 핫팩"
31,28,눈,남,얇은 가디건,반팔,반바지,없음,"모자, 부츠, 선글라스, 양산, 장갑"
1,2,흐림,여,코트,히트텍,기모레깅스,히트텍,"목도리, 장갑, 핫팩"
-7,-5,눈,남,코트,기모후드,기모청바지,히트텍,"목도리, 부츠, 장갑, 핫팩"
23,23,흐림,여,후드집업,후드티,롱스커트,얇은 이너,없음
33,35,흐림,여,얇은 가디건,반팔,치마,없음,"모자, 선글라스, 양산"
10,11,맑음,남,자켓,맨투맨,면바지,없음,없음
13,12,눈,남,자켓,긴팔티,면바지,얇은 이너,"부츠, 장갑"
17,12,눈,남,자켓,긴팔티,슬랙스,없음,"부츠, 장갑"
34,34,맑음,여,없음,반팔,반바지,없음,"모자, 선글라스, 양산"
33,32,눈,남,얇은 가디건,반팔,반바지,없음,"모자, 부츠, 선글라스, 양산, 장갑"
28,30,흐림,여,없음,민소매,치마,없음,"모자, 선글라스, 양산"
7,2,눈,여,코트,니트,기모레깅스,히트텍,"부츠, 장갑"
33,34,비,여,없음,민소매,반바지,없음,"레인부츠, 모자, 선글라스, 양산, 우산"
20,23,눈,남,자켓,긴팔티,청바지,얇은 이너,"부츠, 장갑"
15,17,맑음,남,후드집업,후드티,청바지,없음,없음
-6,-9,흐림,여,패딩,히트텍,기모치마,히트텍,"목도리, 장갑, 핫팩"
27,29,눈,남,얇은 가디건,반팔,반바지,없음,"모자, 부츠, 선글라스, 양산, 장갑"
20,15,흐림,여,가디건,맨투맨,청바지,얇은 이너,없음
26,21,눈,여,얇은 가디건,반팔,반바지,없음,"모자, 부츠, 선글라스, 양산, 장갑"
0,3,눈,여,패딩,기모후드,기모치마,히트텍,"목도리, 부츠, 장갑, 핫팩"
24,24,맑음,여,자켓,후드티,청바지,얇은 이너,없음
17,17,맑음,남,가디건,긴팔티,슬랙스,없음,없음
29,28,눈,남,얇은 가디건,민소매,면반바지,없음,"모자, 부츠, 선글라스, 양산, 장갑"
-2,-2,눈,남,롱패딩,니트,기모청바지,히트텍,"목도리, 부츠, 장갑, 핫팩"
20,16,맑음,여,가디건,긴팔티,슬랙스,없음,없음
17,12,비,여,후드집업,맨투맨,청바지,없음,"레인부츠, 우산"
-5,-7,흐림,남,코트,니트,기모청바지,히트텍,"목도리, 장갑, 핫팩"
18,21,흐림,여,자켓,긴팔티,롱스커트,얇은 이너,없음
29,30,흐림,남,얇은 가디건,민소매,면반바지,없음,"모자, 선글라스, 양산"
20,18,맑음,여,자켓,긴팔티,슬랙스,없음,없음
13,15,비,여,후드집업,후드티,청바지,얇은 이너,"레인부츠, 우산"
-1,2,눈,여,롱패딩,기모후드,기모레깅스,히트텍,"목도리, 부츠, 장갑, 핫팩"
11,14,흐림,남,자켓,긴팔티,면바지,없음,없음
9,9,눈,남,롱패딩,히트텍,기모바지,히트텍,"부츠, 장갑"
8,9,흐림,여,패딩,기모후드,기모치마,히트텍,없음
-4,-3,눈,남,롱패딩,니트,기모청바지,히트텍,"목도리, 부츠, 장갑, 핫팩"
24,25,비,남,자켓,맨투맨,면바지,얇은 이너,"레인부츠, 우산"
31,34,맑음,여,얇은 가디건,반팔,치마,없음,"모자, 선글라스, 양산"
19,20,비,여,자켓,후드티,롱스커트,없음,"레인부츠, 우산"
12,12,맑음,남,가디건,맨투맨,청바지,얇은 이너,없음
-4,-5,비,여,패딩,니트,기모바지,히트텍,"레인부츠, 목도리, 우산, 장갑, 핫팩"
15,10,맑음,남,후드집업,긴팔티,청바지,얇은 이너,없음
22,25,비,남,자켓,맨투맨,면바지,없음,"레인부츠, 우산"
22,21,비,남,가디건,맨투맨,청바지,없음,"레인부츠, 우산"
32,27,흐림,남,얇은 가디건,민소매,면반바지,없음,"모자, 선글라스, 양산"
-10,-10,눈,남,패딩,기모후드,기모바지,히트텍,"목도리, 부츠, 장갑, 핫팩"
26,26,맑음,남,얇은 가디건,반팔,면반바지,없음,"모자, 선글라스, 양산"
28,23,흐림,여,없음,반팔,반바지,없음,"모자, 선글라스, 양산"
26,29,맑음,남,없음,민소매,면반바지,없음,"모자, 선글라스, 양산"
18,19,눈,남,후드집업,맨투맨,청바지,얇은 이너,"부츠, 장갑"
23,18,눈,남,자켓,긴팔티,면바지,없음,"부츠, 장갑"
28,23,비,남,없음,반팔,반바지,없음,"레인부츠, 모자, 선글라스, 양산, 우산"
4,-1,맑음,남,롱패딩,기모후드,기모바지,히트텍,"목도리, 장갑, 핫팩"
28,26,맑음,여,얇은 가디건,민소매,반바지,없음,"모자, 선글라스, 양산"
19,16,비,남,가디건,후드티,면바지,없음,"레인부츠, 우산"
15,16,흐림,남,후드집업,맨투맨,면바지,얇은 이너,없음
-2,-7,흐림,여,코트,히트텍,기모치마,히트텍,"목도리, 장갑, 핫팩"
-1,-3,흐림,남,롱패딩,니트,기모바지,히트텍,"목도리, 장갑, 핫팩"
4,-1,흐림,여,코트,니트,기모치마,히트텍,"목도리, 장갑, 핫팩"
30,26,맑음,여,얇은 가디건,반팔,치마,없음,"모자, 선글라스, 양산"
7,4,흐림,여,코트,기모후드,기모레깅스,히트텍,없음
-6,-4,맑음,여,롱패딩,니트,기모바지,히트텍,"목도리, 장갑, 핫팩"
8,10,눈,남,패딩,기모후드,기모청바지,히트텍,"부츠, 장갑"
31,29,맑음,남,없음,민소매,반바지,없음,"모자, 선글라스, 양산"
27,26,비,남,얇은 가디건,반팔,반바지,없음,"레인부츠, 모자, 선글라스, 양산, 우산"
25,25,흐림,남,얇은 가디건,민소매,면반바지,없음,"모자, 선글라스, 양산"
17,18,비,여,가디건,맨투맨,청바지,없음,"레인부츠, 우산"
33,32,맑음,남,얇은 가디건,민소매,반바지,없음,"모자, 선글라스, 양산"
29,29,맑음,남,얇은 가디건,민소매,반바지,없음,"모자, 선글라스, 양산"
28,24,흐림,여,얇은 가디건,반팔,치마,없음,"모자, 선글라스, 양산"
12,9,비,남,가디건,맨투맨,슬랙스,얇은 이너,"레인부츠, 우산"
8,10,비,남,패딩,히트텍,기모청바지,히트텍,"레인부츠, 우산"
-1,0,비,여,패딩,히트텍,기모레깅스,히트텍,"레인부츠, 목도리, 우산, 장갑, 핫팩"
25,27,흐림,남,얇은 가디건,반팔,면반바지,없음,"모자, 선글라스, 양산"
1,2,비,남,코트,니트,기모바지,히트텍,"레인부츠, 목도리, 우산, 장갑, 핫팩"
-6,-6,눈,남,롱패딩,히트텍,기모바지,히트텍,"목도리, 부츠, 장갑, 핫팩"
11,11,흐림,남,후드집업,후드티,면바지,얇은 이너,없음
16,16,눈,남,자켓,긴팔티,청바지,없음,"부츠, 장갑"
26,25,비,여,얇은 가디건,반팔,치마,없음,"레인부츠, 모자, 선글라스, 양산, 우산"
16,14,눈,남,후드집업,긴팔티,면바지,얇은 이너,"부츠, 장갑"
-10,-8,맑음,남,패딩,히트텍,기모청바지,히트텍,"목도리, 장갑, 핫팩"
34,29,눈,여,없음,민소매,치마,없음,"모자, 부츠, 선글라스, 양산, 장갑"
2,-1,맑음,남,롱패딩,히트텍,기모청바지,히트텍,"목도리, 장갑, 핫팩"
29,32,눈,남,없음,민소매,반바지,없음,"모자, 부츠, 선글라스, 양산, 장갑"
18,19,맑음,여,가디건,후드티,슬랙스,없음,없음
1,-2,눈,남,패딩,기모후드,기모바지,히트텍,"목도리, 부츠, 장갑, 핫팩"
-5,-8,눈,남,롱패딩,히트텍,기모청바지,히트텍,"목도리, 부츠, 장갑, 핫팩"
-1,-3,비,여,패딩,니트,기모레깅스,히트텍,"레인부츠, 목도리, 우산, 장갑, 핫팩"
-5,-10,흐림,여,패딩,기모후드,기모레깅스,히트텍,"목도리, 장갑, 핫팩"
-5,-5,눈,남,패딩,히트텍,기모청바지,히트텍,"목도리, 부츠, 장갑, 핫팩"
3,-1,흐림,남,패딩,기모후드,기모바지,히트텍,"목도리, 장갑, 핫팩"
24,23,맑음,남,후드집업,맨투맨,슬랙스,없음,없음
15,13,맑음,남,자켓,긴팔티,슬랙스,없음,없음
11,14,맑음,여,후드집업,긴팔티,청바지,없음,없음
20,21,눈,여,후드집업,맨투맨,슬랙스,없음,"부츠, 장갑"
-7,-5,눈,여,패딩,히트텍,기모레깅스,히트텍,"목도리, 부츠, 장갑, 핫팩"
35,33,비,여,얇은 가디건,민소매,치마,없음,"레인부츠, 모자, 선글라스, 양산, 우산"
13,12,흐림,여,자켓,맨투맨,청바지,얇은 이너,없음
0,-1,눈,남,롱패딩,히트텍,기모바지,히트텍,"목도리, 부츠, 장갑, 핫팩"
25,23,맑음,남,없음,민소매,반바지,없음,"모자, 선글라스, 양산"
26,28,흐림,남,얇은 가디건,반팔,면반바지,없음,"모자, 선글라스, 양산"
6,9,맑음,여,코트,히트텍,기모치마,히트텍,없음
25,24,맑음,남,없음,민소매,반바지,없음,"모자, 선글라스, 양산"
-8,-5,흐림,여,패딩,히트텍,기모바지,히트텍,"목도리, 장갑, 핫팩"
2,-2,맑음,남,코트,히트텍,기모청바지,히트텍,"목도리, 장갑, 핫팩"
14,15,눈,남,후드집업,후드티,면바지,없음,"부츠, 장갑"
12,11,눈,남,가디건,후드티,청바지,얇은 이너,"부츠, 장갑"
-3,-4,비,남,코트,니트,기모바지,히트텍,"레인부츠, 목도리, 우산, 장갑, 핫팩"
33,36,눈,여,얇은 가디건,반팔,반바지,없음,"모자, 부츠, 선글라스, 양산, 장갑"
6,8,눈,남,코트,히트텍,기모청바지,히트텍,"부츠, 장갑"
5,4,흐림,여,코트,히트텍,기모바지,히트텍,"목도리, 장갑, 핫팩"
18,14,비,남,후드집업,긴팔티,면바지,얇은 이너,"레인부츠, 우산"
30,32,흐림,여,얇은 가디건,반팔,치마,없음,"모자, 선글라스, 양산"
-6,-5,비,여,롱패딩,히트텍,기모바지,히트텍,"레인부츠, 목도리, 우산, 장갑, 핫팩"
-5,-8,흐림,여,패딩,니트,기모치마,히트텍,"목도리, 장갑, 핫팩"
-3,0,맑음,남,코트,히트텍,기모바지,히트텍,"목도리, 장갑, 핫팩"
32,27,비,남,없음,민소매,면반바지,없음,"레인부츠, 모자, 선글라스, 양산, 우산"
35,38,흐림,남,없음,민소매,반바지,없음,"모자, 선글라스, 양산"
4,6,흐림,여,패딩,니트,기모레깅스,히트텍,"목도리, 장갑, 핫팩"
16,14,비,남,가디건,맨투맨,면바지,얇은 이너,"레인부츠, 우산"
21,18,흐림,여,가디건,맨투맨,청바지,얇은 이너,없음
1,-2,맑음,남,코트,기모후드,기모청바지,히트텍,"목도리, 장갑, 핫팩"
-7,-12,눈,남,패딩,니트,기모청바지,히트텍,"목도리, 부츠, 장갑, 핫팩"
30,30,흐림,남,없음,민소매,반바지,없음,"모자, 선글라스, 양산"
16,18,맑음,여,가디건,후드티,청바지,얇은 이너,없음
-10,-12,비,여,패딩,니트,기모레깅스,히트텍,"레인부츠, 목도리, 우산, 장갑, 핫팩"
-9,-7,비,남,롱패딩,니트,기모바지,히트텍,"레인부츠, 목도리, 우산, 장갑, 핫팩"
22,21,맑음,남,가디건,긴팔티,슬랙스,없음,없음
-6,-7,맑음,여,코트,니트,기모치마,히트텍,"목도리, 장갑, 핫팩"
3,4,맑음,남,패딩,기모후드,기모바지,히트텍,"목도리, 장갑, 핫팩"
17,16,맑음,여,후드집업,맨투맨,청바지,없음,없음
6,8,눈,여,코트,히트텍,기모치마,히트텍,"부츠, 장갑"
-9,-13,흐림,여,롱패딩,기모후드,기모바지,히트텍,"목도리, 장갑, 핫팩"
20,16,비,여,가디건,후드티,청바지,없음,"레인부츠, 우산"
-9,-6,눈,여,롱패딩,니트,기모레깅스,히트텍,"목도리, 부츠, 장갑, 핫팩"
34,32,흐림,여,없음,반팔,반바지,없음,"모자, 선글라스, 양산"
7,9,맑음,남,패딩,히트텍,기모바지,히트텍,없음
14,12,흐림,여,후드집업,긴팔티,청바지,얇은 이너,없음
12,14,맑음,남,후드집업,맨투맨,청바지,없음,없음
32,29,비,남,얇은 가디건,반팔,반바지,없음,"레인부츠, 모자, 선글라스, 양산, 우산"
21,17,흐림,여,후드집업,후드티,슬랙스,없음,없음
10,6,비,여,후드집업,긴팔티,청바지,없음,"레인부츠, 우산"
25,20,맑음,남,없음,민소매,반바지,없음,"모자, 선글라스, 양산"
30,30,맑음,여,없음,반팔,반바지,없음,"모자, 선글라스, 양산"
16,19,비,남,가디건,맨투맨,청바지,없음,"레인부츠, 우산"
-10,-15,흐림,여,패딩,니트,기모바지,히트텍,"목도리, 장갑, 핫팩"
6,2,눈,남,코트,히트텍,기모바지,히트텍,"부츠, 장갑"
34,35,비,남,얇은 가디건,민소매,면반바지,없음,"레인부츠, 모자, 선글라스, 양산, 우산"
-5,-3,흐림,여,롱패딩,히트텍,기모바지,히트텍,"목도리, 장갑, 핫팩"
3,-1,눈,여,패딩,히트텍,기모바지,히트텍,"목도리, 부츠, 장갑, 핫팩"
8,7,비,여,패딩,기모후드,기모레깅스,히트텍,"레인부츠, 우산"
1,4,눈,여,코트,히트텍,기모바지,히트텍,"목도리, 부츠, 장갑, 핫팩"
29,32,맑음,여,없음,민소매,반바지,없음,"모자, 선글라스, 양산"
2,-2,맑음,남,롱패딩,니트,기모바지,히트텍,"목도리, 장갑, 핫팩"
15,11,흐림,남,가디건,맨투맨,면바지,얇은 이너,없음
15,12,눈,남,후드집업,후드티,면바지,얇은 이너,"부츠, 장갑"
32,33,맑음,남,없음,반팔,반바지,없음,"모자, 선글라스, 양산"
19,15,눈,여,자켓,맨투맨,청바지,없음,"부츠, 장갑"
1,3,비,남,롱패딩,히트텍,기모청바지,히트텍,"레인부츠, 목도리, 우산, 장갑, 핫팩"
7,5,비,여,코트,니트,기모치마,히트텍,"레인부츠, 우산"
11,6,비,여,가디건,긴팔티,슬랙스,없음,"레인부츠, 우산"
27,30,눈,남,없음,반팔,면반바지,없음,"모자, 부츠, 선글라스, 양산, 장갑"
-8,-8,비,여,코트,기모후드,기모치마,히트텍,"레인부츠, 목도리, 우산, 장갑, 핫팩"
32,35,눈,남,얇은 가디건,민소매,면반바지,없음,"모자, 부츠, 선글라스, 양산, 장갑"
9,10,흐림,여,패딩,히트텍,기모레깅스,히트텍,없음
23,22,맑음,여,후드집업,맨투맨,롱스커트,얇은 이너,없음
28,26,맑음,남,얇은 가디건,반팔,반바지,없음,"모자, 선글라스, 양산"
13,12,흐림,여,가디건,후드티,롱스커트,얇은 이너,없음
-7,-9,맑음,남,코트,히트텍,기모청바지,히트텍,"목도리, 장갑, 핫팩"
-10,-10,눈,남,코트,기모후드,기모바지,히트텍,"목도리, 부츠, 장갑, 핫팩"
-1,-4,흐림,여,패딩,히트텍,기모치마,히트텍,"목도리, 장갑, 핫팩"
9,12,흐림,여,롱패딩,히트텍,기모레깅스,히트텍,없음
30,25,맑음,남,얇은 가디건,민소매,반바지,없음,"모자, 선글라스, 양산"
-3,-5,비,여,코트,히트텍,기모바지,히트텍,"레인부츠, 목도리, 우산, 장갑, 핫팩"
32,33,흐림,남,없음,민소매,반바지,없음,"모자, 선글라스, 양산"
7,3,눈,남,코트,기모후드,기모바지,히트텍,"부츠, 장갑"
19,18,눈,여,자켓,긴팔티,롱스커트,없음,"부츠, 장갑"
21,19,흐림,여,후드집업,긴팔티,슬랙스,얇은 이너,없음
-1,-6,맑음,남,코트,히트텍,기모청바지,히트텍,"목도리, 장갑, 핫팩"
30,33,흐림,남,얇은 가디건,반팔,반바지,없음,"모자, 선글라스, 양산"
30,25,비,여,얇은 가디건,반팔,반바지,없음,"레인부츠, 모자, 선글라스, 양산, 우산"
-6,-7,비,여,롱패딩,기모후드,기모레깅스,히트텍,"레인부츠, 목도리, 우산, 장갑, 핫팩"
23,25,맑음,여,자켓,긴팔티,롱스커트,얇은 이너,없음
30,31,흐림,남,없음,반팔,면반바지,없음,"모자, 선글라스, 양산"
34,33,흐림,남,얇은 가디건,민소매,반바지,없음,"모자, 선글라스, 양산"
31,31,흐림,여,얇은 가디건,반팔,치마,없음,"모자, 선글라스, 양산"
20,23,맑음,여,자켓,맨투맨,청바지,얇은 이너,없음
12,12,흐림,남,가디건,맨투맨,청바지,없음,없음
22,21,맑음,남,자켓,맨투맨,청바지,얇은 이너,없음
31,29,눈,남,얇은 가디건,민소매,반바지,없음,"모자, 부츠, 선글라스, 양산, 장갑"
27,25,눈,여,얇은 가디건,반팔,반바지,없음,"모자, 부츠, 선글라스, 양산, 장갑"
22,24,맑음,남,후드집업,긴팔티,청바지,없음,없음
16,15,비,남,후드집업,맨투맨,청바지,없음,"레인부츠, 우산"
-10,-9,비,남,롱패딩,히트텍,기모바지,히트텍,"레인부츠, 목도리, 우산, 장갑, 핫팩"
21,19,비,남,후드집업,후드티,청바지,얇은 이너,"레인부츠, 우산"
8,11,흐림,남,롱패딩,니트,기모바지,히트텍,없음
35,31,눈,남,없음,민소매,반바지,없음,"모자, 부츠, 선글라스, 양산, 장갑"
-7,-9,비,여,코트,히트텍,기모레깅스,히트텍,"레인부츠, 목도리, 우산, 장갑, 핫팩"
-2,-4,눈,여,롱패딩,기모후드,기모레깅스,히트텍,"목도리, 부츠, 장갑, 핫팩"
19,17,눈,남,후드집업,후드티,면바지,얇은 이너,"부츠, 장갑"
9,9,눈,여,코트,니트,기모치마,히트텍,"부츠, 장갑"
-9,-12,흐림,여,패딩,히트텍,기모바지,히트텍,"목도리, 장갑, 핫팩"
-10,-9,비,여,패딩,니트,기모레깅스,히트텍,"레인부츠, 목도리, 우산, 장갑, 핫팩"
22,18,흐림,여,자켓,맨투맨,청바지,없음,없음
25,28,흐림,남,얇은 가디건,민소매,반바지,없음,"모자, 선글라스, 양산"
33,32,눈,남,없음,반팔,면반바지,없음,"모자, 부츠, 선글라스, 양산, 장갑"
13,16,맑음,여,자켓,후드티,롱스커트,얇은 이너,없음
-2,-2,맑음,여,롱패딩,히트텍,기모치마,히트텍,"목도리, 장갑, 핫팩"
2,1,흐림,남,패딩,니트,기모청바지,히트텍,"목도리, 장갑, 핫팩"
5,7,비,여,롱패딩,히트텍,기모레깅스,히트텍,"레인부츠, 목도리, 우산, 장갑, 핫팩"
7,7,흐림,남,코트,기모후드,기모바지,히트텍,없음
-6,-10,흐림,남,패딩,니트,기모청바지,히트텍,"목도리, 장갑, 핫팩"
-6,-9,비,남,코트,히트텍,기모바지,히트텍,"레인부츠, 목도리, 우산, 장갑, 핫팩"
17,13,흐림,남,후드집업,후드티,면바지,얇은 이너,없음
-8,-6,맑음,남,롱패딩,니트,기모바지,히트텍,"목도리, 장갑, 핫팩"
33,36,흐림,남,없음,반팔,반바지,없음,"모자, 선글라스, 양산"
-4,-8,눈,여,롱패딩,히트텍,기모레깅스,히트텍,"목도리, 부츠, 장갑, 핫팩"
8,6,흐림,여,코트,기모후드,기모바지,히트텍,없음
22,18,흐림,여,가디건,맨투맨,롱스커트,없음,없음
-4,-1,흐림,여,롱패딩,히트텍,기모바지,히트텍,"목도리, 장갑, 핫팩"
16,19,비,남,후드집업,긴팔티,청바지,없음,"레인부츠, 우산"
34,31,눈,남,없음,반팔,반바지,없음,"모자, 부츠, 선글라스, 양산, 장갑"
15,12,흐림,여,자켓,긴팔티,청바지,얇은 이너,없음
21,16,비,여,자켓,긴팔티,청바지,없음,"레인부츠, 우산"
3,4,눈,남,패딩,니트,기모바지,히트텍,"목도리, 부츠, 장갑, 핫팩"
11,10,흐림,여,자켓,후드티,청바지,얇은 이너,없음
5,3,맑음,여,패딩,히트텍,기모치마,히트텍,"목도리, 장갑, 핫팩"
-10,-10,흐림,여,롱패딩,히트텍,기모바지,히트텍,"목도리, 장갑, 핫팩"
32,34,눈,남,없음,반팔,면반바지,없음,"모자, 부츠, 선글라스, 양산, 장갑"
35,37,눈,여,없음,반팔,치마,없음,"모자, 부츠, 선글라스, 양산, 장갑"
8,3,비,여,코트,기모후드,기모레깅스,히트텍,"레인부츠, 우산"
13,13,흐림,여,후드집업,긴팔티,슬랙스,얇은 이너,없음
3,-1,눈,남,패딩,히트텍,기모청바지,히트텍,"목도리, 부츠, 장갑, 핫팩"
1,-1,흐림,여,패딩,히트텍,기모바지,히트텍,"목도리, 장갑, 핫팩"
0,-2,비,남,패딩,니트,기모청바지,히트텍,"레인부츠, 목도리, 우산, 장갑, 핫팩"
2,3,맑음,여,패딩,니트,기모치마,히트텍,"목도리, 장갑, 핫팩"
-2,0,눈,여,롱패딩,니트,기모바지,히트텍,"목도리, 부츠, 장갑, 핫팩"
25,27,비,여,얇은 가디건,반팔,치마,없음,"레인부츠, 모자, 선글라스, 양산, 우산"
-10,-12,비,남,코트,니트,기모바지,히트텍,"레인부츠, 목도리, 우산, 장갑, 핫팩"
-1,0,흐림,여,코트,기모후드,기모치마,히트텍,"목도리, 장갑, 핫팩"
6,9,흐림,여,롱패딩,니트,기모치마,히트텍,없음
22,21,맑음,여,가디건,맨투맨,슬랙스,없음,없음
-10,-9,눈,여,코트,히트텍,기모치마,히트텍,"목도리, 부츠, 장갑, 핫팩"
34,34,비,여,없음,민소매,반바지,없음,"레인부츠, 모자, 선글라스, 양산, 우산"
26,26,비,남,얇은 가디건,민소매,면반바지,없음,"레인부츠, 모자, 선글라스, 양산, 우산"
-6,-3,맑음,남,코트,니트,기모청바지,히트텍,"목도리, 장갑, 핫팩"
-10,-13,비,여,패딩,니트,기모레깅스,히트텍,"레인부츠, 목도리, 우산, 장갑, 핫팩"
0,1,눈,여,코트,히트텍,기모치마,히트텍,"목도리, 부츠, 장갑, 핫팩"
27,22,눈,남,얇은 가디건,민소매,반바지,없음,"모자, 부츠, 선글라스, 양산, 장갑"
34,34,맑음,남,얇은 가디건,반팔,반바지,없음,"모자, 선글라스, 양산"
30,29,비,남,얇은 가디건,민소매,반바지,없음,"레인부츠, 모자, 선글라스, 양산, 우산"
22,20,흐림,남,자켓,긴팔티,슬랙스,얇은 이너,없음
5,5,흐림,여,코트,니트,기모치마,히트텍,"목도리, 장갑, 핫팩"
30,28,눈,남,없음,반팔,면반바지,없음,"모자, 부츠, 선글라스, 양산, 장갑"
21,17,맑음,남,후드집업,긴팔티,청바지,없음,없음
17,20,비,남,자켓,긴팔티,면바지,얇은 이너,"레인부츠, 우산"
5,1,비,여,롱패딩,니트,기모레깅스,히트텍,"레인부츠, 목도리, 우산, 장갑, 핫팩"
32,29,흐림,여,없음,반팔,반바지,없음,"모자, 선글라스, 양산"
24,24,흐림,여,후드집업,후드티,슬랙스,없음,없음
24,21,눈,여,후드집업,긴팔티,청바지,얇은 이너,"부츠, 장갑"
20,17,흐림,남,후드집업,맨투맨,슬랙스,없음,없음
-6,-5,흐림,여,패딩,니트,기모레깅스,히트텍,"목도리, 장갑, 핫팩"
32,35,흐림,남,얇은 가디건,반팔,반바지,없음,"모자, 선글라스, 양산"
-9,-6,눈,남,패딩,히트텍,기모바지,히트텍,"목도리, 부츠, 장갑, 핫팩"
5,5,맑음,여,롱패딩,니트,기모바지,히트텍,"목도리, 장갑, 핫팩"
0,0,눈,여,패딩,기모후드,기모바지,히트텍,"목도리, 부츠, 장갑, 핫팩"
26,25,흐림,여,얇은 가디건,민소매,반바지,없음,"모자, 선글라스, 양산"
28,28,흐림,여,없음,민소매,치마,없음,"모자, 선글라스, 양산"
25,21,흐림,남,얇은 가디건,반팔,면반바지,없음,"모자, 선글라스, 양산"
9,11,비,남,패딩,히트텍,기모바지,히트텍,"레인부츠, 우산"
-10,-14,흐림,여,롱패딩,니트,기모레깅스,히트텍,"목도리, 장갑, 핫팩"
13,16,눈,남,가디건,후드티,면바지,없음,"부츠, 장갑"
6,1,흐림,여,패딩,니트,기모치마,히트텍,없음
16,15,눈,남,후드집업,긴팔티,면바지,없음,"부츠, 장갑"
3,3,비,여,패딩,기모후드,기모치마,히트텍,"레인부츠, 목도리, 우산, 장갑, 핫팩"
-6,-6,비,여,코트,니트,기모레깅스,히트텍,"레인부츠, 목도리, 우산, 장갑, 핫팩"
19,20,흐림,여,자켓,맨투맨,슬랙스,얇은 이너,없음
2,5,흐림,남,코트,기모후드,기모청바지,히트텍,"목도리, 장갑, 핫팩"
31,26,눈,여,얇은 가디건,민소매,치마,없음,"모자, 부츠, 선글라스, 양산, 장갑"
29,25,비,여,없음,반팔,반바지,없음,"레인부츠, 모자, 선글라스, 양산, 우산"
27,27,흐림,여,없음,민소매,반바지,없음,"모자, 선글라스, 양산"
-8,-10,흐림,여,코트,히트텍,기모레깅스,히트텍,"목도리, 장갑, 핫팩"
18,19,비,남,자켓,후드티,청바지,없음,"레인부츠, 우산"
14,10,비,여,자켓,후드티,롱스커트,없음,"레인부츠, 우산"
21,20,맑음,남,자켓,후드티,청바지,없음,없음
21,19,눈,남,후드집업,긴팔티,슬랙스,얇은 이너,"부츠, 장갑"
27,27,흐림,여,없음,민소매,치마,없음,"모자, 선글라스, 양산"
-3,0,맑음,남,코트,기모후드,기모바지,히트텍,"목도리, 장갑, 핫팩"
24,24,눈,여,후드집업,후드티,롱스커트,없음,"부츠, 장갑"
24,19,눈,여,후드집업,맨투맨,슬랙스,없음,"부츠, 장갑"
4,3,맑음,남,코트,기모후드,기모바지,히트텍,"목도리, 장갑, 핫팩"
25,21,흐림,남,얇은 가디건,반팔,반바지,없음,"모자, 선글라스, 양산"
21,16,눈,남,자켓,맨투맨,슬랙스,없음,"부츠, 장갑"
-7,-5,눈,남,코트,기모후드,기모바지,히트텍,"목도리, 부츠, 장갑, 핫팩"
0,-5,비,여,코트,니트,기모치마,히트텍,"레인부츠, 목도리, 우산, 장갑, 핫팩"
7,6,흐림,남,롱패딩,니트,기모바지,히트텍,없음
9,10,흐림,남,롱패딩,기모후드,기모바지,히트텍,없음
17,19,비,남,후드집업,긴팔티,슬랙스,없음,"레인부츠, 우산"
24,23,흐림,남,자켓,맨투맨,청바지,없음,없음
8,10,흐림,남,롱패딩,히트텍,기모청바지,히트텍,없음
16,17,눈,여,가디건,후드티,슬랙스,얇은 이너,"부츠, 장갑"
15,12,흐림,여,가디건,긴팔티,슬랙스,얇은 이너,없음
3,-2,흐림,남,패딩,기모후드,기모바지,히트텍,"목도리, 장갑, 핫팩"
20,17,흐림,남,자켓,맨투맨,슬랙스,얇은 이너,없음
2,4,맑음,남,롱패딩,히트텍,기모청바지,히트텍,"목도리, 장갑, 핫팩"
-6,-4,맑음,남,패딩,니트,기모바지,히트텍,"목도리, 장갑, 핫팩"
13,8,비,여,가디건,긴팔티,청바지,얇은 이너,"레인부츠, 우산"
11,11,흐림,여,자켓,긴팔티,슬랙스,얇은 이너,없음
29,24,흐림,여,없음,민소매,반바지,없음,"모자, 선글라스, 양산"
7,4,흐림,여,패딩,히트텍,기모치마,히트텍,없음
-8,-11,흐림,남,코트,니트,기모청바지,히트텍,"목도리, 장갑, 핫팩"
7,6,흐림,남,코트,니트,기모바지,히트텍,없음
34,32,비,남,얇은 가디건,민소매,반바지,없음,"레인부츠, 모자, 선글라스, 양산, 우산"
0,1,눈,여,코트,기모후드,기모치마,히트텍,"목도리, 부츠, 장갑, 핫팩"
-5,-3,눈,남,롱패딩,니트,기모바지,히트텍,"목도리, 부츠, 장갑, 핫팩"
-3,-3,눈,남,패딩,니트,기모바지,히트텍,"목도리, 부츠, 장갑, 핫팩"
-9,-14,비,남,코트,니트,기모바지,히트텍,"레인부츠, 목도리, 우산, 장갑, 핫팩"
25,28,흐림,남,없음,민소매,면반바지,없음,"모자, 선글라스, 양산"
-4,-6,흐림,여,패딩,니트,기모치마,히트텍,"목도리, 장갑, 핫팩"
21,17,비,여,자켓,후드티,슬랙스,없음,"레인부츠, 우산"
1,-4,맑음,여,롱패딩,니트,기모치마,히트텍,"목도리, 장갑, 핫팩"
28,28,비,남,없음,민소매,면반바지,없음,"레인부츠, 모자, 선글라스, 양산, 우산"
20,20,비,여,자켓,긴팔티,슬랙스,없음,"레인부츠, 우산"
-4,-9,흐림,여,패딩,히트텍,기모레깅스,히트텍,"목도리, 장갑, 핫팩"
5,2,비,여,패딩,기모후드,기모치마,히트텍,"레인부츠, 목도리, 우산, 장갑, 핫팩"
10,13,비,여,후드집업,후드티,롱스커트,없음,"레인부츠, 우산"
-8,-10,비,여,패딩,히트텍,기모치마,히트텍,"레인부츠, 목도리, 우산, 장갑, 핫팩"
15,16,맑음,여,자켓,맨투맨,롱스커트,없음,없음
7,4,맑음,여,코트,니트,기모치마,히트텍,없음
13,15,맑음,여,가디건,긴팔티,청바지,얇은 이너,없음
1,3,비,여,롱패딩,히트텍,기모치마,히트텍,"레인부츠, 목도리, 우산, 장갑, 핫팩"
-7,-12,흐림,여,롱패딩,히트텍,기모레깅스,히트텍,"목도리, 장갑, 핫팩"
32,34,비,여,없음,민소매,반바지,없음,"레인부츠, 모자, 선글라스, 양산, 우산"
13,9,맑음,여,후드집업,후드티,롱스커트,얇은 이너,없음
27,26,눈,남,없음,민소매,반바지,없음,"모자, 부츠, 선글라스, 양산, 장갑"
32,33,맑음,여,없음,반팔,치마,없음,"모자, 선글라스, 양산"
3,0,흐림,남,롱패딩,히트텍,기모바지,히트텍,"목도리, 장갑, 핫팩"
31,30,흐림,남,얇은 가디건,반팔,면반바지,없음,"모자, 선글라스, 양산"
8,9,비,남,코트,니트,기모바지,히트텍,"레인부츠, 우산"
-3,-4,맑음,여,패딩,기모후드,기모치마,히트텍,"목도리, 장갑, 핫팩"
25,28,맑음,여,얇은 가디건,반팔,치마,없음,"모자, 선글라스, 양산"
31,33,비,남,얇은 가디건,반팔,반바지,없음,"레인부츠, 모자, 선글라스, 양산, 우산"
20,19,흐림,여,자켓,긴팔티,청바지,없음,없음
13,8,흐림,남,가디건,후드티,면바지,얇은 이너,없음
-4,-6,맑음,남,롱패딩,히트텍,기모청바지,히트텍,"목도리, 장갑, 핫팩"
18,16,비,여,가디건,맨투맨,청바지,없음,"레인부츠, 우산"
27,29,흐림,남,없음,반팔,면반바지,없음,"모자, 선글라스, 양산"
15,13,맑음,여,자켓,후드티,청바지,없음,없음
35,35,비,여,얇은 가디건,민소매,치마,없음,"레인부츠, 모자, 선글라스, 양산, 우산"
34,36,맑음,여,없음,민소매,반바지,없음,"모자, 선글라스, 양산"
20,17,맑음,남,자켓,맨투맨,슬랙스,없음,없음
11,9,눈,남,자켓,맨투맨,슬랙스,얇은 이너,"부츠, 장갑"
17,16,흐림,여,후드집업,맨투맨,롱스커트,없음,없음
28,26,눈,여,얇은 가디건,반팔,치마,없음,"모자, 부츠, 선글라스, 양산, 장갑"
3,-2,맑음,남,코트,기모후드,기모청바지,히트텍,"목도리, 장갑, 핫팩"
-10,-15,맑음,여,코트,히트텍,기모치마,히트텍,"목도리, 장갑, 핫팩"
35,30,눈,남,얇은 가디건,반팔,반바지,없음,"모자, 부츠, 선글라스, 양산, 장갑"
17,15,비,여,후드집업,긴팔티,롱스커트,없음,"레인부츠, 우산"
28,24,흐림,남,없음,반팔,반바지,없음,"모자, 선글라스, 양산"
11,12,눈,여,가디건,후드티,슬랙스,얇은 이너,"부츠, 장갑"
33,28,맑음,남,없음,민소매,반바지,없음,"모자, 선글라스, 양산"
-5,-3,눈,여,롱패딩,니트,기모레깅스,히트텍,"목도리, 부츠, 장갑, 핫팩"
27,27,비,여,얇은 가디건,민소매,치마,없음,"레인부츠, 모자, 선글라스, 양산, 우산"
27,26,맑음,여,얇은 가디건,반팔,반바지,없음,"모자, 선글라스, 양산"
12,10,눈,여,후드집업,맨투맨,롱스커트,없음,"부츠, 장갑"
5,0,흐림,남,롱패딩,기모후드,기모바지,히트텍,"목도리, 장갑, 핫팩"
15,14,눈,여,자켓,맨투맨,롱스커트,얇은 이너,"부츠, 장갑"
15,13,비,남,자켓,긴팔티,면바지,얇은 이너,"레인부츠, 우산"
10,13,눈,남,후드집업,후드티,청바지,없음,"부츠, 장갑"
10,10,눈,남,가디건,맨투맨,청바지,없음,"부츠, 장갑"
33,34,눈,여,얇은 가디건,반팔,반바지,없음,"모자, 부츠, 선글라스, 양산, 장갑"
-6,-11,맑음,남,패딩,기모후드,기모바지,히트텍,"목도리, 장갑, 핫팩"
24,24,눈,남,가디건,후드티,슬랙스,얇은 이너,"부츠, 장갑"
13,15,비,남,자켓,맨투맨,슬랙스,없음,"레인부츠, 우산"
1,1,눈,여,코트,히트텍,기모바지,히트텍,"목도리, 부츠, 장갑, 핫팩"
24,27,비,여,자켓,후드티,슬랙스,얇은 이너,"레인부츠, 우산"
13,13,비,여,자켓,후드티,청바지,얇은 이너,"레인부츠, 우산"
-3,-2,비,여,롱패딩,니트,기모바지,히트텍,"레인부츠, 목도리, 우산, 장갑, 핫팩"
-4,-4,눈,남,롱패딩,히트텍,기모청바지,히트텍,"목도리, 부츠, 장갑, 핫팩"
15,11,맑음,여,가디건,후드티,롱스커트,얇은 이너,없음
16,12,흐림,여,자켓,후드티,슬랙스,얇은 이너,없음
17,15,맑음,남,자켓,후드티,슬랙스,없음,없음
5,5,눈,남,롱패딩,히트텍,기모청바지,히트텍,"목도리, 부츠, 장갑, 핫팩"
12,10,맑음,남,후드집업,긴팔티,면바지,없음,없음
-8,-5,흐림,남,패딩,니트,기모바지,히트텍,"목도리, 장갑, 핫팩"
-7,-5,흐림,남,롱패딩,기모후드,기모바지,히트텍,"목도리, 장갑, 핫팩"
-7,-11,눈,남,롱패딩,기모후드,기모청바지,히트텍,"목도리, 부츠, 장갑, 핫팩"
-2,-2,맑음,남,패딩,니트,기모바지,히트텍,"목도리, 장갑, 핫팩"
29,32,흐림,여,얇은 가디건,반팔,반바지,없음,"모자, 선글라스, 양산"
13,9,눈,남,가디건,후드티,면바지,없음,"부츠, 장갑"
32,29,눈,남,얇은 가디건,반팔,반바지,없음,"모자, 부츠, 선글라스, 양산, 장갑"
9,11,눈,여,패딩,니트,기모바지,히트텍,"부츠, 장갑"
12,9,비,여,가디건,후드티,슬랙스,얇은 이너,"레인부츠, 우산"
24,27,맑음,여,자켓,긴팔티,슬랙스,얇은 이너,없음
5,1,맑음,남,롱패딩,니트,기모청바지,히트텍,"목도리, 장갑, 핫팩"
6,8,비,여,코트,니트,기모치마,히트텍,"레인부츠, 우산"
-6,-3,눈,남,롱패딩,히트텍,기모청바지,히트텍,"목도리, 부츠, 장갑, 핫팩"
-8,-10,눈,여,코트,니트,기모레깅스,히트텍,"목도리, 부츠, 장갑, 핫팩"
0,-2,눈,여,코트,기모후드,기모레깅스,히트텍,"목도리, 부츠, 장갑, 핫팩"
30,31,맑음,남,얇은 가디건,민소매,반바지,없음,"모자, 선글라스, 양산"
-7,-5,비,남,패딩,니트,기모바지,히트텍,"레인부츠, 목도리, 우산, 장갑, 핫팩"
16,15,눈,여,가디건,긴팔티,롱스커트,얇은 이너,"부츠, 장갑"
32,31,흐림,남,얇은 가디건,민소매,반바지,없음,"모자, 선글라스, 양산"
13,8,맑음,남,자켓,후드티,슬랙스,없음,없음
23,21,맑음,여,가디건,긴팔티,슬랙스,얇은 이너,없음
6,3,맑음,남,코트,기모후드,기모바지,히트텍,없음
31,26,흐림,여,없음,민소매,치마,없음,"모자, 선글라스, 양산"
19,18,흐림,여,후드집업,맨투맨,청바지,없음,없음
0,1,비,남,롱패딩,히트텍,기모바지,히트텍,"레인부츠, 목도리, 우산, 장갑, 핫팩"
-8,-8,비,남,패딩,기모후드,기모청바지,히트텍,"레인부츠, 목도리, 우산, 장갑, 핫팩"
2,-1,맑음,남,패딩,히트텍,기모청바지,히트텍,"목도리, 장갑, 핫팩"
12,7,흐림,남,자켓,맨투맨,면바지,얇은 이너,없음
-9,-11,비,남,코트,니트,기모청바지,히트텍,"레인부츠, 목도리, 우산, 장갑, 핫팩"
-1,-3,맑음,남,패딩,기모후드,기모바지,히트텍,"목도리, 장갑, 핫팩"
34,29,흐림,남,얇은 가디건,반팔,면반바지,없음,"모자, 선글라스, 양산"
0,3,비,남,롱패딩,기모후드,기모바지,히트텍,"레인부츠, 목도리, 우산, 장갑, 핫팩"
1,0,눈,여,패딩,기모후드,기모치마,히트텍,"목도리, 부츠, 장갑, 핫팩"
12,11,눈,여,자켓,맨투맨,청바지,얇은 이너,"부츠, 장갑"
-6,-7,비,남,패딩,니트,기모청바지,히트텍,"레인부츠, 목도리, 우산, 장갑, 핫팩"
15,11,맑음,남,후드집업,긴팔티,슬랙스,얇은 이너,없음
-7,-4,비,남,롱패딩,히트텍,기모청바지,히트텍,"레인부츠, 목도리, 우산, 장갑, 핫팩"
21,17,맑음,여,가디건,후드티,롱스커트,없음,없음
30,32,흐림,남,얇은 가디건,반팔,면반바지,없음,"모자, 선글라스, 양산"
14,12,맑음,여,자켓,후드티,롱스커트,없음,없음
0,3,눈,남,롱패딩,기모후드,기모바지,히트텍,"목도리, 부츠, 장갑, 핫팩"
24,27,비,남,자켓,긴팔티,슬랙스,없음,"레인부츠, 우산"
21,20,흐림,남,후드집업,긴팔티,슬랙스,얇은 이너,없음
12,11,비,남,가디건,맨투맨,면바지,얇은 이너,"레인부츠, 우산"
7,2,눈,남,패딩,니트,기모바지,히트텍,"부츠, 장갑"
25,26,눈,여,얇은 가디건,민소매,반바지,없음,"모자, 부츠, 선글라스, 양산, 장갑"
21,16,맑음,남,가디건,긴팔티,면바지,얇은 이너,없음
28,28,흐림,남,얇은 가디건,반팔,면반바지,없음,"모자, 선글라스, 양산"
11,9,맑음,남,후드집업,긴팔티,면바지,없음,없음
-9,-7,흐림,남,롱패딩,니트,기모바지,히트텍,"목도리, 장갑, 핫팩"
11,10,흐림,여,가디건,맨투맨,청바지,얇은 이너,없음
9,8,눈,남,패딩,기모후드,기모청바지,히트텍,"부츠, 장갑"
11,8,흐림,남,후드집업,후드티,면바지,없음,없음
2,1,맑음,여,롱패딩,니트,기모바지,히트텍,"목도리, 장갑, 핫팩"
-9,-9,맑음,여,패딩,기모후드,기모치마,히트텍,"목도리, 장갑, 핫팩"
28,25,눈,여,없음,반팔,치마,없음,"모자, 부츠, 선글라스, 양산, 장갑"
6,1,맑음,여,패딩,기모후드,기모바지,히트텍,없음
1,-4,흐림,여,패딩,니트,기모바지,히트텍,"목도리, 장갑, 핫팩"
15,13,눈,남,후드집업,긴팔티,슬랙스,없음,"부츠, 장갑"
17,13,눈,여,후드집업,맨투맨,청바지,없음,"부츠, 장갑"
24,20,맑음,남,후드집업,긴팔티,청바지,얇은 이너,없음
6,2,눈,남,롱패딩,기모후드,기모바지,히트텍,"부츠, 장갑"
3,4,비,남,롱패딩,히트텍,기모청바지,히트텍,"레인부츠, 목도리, 우산, 장갑, 핫팩"
20,23,흐림,여,후드집업,긴팔티,롱스커트,없음,없음
29,24,흐림,남,없음,민소매,면반바지,없음,"모자, 선글라스, 양산"
-8,-11,눈,남,롱패딩,니트,기모청바지,히트텍,"목도리, 부츠, 장갑, 핫팩"
-8,-6,비,여,코트,니트,기모바지,히트텍,"레인부츠, 목도리, 우산, 장갑, 핫팩"
-6,-10,눈,여,패딩,니트,기모바지,히트텍,"목도리, 부츠, 장갑, 핫팩"
28,26,비,여,얇은 가디건,반팔,반바지,없음,"레인부츠, 모자, 선글라스, 양산, 우산"
-3,-8,비,남,롱패딩,니트,기모바지,히트텍,"레인부츠, 목도리, 우산, 장갑, 핫팩"
34,31,흐림,남,얇은 가디건,민소매,반바지,없음,"모자, 선글라스, 양산"
28,30,흐림,여,없음,민소매,반바지,없음,"모자, 선글라스, 양산"
18,14,눈,여,자켓,긴팔티,슬랙스,없음,"부츠, 장갑"
-10,-13,맑음,남,코트,니트,기모청바지,히트텍,"목도리, 장갑, 핫팩"
18,14,눈,남,후드집업,후드티,청바지,없음,"부츠, 장갑"
-10,-11,눈,여,패딩,니트,기모레깅스,히트텍,"목도리, 부츠, 장갑, 핫팩"
11,9,비,남,후드집업,후드티,청바지,없음,"레인부츠, 우산"
29,30,맑음,남,얇은 가디건,반팔,반바지,없음,"모자, 선글라스, 양산"
28,26,비,여,없음,반팔,반바지,없음,"레인부츠, 모자, 선글라스, 양산, 우산"
10,5,맑음,여,자켓,맨투맨,롱스커트,없음,없음
-5,-7,맑음,남,코트,기모후드,기모바지,히트텍,"목도리, 장갑, 핫팩"
12,12,비,남,가디건,긴팔티,슬랙스,없음,"레인부츠, 우산"
4,6,맑음,여,패딩,히트텍,기모바지,히트텍,"목도리, 장갑, 핫팩"
6,8,흐림,남,패딩,기모후드,기모바지,히트텍,없음
17,16,눈,남,후드집업,후드티,면바지,얇은 이너,"부츠, 장갑"
12,11,비,남,후드집업,긴팔티,청바지,없음,"레인부츠, 우산"
6,4,비,남,패딩,니트,기모청바지,히트텍,"레인부츠, 우산"
3,5,맑음,여,롱패딩,니트,기모바지,히트텍,"목도리, 장갑, 핫팩"
-3,-7,흐림,여,롱패딩,히트텍,기모바지,히트텍,"목도리, 장갑, 핫팩"
9,12,눈,남,패딩,니트,기모바지,히트텍,"부츠, 장갑"
-7,-10,비,여,롱패딩,니트,기모레깅스,히트텍,"레인부츠, 목도리, 우산, 장갑, 핫팩"
34,36,비,여,얇은 가디건,반팔,반바지,없음,"레인부츠, 모자, 선글라스, 양산, 우산"
-3,-1,비,남,롱패딩,히트텍,기모청바지,히트텍,"레인부츠, 목도리, 우산, 장갑, 핫팩"
28,29,비,남,얇은 가디건,민소매,면반바지,없음,"레인부츠, 모자, 선글라스, 양산, 우산"
12,10,비,여,자켓,후드티,슬랙스,얇은 이너,"레인부츠, 우산"
1,0,비,여,패딩,니트,기모바지,히트텍,"레인부츠, 목도리, 우산, 장갑, 핫팩"
-1,-1,흐림,여,코트,기모후드,기모레깅스,히트텍,"목도리, 장갑, 핫팩"
22,19,비,남,후드집업,긴팔티,청바지,얇은 이너,"레인부츠, 우산"
34,37,흐림,남,얇은 가디건,반팔,반바지,없음,"모자, 선글라스, 양산"
34,35,흐림,남,없음,반팔,면반바지,없음,"모자, 선글라스, 양산"
25,22,흐림,남,얇은 가디건,민소매,면반바지,없음,"모자, 선글라스, 양산"
16,13,눈,여,가디건,긴팔티,슬랙스,없음,"부츠, 장갑"
12,10,맑음,남,가디건,맨투맨,슬랙스,없음,없음
-10,-9,흐림,남,패딩,니트,기모바지,히트텍,"목도리, 장갑, 핫팩"
-6,-10,맑음,남,롱패딩,니트,기모청바지,히트텍,"목도리, 장갑, 핫팩"
20,21,흐림,여,가디건,후드티,슬랙스,얇은 이너,없음
8,6,비,남,패딩,기모후드,기모바지,히트텍,"레인부츠, 우산"
25,21,맑음,여,얇은 가디건,민소매,반바지,없음,"모자, 선글라스, 양산"
21,20,비,여,자켓,맨투맨,롱스커트,없음,"레인부츠, 우산"
21,24,눈,남,자켓,맨투맨,면바지,얇은 이너,"부츠, 장갑"
32,34,맑음,남,얇은 가디건,반팔,반바지,없음,"모자, 선글라스, 양산"
26,26,눈,남,없음,반팔,반바지,없음,"모자, 부츠, 선글라스, 양산, 장갑"
6,5,눈,여,코트,히트텍,기모바지,히트텍,"부츠, 장갑"
2,-2,맑음,남,코트,니트,기모청바지,히트텍,"목도리, 장갑, 핫팩"
31,27,눈,남,없음,반팔,면반바지,없음,"모자, 부츠, 선글라스, 양산, 장갑"
12,13,맑음,여,후드집업,긴팔티,롱스커트,얇은 이너,없음
6,9,눈,남,패딩,히트텍,기모청바지,히트텍,"부츠, 장갑"
15,11,흐림,여,후드집업,후드티,청바지,없음,없음
8,5,맑음,남,패딩,니트,기모청바지,히트텍,없음
16,14,맑음,남,자켓,후드티,면바지,없음,없음
17,14,맑음,남,후드집업,맨투맨,면바지,얇은 이너,없음
32,28,비,여,없음,민소매,치마,없음,"레인부츠, 모자, 선글라스, 양산, 우산"
1,1,맑음,남,코트,히트텍,기모청바지,히트텍,"목도리, 장갑, 핫팩"
23,18,흐림,남,자켓,맨투맨,청바지,없음,없음
30,26,눈,여,없음,민소매,반바지,없음,"모자, 부츠, 선글라스, 양산, 장갑"
24,27,비,남,가디건,후드티,청바지,얇은 이너,"레인부츠, 우산"
-6,-3,비,남,코트,니트,기모청바지,히트텍,"레인부츠, 목도리, 우산, 장갑, 핫팩"
16,17,비,여,가디건,긴팔티,롱스커트,얇은 이너,"레인부츠, 우산"
0,3,맑음,여,코트,니트,기모치마,히트텍,"목도리, 장갑, 핫팩"
32,28,맑음,여,얇은 가디건,반팔,치마,없음,"모자, 선글라스, 양산"
15,13,흐림,남,후드집업,긴팔티,청바지,얇은 이너,없음
-2,-2,흐림,남,코트,니트,기모청바지,히트텍,"목도리, 장갑, 핫팩"
27,26,비,여,없음,반팔,반바지,없음,"레인부츠, 모자, 선글라스, 양산, 우산"
33,32,비,남,얇은 가디건,민소매,면반바지,없음,"레인부츠, 모자, 선글라스, 양산, 우산"
2,-2,흐림,남,패딩,히트텍,기모바지,히트텍,"목도리, 장갑, 핫팩"
3,6,맑음,남,롱패딩,기모후드,기모바지,히트텍,"목도리, 장갑, 핫팩"
20,20,비,남,자켓,후드티,면바지,얇은 이너,"레인부츠, 우산"
16,12,흐림,여,가디건,맨투맨,청바지,없음,없음
28,25,눈,여,없음,민소매,치마,없음,"모자, 부츠, 선글라스, 양산, 장갑"
26,24,눈,여,없음,민소매,치마,없음,"모자, 부츠, 선글라스, 양산, 장갑"
-1,2,맑음,남,코트,기모후드,기모바지,히트텍,"목도리, 장갑, 핫팩"
35,35,맑음,여,없음,반팔,반바지,없음,"모자, 선글라스, 양산"
13,16,눈,여,후드집업,후드티,슬랙스,없음,"부츠, 장갑"
11,10,비,남,후드집업,긴팔티,청바지,없음,"레인부츠, 우산"
10,7,흐림,여,자켓,긴팔티,롱스커트,얇은 이너,없음
12,14,비,남,자켓,맨투맨,면바지,없음,"레인부츠, 우산"
2,5,비,남,패딩,니트,기모청바지,히트텍,"레인부츠, 목도리, 우산, 장갑, 핫팩"
-6,-11,흐림,여,코트,히트텍,기모레깅스,히트텍,"목도리, 장갑, 핫팩"
32,28,흐림,여,없음,반팔,반바지,없음,"모자, 선글라스, 양산"
12,7,흐림,여,가디건,맨투맨,슬랙스,없음,없음
5,5,비,남,롱패딩,기모후드,기모바지,히트텍,"레인부츠, 목도리, 우산, 장갑, 핫팩"
-1,2,눈,남,패딩,니트,기모바지,히트텍,"목도리, 부츠, 장갑, 핫팩"
31,30,눈,남,없음,반팔,면반바지,없음,"모자, 부츠, 선글라스, 양산, 장갑"
-3,0,눈,남,패딩,히트텍,기모바지,히트텍,"목도리, 부츠, 장갑, 핫팩"
3,1,맑음,여,롱패딩,기모후드,기모바지,히트텍,"목도리, 장갑, 핫팩"
29,25,비,남,없음,민소매,반바지,없음,"레인부츠, 모자, 선글라스, 양산, 우산"
16,17,맑음,여,후드집업,맨투맨,슬랙스,없음,없음
15,11,맑음,여,가디건,후드티,슬랙스,얇은 이너,없음
-2,-6,비,여,패딩,기모후드,기모치마,히트텍,"레인부츠, 목도리, 우산, 장갑, 핫팩"
6,4,맑음,여,코트,히트텍,기모레깅스,히트텍,없음
3,0,비,남,패딩,니트,기모바지,히트텍,"레인부츠, 목도리, 우산, 장갑, 핫팩"
-1,-6,흐림,여,패딩,니트,기모레깅스,히트텍,"목도리, 장갑, 핫팩"
10,13,비,여,후드집업,긴팔티,청바지,얇은 이너,"레인부츠, 우산"
32,33,맑음,여,없음,민소매,반바지,없음,"모자, 선글라스, 양산"
2,4,눈,여,패딩,기모후드,기모레깅스,히트텍,"목도리, 부츠, 장갑, 핫팩"
28,25,눈,남,없음,민소매,면반바지,없음,"모자, 부츠, 선글라스, 양산, 장갑"
31,33,눈,남,없음,민소매,면반바지,없음,"모자, 부츠, 선글라스, 양산, 장갑"
22,21,눈,여,후드집업,긴팔티,청바지,없음,"부츠, 장갑"
23,19,비,남,가디건,맨투맨,슬랙스,얇은 이너,"레인부츠, 우산"
0,-1,눈,여,패딩,히트텍,기모치마,히트텍,"목도리, 부츠, 장갑, 핫팩"
16,19,비,여,자켓,긴팔티,슬랙스,없음,"레인부츠, 우산"
-3,-8,흐림,남,롱패딩,기모후드,기모바지,히트텍,"목도리, 장갑, 핫팩"
7,2,비,남,롱패딩,히트텍,기모청바지,히트텍,"레인부츠, 우산"
3,1,눈,남,롱패딩,히트텍,기모바지,히트텍,"목도리, 부츠, 장갑, 핫팩"
29,27,맑음,남,얇은 가디건,반팔,면반바지,없음,"모자, 선글라스, 양산"
-9,-11,눈,남,패딩,기모후드,기모바지,히트텍,"목도리, 부츠, 장갑, 핫팩"
-2,-6,눈,남,패딩,히트텍,기모바지,히트텍,"목도리, 부츠, 장갑, 핫팩"
6,5,흐림,여,패딩,히트텍,기모치마,히트텍,없음
7,3,비,여,패딩,기모후드,기모치마,히트텍,"레인부츠, 우산"
3,5,흐림,남,코트,기모후드,기모청바지,히트텍,"목도리, 장갑, 핫팩"
32,27,흐림,여,없음,민소매,치마,없음,"모자, 선글라스, 양산"
4,-1,흐림,남,코트,히트텍,기모바지,히트텍,"목도리, 장갑, 핫팩"
2,3,흐림,여,코트,기모후드,기모치마,히트텍,"목도리, 장갑, 핫팩"
18,17,맑음,남,자켓,후드티,면바지,없음,없음
-6,-9,눈,남,패딩,니트,기모바지,히트텍,"목도리, 부츠, 장갑, 핫팩"
4,-1,눈,여,코트,히트텍,기모바지,히트텍,"목도리, 부츠, 장갑, 핫팩"
-2,-4,비,여,코트,니트,기모치마,히트텍,"레인부츠, 목도리, 우산, 장갑, 핫팩"
12,8,맑음,여,자켓,긴팔티,청바지,없음,없음
23,18,비,여,자켓,후드티,청바지,얇은 이너,"레인부츠, 우산"
24,25,흐림,남,자켓,맨투맨,청바지,얇은 이너,없음
19,18,흐림,여,후드집업,후드티,슬랙스,얇은 이너,없음
15,11,맑음,남,자켓,맨투맨,슬랙스,없음,없음
-6,-6,비,남,코트,니트,기모청바지,히트텍,"레인부츠, 목도리, 우산, 장갑, 핫팩"
31,26,비,여,없음,민소매,반바지,없음,"레인부츠, 모자, 선글라스, 양산, 우산"
7,10,비,여,롱패딩,히트텍,기모레깅스,히트텍,"레인부츠, 우산"
0,-1,비,남,패딩,니트,기모청바지,히트텍,"레인부츠, 목도리, 우산, 장갑, 핫팩"
29,25,눈,남,없음,민소매,반바지,없음,"모자, 부츠, 선글라스, 양산, 장갑"
23,21,흐림,남,자켓,긴팔티,청바지,얇은 이너,없음
27,29,흐림,여,없음,민소매,치마,없음,"모자, 선글라스, 양산"
28,30,눈,여,없음,민소매,치마,없음,"모자, 부츠, 선글라스, 양산, 장갑"
20,15,눈,남,가디건,맨투맨,면바지,없음,"부츠, 장갑"
-4,-1,맑음,남,롱패딩,니트,기모바지,히트텍,"목도리, 장갑, 핫팩"
15,17,맑음,여,자켓,맨투맨,슬랙스,없음,없음
-10,-9,맑음,남,코트,니트,기모바지,히트텍,"목도리, 장갑, 핫팩"
1,-2,맑음,남,롱패딩,히트텍,기모청바지,히트텍,"목도리, 장갑, 핫팩"
7,10,흐림,여,패딩,니트,기모바지,히트텍,없음
-5,-10,맑음,남,코트,히트텍,기모바지,히트텍,"목도리, 장갑, 핫팩"
5,2,비,남,롱패딩,니트,기모청바지,히트텍,"레인부츠, 목도리, 우산, 장갑, 핫팩"
29,28,눈,남,없음,반팔,반바지,없음,"모자, 부츠, 선글라스, 양산, 장갑"
-4,-1,맑음,여,패딩,히트텍,기모치마,히트텍,"목도리, 장갑, 핫팩"
4,5,비,여,패딩,니트,기모바지,히트텍,"레인부츠, 목도리, 우산, 장갑, 핫팩"
9,4,눈,여,롱패딩,히트텍,기모레깅스,히트텍,"부츠, 장갑"
16,13,눈,남,가디건,후드티,슬랙스,얇은 이너,"부츠, 장갑"
24,26,눈,여,자켓,후드티,청바지,얇은 이너,"부츠, 장갑"
27,30,눈,남,없음,민소매,반바지,없음,"모자, 부츠, 선글라스, 양산, 장갑"
-3,0,맑음,여,코트,히트텍,기모레깅스,히트텍,"목도리, 장갑, 핫팩"
21,21,비,남,후드집업,후드티,면바지,없음,"레인부츠, 우산"
7,5,맑음,남,롱패딩,기모후드,기모청바지,히트텍,없음
5,8,맑음,여,코트,니트,기모레깅스,히트텍,"목도리, 장갑, 핫팩"
3,3,맑음,여,코트,기모후드,기모레깅스,히트텍,"목도리, 장갑, 핫팩"
25,21,흐림,여,얇은 가디건,반팔,치마,없음,"모자, 선글라스, 양산"
30,31,흐림,남,없음,반팔,면반바지,없음,"모자, 선글라스, 양산"
8,4,맑음,여,패딩,니트,기모바지,히트텍,없음
2,5,맑음,여,코트,기모후드,기모치마,히트텍,"목도리, 장갑, 핫팩"
14,9,흐림,남,자켓,후드티,슬랙스,없음,없음
-7,-5,비,여,롱패딩,니트,기모레깅스,히트텍,"레인부츠, 목도리, 우산, 장갑, 핫팩"
19,18,흐림,남,가디건,후드티,청바지,없음,없음
-1,-2,흐림,남,패딩,니트,기모바지,히트텍,"목도리, 장갑, 핫팩"
-2,-2,맑음,남,코트,히트텍,기모바지,히트텍,"목도리, 장갑, 핫팩"
-1,-2,맑음,남,코트,기모후드,기모청바지,히트텍,"목도리, 장갑, 핫팩"
6,5,흐림,남,패딩,니트,기모청바지,히트텍,없음
21,20,눈,남,후드집업,맨투맨,청바지,얇은 이너,"부츠, 장갑"
25,26,눈,여,없음,반팔,반바지,없음,"모자, 부츠, 선글라스, 양산, 장갑"
25,22,눈,남,없음,반팔,면반바지,없음,"모자, 부츠, 선글라스, 양산, 장갑"
29,32,눈,여,없음,반팔,반바지,없음,"모자, 부츠, 선글라스, 양산, 장갑"
19,16,맑음,남,가디건,긴팔티,면바지,없음,없음
25,28,눈,남,얇은 가디건,민소매,면반바지,없음,"모자, 부츠, 선글라스, 양산, 장갑"
6,9,눈,남,롱패딩,기모후드,기모청바지,히트텍,"부츠, 장갑"
19,17,흐림,남,후드집업,후드티,슬랙스,얇은 이너,없음
5,2,맑음,여,패딩,니트,기모레깅스,히트텍,"목도리, 장갑, 핫팩"
-4,-8,비,남,패딩,히트텍,기모바지,히트텍,"레인부츠, 목도리, 우산, 장갑, 핫팩"
32,31,맑음,남,없음,민소매,반바지,없음,"모자, 선글라스, 양산"
9,6,비,남,패딩,니트,기모청바지,히트텍,"레인부츠, 우산"
30,33,흐림,남,얇은 가디건,반팔,반바지,없음,"모자, 선글라스, 양산"
-3,-1,비,여,롱패딩,기모후드,기모레깅스,히트텍,"레인부츠, 목도리, 우산, 장갑, 핫팩"
23,19,맑음,남,가디건,후드티,면바지,얇은 이너,없음
4,1,흐림,남,롱패딩,기모후드,기모청바지,히트텍,"목도리, 장갑, 핫팩"
12,9,맑음,남,가디건,긴팔티,청바지,없음,없음
18,16,눈,남,후드집업,긴팔티,청바지,없음,"부츠, 장갑"
-2,-5,눈,남,코트,히트텍,기모바지,히트텍,"목도리, 부츠, 장갑, 핫팩"
31,30,비,남,없음,반팔,반바지,없음,"레인부츠, 모자, 선글라스, 양산, 우산"
-5,-4,흐림,남,코트,기모후드,기모바지,히트텍,"목도리, 장갑, 핫팩"
14,10,흐림,여,자켓,후드티,청바지,얇은 이너,없음
17,19,흐림,남,가디건,후드티,슬랙스,얇은 이너,없음
32,28,흐림,여,없음,반팔,치마,없음,"모자, 선글라스, 양산"
-6,-4,맑음,남,패딩,기모후드,기모청바지,히트텍,"목도리, 장갑, 핫팩"
10,6,흐림,남,후드집업,맨투맨,슬랙스,없음,없음
2,3,맑음,여,패딩,히트텍,기모레깅스,히트텍,"목도리, 장갑, 핫팩"
10,7,비,남,자켓,후드티,면바지,얇은 이너,"레인부츠, 우산"
-2,-2,비,남,패딩,히트텍,기모청바지,히트텍,"레인부츠, 목도리, 우산, 장갑, 핫팩"
26,21,눈,남,없음,반팔,반바지,없음,"모자, 부츠, 선글라스, 양산, 장갑"
12,10,눈,남,후드집업,맨투맨,슬랙스,없음,"부츠, 장갑"
34,30,흐림,남,얇은 가디건,반팔,반바지,없음,"모자, 선글라스, 양산"
31,34,눈,남,얇은 가디건,반팔,면반바지,없음,"모자, 부츠, 선글라스, 양산, 장갑"
24,20,비,여,후드집업,긴팔티,슬랙스,없음,"레인부츠, 우산"
1,-1,맑음,남,롱패딩,니트,기모바지,히트텍,"목도리, 장갑, 핫팩"
32,33,비,여,얇은 가디건,민소매,치마,없음,"레인부츠, 모자, 선글라스, 양산, 우산"
20,17,비,여,가디건,후드티,청바지,얇은 이너,"레인부츠, 우산"
32,29,맑음,여,얇은 가디건,반팔,치마,없음,"모자, 선글라스, 양산"
-10,-14,흐림,여,코트,니트,기모치마,히트텍,"목도리, 장갑, 핫팩"
25,25,눈,여,얇은 가디건,반팔,반바지,없음,"모자, 부츠, 선글라스, 양산, 장갑"
29,32,흐림,남,없음,민소매,면반바지,없음,"모자, 선글라스, 양산"
24,22,맑음,남,후드집업,긴팔티,면바지,얇은 이너,없음
2,-2,비,남,롱패딩,니트,기모청바지,히트텍,"레인부츠, 목도리, 우산, 장갑, 핫팩"
-9,-11,비,여,패딩,히트텍,기모바지,히트텍,"레인부츠, 목도리, 우산, 장갑, 핫팩"
4,4,맑음,여,코트,니트,기모치마,히트텍,"목도리, 장갑, 핫팩"
32,27,흐림,남,없음,반팔,반바지,없음,"모자, 선글라스, 양산"
5,5,비,남,코트,히트텍,기모바지,히트텍,"레인부츠, 목도리, 우산, 장갑, 핫팩"
11,11,눈,여,가디건,긴팔티,청바지,없음,"부츠, 장갑"
9,6,눈,남,패딩,히트텍,기모바지,히트텍,"부츠, 장갑"
24,20,맑음,여,후드집업,긴팔티,롱스커트,얇은 이너,없음
-10,-13,비,남,롱패딩,히트텍,기모청바지,히트텍,"레인부츠, 목도리, 우산, 장갑, 핫팩"
11,8,눈,여,자켓,맨투맨,롱스커트,없음,"부츠, 장갑"
6,2,흐림,여,패딩,기모후드,기모레깅스,히트텍,없음
24,21,눈,남,후드집업,맨투맨,청바지,얇은 이너,"부츠, 장갑"
-9,-7,눈,여,코트,기모후드,기모레깅스,히트텍,"목도리, 부츠, 장갑, 핫팩"
12,7,흐림,여,가디건,후드티,청바지,얇은 이너,없음
30,29,비,남,없음,민소매,면반바지,없음,"레인부츠, 모자, 선글라스, 양산, 우산"
8,9,흐림,남,코트,니트,기모바지,히트텍,없음
17,20,비,남,후드집업,긴팔티,청바지,없음,"레인부츠, 우산"
9,7,흐림,남,패딩,니트,기모청바지,히트텍,없음
15,12,흐림,여,후드집업,긴팔티,슬랙스,없음,없음
14,10,눈,여,가디건,맨투맨,롱스커트,없음,"부츠, 장갑"
17,16,맑음,여,후드집업,후드티,청바지,얇은 이너,없음
23,24,맑음,남,자켓,후드티,슬랙스,없음,없음
15,14,눈,여,자켓,후드티,슬랙스,없음,"부츠, 장갑"
-8,-9,맑음,여,코트,기모후드,기모바지,히트텍,"목도리, 장갑, 핫팩"
6,5,흐림,남,패딩,기모후드,기모바지,히트텍,없음
32,30,흐림,여,얇은 가디건,반팔,치마,없음,"모자, 선글라스, 양산"
32,29,맑음,남,없음,반팔,면반바지,없음,"모자, 선글라스, 양산"
32,35,눈,남,없음,민소매,반바지,없음,"모자, 부츠, 선글라스, 양산, 장갑"
23,19,맑음,여,후드집업,맨투맨,롱스커트,얇은 이너,없음
22,24,눈,여,후드집업,후드티,롱스커트,얇은 이너,"부츠, 장갑"
23,23,비,남,자켓,긴팔티,청바지,얇은 이너,"레인부츠, 우산"
34,31,비,남,없음,반팔,반바지,없음,"레인부츠, 모자, 선글라스, 양산, 우산"
18,19,흐림,남,자켓,긴팔티,면바지,얇은 이너,없음
-7,-12,눈,여,코트,니트,기모바지,히트텍,"목도리, 부츠, 장갑, 핫팩"
3,4,흐림,남,롱패딩,기모후드,기모바지,히트텍,"목도리, 장갑, 핫팩"
4,4,비,여,롱패딩,히트텍,기모치마,히트텍,"레인부츠, 목도리, 우산, 장갑, 핫팩"
22,17,비,남,가디건,긴팔티,면바지,얇은 이너,"레인부츠, 우산"
13,14,비,남,가디건,긴팔티,면바지,얇은 이너,"레인부츠, 우산"
6,2,흐림,남,코트,기모후드,기모바지,히트텍,없음
34,36,흐림,남,얇은 가디건,반팔,면반바지,없음,"모자, 선글라스, 양산"
5,1,흐림,여,롱패딩,니트,기모레깅스,히트텍,"목도리, 장갑, 핫팩"
31,26,눈,여,없음,반팔,치마,없음,"모자, 부츠, 선글라스, 양산, 장갑"
9,9,비,남,패딩,히트텍,기모바지,히트텍,"레인부츠, 우산"
33,32,눈,남,얇은 가디건,반팔,반바지,없음,"모자, 부츠, 선글라스, 양산, 장갑"
5,1,흐림,남,롱패딩,히트텍,기모바지,히트텍,"목도리, 장갑, 핫팩"
19,21,맑음,여,후드집업,맨투맨,청바지,없음,없음
-1,-4,눈,남,롱패딩,니트,기모바지,히트텍,"목도리, 부츠, 장갑, 핫팩"
-3,-4,비,남,코트,히트텍,기모청바지,히트텍,"레인부츠, 목도리, 우산, 장갑, 핫팩"
9,11,눈,여,패딩,니트,기모치마,히트텍,"부츠, 장갑"
-9,-11,맑음,남,패딩,히트텍,기모청바지,히트텍,"목도리, 장갑, 핫팩"
33,29,비,여,얇은 가디건,반팔,반바지,없음,"레인부츠, 모자, 선글라스, 양산, 우산"
4,-1,비,남,패딩,니트,기모바지,히트텍,"레인부츠, 목도리, 우산, 장갑, 핫팩"
5,6,눈,여,롱패딩,기모후드,기모바지,히트텍,"목도리, 부츠, 장갑, 핫팩"
27,30,눈,여,얇은 가디건,민소매,치마,없음,"모자, 부츠, 선글라스, 양산, 장갑"
13,12,비,여,가디건,맨투맨,슬랙스,얇은 이너,"레인부츠, 우산"
-6,-7,비,여,패딩,히트텍,기모치마,히트텍,"레인부츠, 목도리, 우산, 장갑, 핫팩"
-9,-10,눈,여,코트,니트,기모치마,히트텍,"목도리, 부츠, 장갑, 핫팩"
4,7,비,여,롱패딩,기모후드,기모바지,히트텍,"레인부츠, 목도리, 우산, 장갑, 핫팩"
15,13,눈,남,후드집업,맨투맨,면바지,얇은 이너,"부츠, 장갑"
28,28,눈,남,없음,민소매,반바지,없음,"모자, 부츠, 선글라스, 양산, 장갑"
-5,-2,흐림,여,패딩,니트,기모레깅스,히트텍,"목도리, 장갑, 핫팩"
14,13,흐림,남,가디건,긴팔티,슬랙스,없음,없음
-10,-15,맑음,남,코트,니트,기모바지,히트텍,"목도리, 장갑, 핫팩"
17,12,맑음,여,후드집업,긴팔티,슬랙스,없음,없음
26,22,흐림,남,얇은 가디건,민소매,반바지,없음,"모자, 선글라스, 양산"
17,13,흐림,남,가디건,맨투맨,슬랙스,없음,없음
9,10,눈,여,패딩,히트텍,기모바지,히트텍,"부츠, 장갑"
-3,0,눈,남,패딩,기모후드,기모바지,히트텍,"목도리, 부츠, 장갑, 핫팩"
4,6,흐림,여,롱패딩,니트,기모치마,히트텍,"목도리, 장갑, 핫팩"
22,19,비,여,가디건,긴팔티,롱스커트,없음,"레인부츠, 우산"
24,23,비,여,후드집업,맨투맨,슬랙스,없음,"레인부츠, 우산"
-3,-2,비,여,패딩,니트,기모레깅스,히트텍,"레인부츠, 목도리, 우산, 장갑, 핫팩"
30,27,비,남,얇은 가디건,민소매,반바지,없음,"레인부츠, 모자, 선글라스, 양산, 우산"
18,18,맑음,여,자켓,긴팔티,롱스커트,얇은 이너,없음
34,32,맑음,여,없음,반팔,반바지,없음,"모자, 선글라스, 양산"
-2,-7,비,여,롱패딩,기모후드,기모바지,히트텍,"레인부츠, 목도리, 우산, 장갑, 핫팩"
11,12,눈,남,가디건,긴팔티,면바지,없음,"부츠, 장갑"
7,5,맑음,남,롱패딩,기모후드,기모청바지,히트텍,없음
21,20,눈,남,가디건,후드티,슬랙스,없음,"부츠, 장갑"
24,23,눈,남,자켓,후드티,면바지,얇은 이너,"부츠, 장갑"
7,10,흐림,여,코트,기모후드,기모치마,히트텍,없음
26,29,눈,남,없음,민소매,반바지,없음,"모자, 부츠, 선글라스, 양산, 장갑"
30,29,비,남,얇은 가디건,민소매,반바지,없음,"레인부츠, 모자, 선글라스, 양산, 우산"
-9,-12,맑음,남,코트,니트,기모바지,히트텍,"목도리, 장갑, 핫팩"
32,29,눈,남,얇은 가디건,반팔,반바지,없음,"모자, 부츠, 선글라스, 양산, 장갑"
17,15,흐림,남,가디건,후드티,슬랙스,없음,없음
-2,-4,비,남,롱패딩,기모후드,기모청바지,히트텍,"레인부츠, 목도리, 우산, 장갑, 핫팩"
9,9,맑음,남,롱패딩,기모후드,기모청바지,히트텍,없음
22,24,비,남,가디건,후드티,면바지,얇은 이너,"레인부츠, 우산"
2,0,비,여,패딩,니트,기모레깅스,히트텍,"레인부츠, 목도리, 우산, 장갑, 핫팩"
-6,-10,눈,여,패딩,기모후드,기모레깅스,히트텍,"목도리, 부츠, 장갑, 핫팩"
23,26,흐림,여,후드집업,긴팔티,롱스커트,없음,없음
-8,-11,흐림,여,롱패딩,니트,기모치마,히트텍,"목도리, 장갑, 핫팩"
-3,-6,흐림,여,코트,기모후드,기모바지,히트텍,"목도리, 장갑, 핫팩"
9,12,비,남,롱패딩,히트텍,기모청바지,히트텍,"레인부츠, 우산"
-2,-2,눈,남,롱패딩,히트텍,기모청바지,히트텍,"목도리, 부츠, 장갑, 핫팩"
12,9,맑음,남,가디건,후드티,슬랙스,얇은 이너,없음
5,8,눈,여,롱패딩,니트,기모치마,히트텍,"목도리, 부츠, 장갑, 핫팩"
-8,-9,맑음,남,롱패딩,기모후드,기모청바지,히트텍,"목도리, 장갑, 핫팩"
15,14,맑음,남,후드집업,후드티,청바지,얇은 이너,없음
-5,-4,비,여,롱패딩,기모후드,기모레깅스,히트텍,"레인부츠, 목도리, 우산, 장갑, 핫팩"
33,35,맑음,여,얇은 가디건,민소매,치마,없음,"모자, 선글라스, 양산"
19,22,비,여,자켓,긴팔티,슬랙스,없음,"레인부츠, 우산"
21,21,맑음,남,가디건,긴팔티,슬랙스,없음,없음
-3,-6,눈,남,롱패딩,기모후드,기모청바지,히트텍,"목도리, 부츠, 장갑, 핫팩"
11,14,비,남,후드집업,후드티,면바지,없음,"레인부츠, 우산"
10,9,눈,여,자켓,맨투맨,청바지,얇은 이너,"부츠, 장갑"
32,32,눈,남,없음,반팔,면반바지,없음,"모자, 부츠, 선글라스, 양산, 장갑"
-7,-11,맑음,남,코트,히트텍,기모청바지,히트텍,"목도리, 장갑, 핫팩"
20,21,흐림,남,가디건,후드티,슬랙스,얇은 이너,없음
19,21,맑음,여,후드집업,긴팔티,청바지,없음,없음
10,12,맑음,남,자켓,후드티,슬랙스,없음,없음
35,33,눈,남,없음,반팔,면반바지,없음,"모자, 부츠, 선글라스, 양산, 장갑"
28,29,비,여,없음,반팔,반바지,없음,"레인부츠, 모자, 선글라스, 양산, 우산"
21,16,눈,남,후드집업,후드티,슬랙스,얇은 이너,"부츠, 장갑"
-9,-9,눈,남,패딩,히트텍,기모청바지,히트텍,"목도리, 부츠, 장갑, 핫팩"
-1,-5,눈,여,코트,니트,기모바지,히트텍,"목도리, 부츠, 장갑, 핫팩"
6,4,맑음,남,코트,히트텍,기모청바지,히트텍,없음
25,23,맑음,남,얇은 가디건,민소매,반바지,없음,"모자, 선글라스, 양산"
0,-3,맑음,여,패딩,기모후드,기모바지,히트텍,"목도리, 장갑, 핫팩"
33,34,맑음,남,얇은 가디건,민소매,반바지,없음,"모자, 선글라스, 양산"
1,-3,비,여,코트,기모후드,기모레깅스,히트텍,"레인부츠, 목도리, 우산, 장갑, 핫팩"
17,19,맑음,여,가디건,후드티,슬랙스,얇은 이너,없음
34,37,비,여,없음,반팔,치마,없음,"레인부츠, 모자, 선글라스, 양산, 우산"
35,35,비,남,없음,반팔,반바지,없음,"레인부츠, 모자, 선글라스, 양산, 우산"
21,18,흐림,남,자켓,맨투맨,슬랙스,얇은 이너,없음
-4,-4,맑음,여,패딩,니트,기모레깅스,히트텍,"목도리, 장갑, 핫팩"
28,25,눈,남,없음,반팔,면반바지,없음,"모자, 부츠, 선글라스, 양산, 장갑"
29,29,눈,여,없음,반팔,치마,없음,"모자, 부츠, 선글라스, 양산, 장갑"
27,26,흐림,여,없음,반팔,반바지,없음,"모자, 선글라스, 양산"
-9,-9,맑음,남,패딩,기모후드,기모청바지,히트텍,"목도리, 장갑, 핫팩"
5,6,비,여,롱패딩,기모후드,기모레깅스,히트텍,"레인부츠, 목도리, 우산, 장갑, 핫팩"
29,32,맑음,남,얇은 가디건,민소매,면반바지,없음,"모자, 선글라스, 양산"
14,13,흐림,남,자켓,맨투맨,면바지,없음,없음
23,24,비,남,자켓,맨투맨,청바지,얇은 이너,"레인부츠, 우산"
-3,-7,흐림,여,롱패딩,니트,기모바지,히트텍,"목도리, 장갑, 핫팩"
9,5,맑음,여,코트,히트텍,기모레깅스,히트텍,없음
-10,-14,흐림,여,코트,니트,기모바지,히트텍,"목도리, 장갑, 핫팩"
-6,-6,눈,남,코트,기모후드,기모청바지,히트텍,"목도리, 부츠, 장갑, 핫팩"
28,27,눈,여,없음,민소매,치마,없음,"모자, 부츠, 선글라스, 양산, 장갑"
-7,-9,눈,남,패딩,기모후드,기모청바지,히트텍,"목도리, 부츠, 장갑, 핫팩"
2,1,눈,남,패딩,기모후드,기모청바지,히트텍,"목도리, 부츠, 장갑, 핫팩"
17,18,맑음,남,가디건,후드티,슬랙스,없음,없음
17,20,눈,여,가디건,후드티,롱스커트,없음,"부츠, 장갑"
4,4,비,남,롱패딩,히트텍,기모바지,히트텍,"레인부츠, 목도리, 우산, 장갑, 핫팩"
4,-1,흐림,여,롱패딩,기모후드,기모레깅스,히트텍,"목도리, 장갑, 핫팩"
2,-1,비,여,코트,히트텍,기모레깅스,히트텍,"레인부츠, 목도리, 우산, 장갑, 핫팩"
11,12,흐림,남,후드집업,후드티,면바지,없음,없음
-6,-6,맑음,남,롱패딩,기모후드,기모바지,히트텍,"목도리, 장갑, 핫팩"
-4,-3,눈,여,코트,히트텍,기모레깅스,히트텍,"목도리, 부츠, 장갑, 핫팩"
25,26,맑음,남,없음,민소매,면반바지,없음,"모자, 선글라스, 양산"
23,24,비,여,후드집업,후드티,청바지,없음,"레인부츠, 우산"
22,19,흐림,남,자켓,긴팔티,청바지,없음,없음
26,22,흐림,여,얇은 가디건,반팔,치마,없음,"모자, 선글라스, 양산"
19,22,맑음,여,후드집업,맨투맨,롱스커트,얇은 이너,없음
33,33,비,남,없음,반팔,반바지,없음,"레인부츠, 모자, 선글라스, 양산, 우산"
28,31,맑음,남,얇은 가디건,반팔,면반바지,없음,"모자, 선글라스, 양산"
4,5,눈,남,코트,기모후드,기모바지,히트텍,"목도리, 부츠, 장갑, 핫팩"
3,1,맑음,여,패딩,히트텍,기모레깅스,히트텍,"목도리, 장갑, 핫팩"
18,19,흐림,여,가디건,맨투맨,슬랙스,얇은 이너,없음
24,19,맑음,여,가디건,맨투맨,롱스커트,없음,없음
33,34,비,남,없음,민소매,반바지,없음,"레인부츠, 모자, 선글라스, 양산, 우산"
0,0,맑음,여,코트,기모후드,기모치마,히트텍,"목도리, 장갑, 핫팩"
1,-3,눈,여,패딩,히트텍,기모바지,히트텍,"목도리, 부츠, 장갑, 핫팩"
21,18,맑음,여,후드집업,긴팔티,청바지,얇은 이너,없음
9,5,흐림,여,롱패딩,기모후드,기모레깅스,히트텍,없음
1,4,맑음,남,패딩,히트텍,기모청바지,히트텍,"목도리, 장갑, 핫팩"
-10,-8,맑음,남,코트,기모후드,기모청바지,히트텍,"목도리, 장갑, 핫팩"
25,20,눈,남,얇은 가디건,민소매,반바지,없음,"모자, 부츠, 선글라스, 양산, 장갑"
11,8,맑음,남,자켓,후드티,면바지,없음,없음
-5,-9,비,남,패딩,기모후드,기모바지,히트텍,"레인부츠, 목도리, 우산, 장갑, 핫팩"
17,14,비,남,자켓,맨투맨,슬랙스,없음,"레인부츠, 우산"
10,12,비,남,자켓,맨투맨,청바지,얇은 이너,"레인부츠, 우산"
25,22,맑음,여,없음,반팔,치마,없음,"모자, 선글라스, 양산"
-9,-13,눈,여,롱패딩,히트텍,기모레깅스,히트텍,"목도리, 부츠, 장갑, 핫팩"
26,27,맑음,여,없음,민소매,치마,없음,"모자, 선글라스, 양산"
-10,-12,흐림,여,패딩,니트,기모치마,히트텍,"목도리, 장갑, 핫팩"
6,2,비,남,패딩,히트텍,기모바지,히트텍,"레인부츠, 우산"
30,25,비,남,없음,반팔,면반바지,없음,"레인부츠, 모자, 선글라스, 양산, 우산"
-9,-11,맑음,여,롱패딩,기모후드,기모바지,히트텍,"목도리, 장갑, 핫팩"
27,30,눈,남,얇은 가디건,민소매,면반바지,없음,"모자, 부츠, 선글라스, 양산, 장갑"
34,30,비,남,없음,민소매,면반바지,없음,"레인부츠, 모자, 선글라스, 양산, 우산"
30,26,눈,여,없음,민소매,반바지,없음,"모자, 부츠, 선글라스, 양산, 장갑"
11,10,눈,여,가디건,맨투맨,청바지,얇은 이너,"부츠, 장갑"
29,29,맑음,남,없음,반팔,반바지,없음,"모자, 선글라스, 양산"
23,22,맑음,여,자켓,후드티,롱스커트,얇은 이너,없음
-3,-8,흐림,남,코트,니트,기모청바지,히트텍,"목도리, 장갑, 핫팩"
33,29,맑음,남,없음,반팔,면반바지,없음,"모자, 선글라스, 양산"
28,25,눈,여,없음,민소매,반바지,없음,"모자, 부츠, 선글라스, 양산, 장갑"
15,13,맑음,여,자켓,맨투맨,청바지,얇은 이너,없음
6,3,눈,여,패딩,니트,기모레깅스,히트텍,"부츠, 장갑"
-10,-14,눈,남,패딩,니트,기모바지,히트텍,"목도리, 부츠, 장갑, 핫팩"
4,1,흐림,남,코트,기모후드,기모바지,히트텍,"목도리, 장갑, 핫팩"
5,0,흐림,남,롱패딩,니트,기모바지,히트텍,"목도리, 장갑, 핫팩"
-1,-3,흐림,남,롱패딩,히트텍,기모바지,히트텍,"목도리, 장갑, 핫팩"
-10,-15,흐림,여,롱패딩,기모후드,기모치마,히트텍,"목도리, 장갑, 핫팩"
28,27,맑음,남,없음,반팔,반바지,없음,"모자, 선글라스, 양산"
-3,-8,비,여,코트,히트텍,기모바지,히트텍,"레인부츠, 목도리, 우산, 장갑, 핫팩"
-7,-8,맑음,남,코트,니트,기모바지,히트텍,"목도리, 장갑, 핫팩"
-7,-6,비,여,코트,기모후드,기모레깅스,히트텍,"레인부츠, 목도리, 우산, 장갑, 핫팩"
3,2,흐림,남,코트,기모후드,기모청바지,히트텍,"목도리, 장갑, 핫팩"
14,12,눈,여,가디건,맨투맨,청바지,얇은 이너,"부츠, 장갑"
15,12,눈,여,후드집업,맨투맨,청바지,없음,"부츠, 장갑"
6,9,흐림,남,패딩,히트텍,기모바지,히트텍,없음
-6,-5,흐림,여,패딩,기모후드,기모바지,히트텍,"목도리, 장갑, 핫팩"
4,3,비,여,코트,니트,기모바지,히트텍,"레인부츠, 목도리, 우산, 장갑, 핫팩"
18,16,맑음,남,자켓,긴팔티,청바지,얇은 이너,없음
9,11,흐림,남,롱패딩,니트,기모청바지,히트텍,없음
35,34,눈,남,없음,민소매,반바지,없음,"모자, 부츠, 선글라스, 양산, 장갑"
4,4,흐림,여,패딩,히트텍,기모레깅스,히트텍,"목도리, 장갑, 핫팩"
34,36,비,여,얇은 가디건,민소매,치마,없음,"레인부츠, 모자, 선글라스, 양산, 우산"
28,23,비,남,없음,민소매,반바지,없음,"레인부츠, 모자, 선글라스, 양산, 우산"
-5,-8,흐림,남,패딩,니트,기모청바지,히트텍,"목도리, 장갑, 핫팩"
35,31,흐림,남,없음,민소매,반바지,없음,"모자, 선글라스, 양산"
21,22,눈,남,가디건,맨투맨,청바지,얇은 이너,"부츠, 장갑"
-1,-5,눈,여,롱패딩,니트,기모치마,히트텍,"목도리, 부츠, 장갑, 핫팩"
23,24,맑음,남,가디건,긴팔티,청바지,얇은 이너,없음
1,-3,눈,여,롱패딩,니트,기모레깅스,히트텍,"목도리, 부츠, 장갑, 핫팩"
-10,-12,흐림,남,패딩,히트텍,기모청바지,히트텍,"목도리, 장갑, 핫팩"
6,6,비,여,패딩,니트,기모치마,히트텍,"레인부츠, 우산"
29,26,비,남,얇은 가디건,반팔,반바지,없음,"레인부츠, 모자, 선글라스, 양산, 우산"
-3,-1,눈,여,롱패딩,히트텍,기모치마,히트텍,"목도리, 부츠, 장갑, 핫팩"
-10,-9,맑음,여,패딩,니트,기모레깅스,히트텍,"목도리, 장갑, 핫팩"
5,2,비,여,롱패딩,히트텍,기모바지,히트텍,"레인부츠, 목도리, 우산, 장갑, 핫팩"
27,29,비,남,얇은 가디건,반팔,반바지,없음,"레인부츠, 모자, 선글라스, 양산, 우산"
4,2,비,여,패딩,니트,기모바지,히트텍,"레인부츠, 목도리, 우산, 장갑, 핫팩"
-3,-5,흐림,여,패딩,히트텍,기모치마,히트텍,"목도리, 장갑, 핫팩"
-8,-7,맑음,여,패딩,기모후드,기모레깅스,히트텍,"목도리, 장갑, 핫팩"
33,32,흐림,여,얇은 가디건,반팔,반바지,없음,"모자, 선글라스, 양산"
35,30,맑음,여,없음,반팔,반바지,없음,"모자, 선글라스, 양산"
29,31,맑음,남,얇은 가디건,민소매,반바지,없음,"모자, 선글라스, 양산"
28,31,흐림,여,없음,반팔,반바지,없음,"모자, 선글라스, 양산"
-9,-6,눈,여,코트,니트,기모바지,히트텍,"목도리, 부츠, 장갑, 핫팩"
0,-4,눈,남,롱패딩,히트텍,기모청바지,히트텍,"목도리, 부츠, 장갑, 핫팩"
23,26,비,남,자켓,맨투맨,청바지,얇은 이너,"레인부츠, 우산"
-10,-9,눈,남,코트,히트텍,기모청바지,히트텍,"목도리, 부츠, 장갑, 핫팩"
8,5,비,남,패딩,히트텍,기모청바지,히트텍,"레인부츠, 우산"
3,1,눈,남,롱패딩,히트텍,기모바지,히트텍,"목도리, 부츠, 장갑, 핫팩"
33,29,맑음,남,얇은 가디건,반팔,면반바지,없음,"모자, 선글라스, 양산"
-7,-8,맑음,여,패딩,히트텍,기모레깅스,히트텍,"목도리, 장갑, 핫팩"
4,0,비,여,롱패딩,기모후드,기모치마,히트텍,"레인부츠, 목도리, 우산, 장갑, 핫팩"
2,-3,눈,여,코트,기모후드,기모레깅스,히트텍,"목도리, 부츠, 장갑, 핫팩"
35,34,비,여,얇은 가디건,민소매,치마,없음,"레인부츠, 모자, 선글라스, 양산, 우산"
29,32,비,여,없음,반팔,치마,없음,"레인부츠, 모자, 선글라스, 양산, 우산"
2,0,맑음,남,롱패딩,니트,기모청바지,히트텍,"목도리, 장갑, 핫팩"
-2,-6,비,남,패딩,기모후드,기모청바지,히트텍,"레인부츠, 목도리, 우산, 장갑, 핫팩"
3,5,눈,여,패딩,니트,기모바지,히트텍,"목도리, 부츠, 장갑, 핫팩"
25,20,눈,남,얇은 가디건,반팔,반바지,없음,"모자, 부츠, 선글라스, 양산, 장갑"
-2,0,눈,남,코트,니트,기모바지,히트텍,"목도리, 부츠, 장갑, 핫팩"
9,7,눈,여,롱패딩,기모후드,기모레깅스,히트텍,"부츠, 장갑"
9,5,흐림,남,코트,기모후드,기모청바지,히트텍,없음
18,15,비,남,후드집업,맨투맨,청바지,없음,"레인부츠, 우산"
21,16,비,남,가디건,긴팔티,면바지,없음,"레인부츠, 우산"
6,9,흐림,남,롱패딩,히트텍,기모바지,히트텍,없음
-1,-4,비,남,롱패딩,기모후드,기모바지,히트텍,"레인부츠, 목도리, 우산, 장갑, 핫팩"
21,20,맑음,남,자켓,후드티,청바지,얇은 이너,없음
-4,-6,흐림,남,패딩,히트텍,기모청바지,히트텍,"목도리, 장갑, 핫팩"
9,4,맑음,남,롱패딩,니트,기모청바지,히트텍,없음
21,24,맑음,남,가디건,후드티,청바지,얇은 이너,없음
0,-5,비,남,롱패딩,기모후드,기모바지,히트텍,"레인부츠, 목도리, 우산, 장갑, 핫팩"
-6,-3,흐림,여,코트,기모후드,기모치마,히트텍,"목도리, 장갑, 핫팩"
25,25,눈,여,얇은 가디건,반팔,반바지,없음,"모자, 부츠, 선글라스, 양산, 장갑"
16,17,맑음,남,가디건,후드티,청바지,얇은 이너,없음
-6,-7,눈,남,코트,니트,기모바지,히트텍,"목도리, 부츠, 장갑, 핫팩"
35,37,비,남,없음,민소매,반바지,없음,"레인부츠, 모자, 선글라스, 양산, 우산"
-10,-8,맑음,여,코트,히트텍,기모바지,히트텍,"목도리, 장갑, 핫팩"
27,28,맑음,남,얇은 가디건,민소매,반바지,없음,"모자, 선글라스, 양산"
28,29,눈,여,없음,반팔,치마,없음,"모자, 부츠, 선글라스, 양산, 장갑"
-1,-4,흐림,남,롱패딩,기모후드,기모청바지,히트텍,"목도리, 장갑, 핫팩"
13,13,맑음,남,후드집업,맨투맨,청바지,얇은 이너,없음
-8,-7,눈,여,패딩,기모후드,기모치마,히트텍,"목도리, 부츠, 장갑, 핫팩"
14,13,맑음,여,가디건,긴팔티,롱스커트,없음,없음
-3,-4,흐림,여,롱패딩,히트텍,기모치마,히트텍,"목도리, 장갑, 핫팩"
-3,-2,흐림,남,코트,기모후드,기모바지,히트텍,"목도리, 장갑, 핫팩"
6,5,맑음,여,코트,기모후드,기모바지,히트텍,없음
23,23,눈,남,후드집업,긴팔티,청바지,얇은 이너,"부츠, 장갑"
-7,-10,맑음,남,패딩,기모후드,기모청바지,히트텍,"목도리, 장갑, 핫팩"
27,28,비,남,없음,반팔,반바지,없음,"레인부츠, 모자, 선글라스, 양산, 우산"
5,7,흐림,여,코트,기모후드,기모바지,히트텍,"목도리, 장갑, 핫팩"
-3,-1,비,여,패딩,니트,기모치마,히트텍,"레인부츠, 목도리, 우산, 장갑, 핫팩"
10,11,눈,여,자켓,후드티,청바지,없음,"부츠, 장갑"
16,17,비,여,후드집업,맨투맨,청바지,얇은 이너,"레인부츠, 우산"
27,26,비,여,없음,민소매,치마,없음,"레인부츠, 모자, 선글라스, 양산, 우산"
20,18,흐림,여,후드집업,후드티,롱스커트,얇은 이너,없음
33,29,흐림,여,없음,반팔,반바지,없음,"모자, 선글라스, 양산"
35,35,흐림,남,없음,반팔,반바지,없음,"모자, 선글라스, 양산"
34,34,흐림,남,없음,반팔,면반바지,없음,"모자, 선글라스, 양산"
19,15,비,여,후드집업,후드티,슬랙스,얇은 이너,"레인부츠, 우산"
28,24,눈,여,없음,민소매,반바지,없음,"모자, 부츠, 선글라스, 양산, 장갑"
10,5,비,남,자켓,긴팔티,청바지,없음,"레인부츠, 우산"
-2,1,맑음,남,코트,기모후드,기모바지,히트텍,"목도리, 장갑, 핫팩"
26,27,비,남,얇은 가디건,반팔,반바지,없음,"레인부츠, 모자, 선글라스, 양산, 우산"
8,8,흐림,여,롱패딩,기모후드,기모레깅스,히트텍,없음
31,30,흐림,남,없음,민소매,면반바지,없음,"모자, 선글라스, 양산"
-9,-7,맑음,남,코트,니트,기모바지,히트텍,"목도리, 장갑, 핫팩"
17,12,흐림,남,후드집업,맨투맨,청바지,얇은 이너,없음
-1,-1,비,남,롱패딩,니트,기모청바지,히트텍,"레인부츠, 목도리, 우산, 장갑, 핫팩"
-6,-4,흐림,남,패딩,기모후드,기모청바지,히트텍,"목도리, 장갑, 핫팩"
26,21,눈,여,얇은 가디건,반팔,반바지,없음,"모자, 부츠, 선글라스, 양산, 장갑"
16,17,맑음,여,후드집업,긴팔티,롱스커트,없음,없음
-1,-3,맑음,남,패딩,히트텍,기모청바지,히트텍,"목도리, 장갑, 핫팩"
25,24,눈,남,없음,민소매,반바지,없음,"모자, 부츠, 선글라스, 양산, 장갑"
-10,-14,비,여,코트,기모후드,기모바지,히트텍,"레인부츠, 목도리, 우산, 장갑, 핫팩"
7,6,눈,남,롱패딩,니트,기모바지,히트텍,"부츠, 장갑"
20,19,비,남,자켓,후드티,슬랙스,얇은 이너,"레인부츠, 우산"
25,26,눈,남,얇은 가디건,반팔,면반바지,없음,"모자, 부츠, 선글라스, 양산, 장갑"
18,16,맑음,남,가디건,맨투맨,청바지,없음,없음
-1,2,비,남,코트,기모후드,기모청바지,히트텍,"레인부츠, 목도리, 우산, 장갑, 핫팩"
23,26,비,여,후드집업,맨투맨,슬랙스,없음,"레인부츠, 우산"
2,1,눈,남,롱패딩,기모후드,기모청바지,히트텍,"목도리, 부츠, 장갑, 핫팩"
16,19,비,남,후드집업,후드티,슬랙스,없음,"레인부츠, 우산"
-5,-4,눈,여,패딩,기모후드,기모레깅스,히트텍,"목도리, 부츠, 장갑, 핫팩"
2,0,비,남,패딩,기모후드,기모청바지,히트텍,"레인부츠, 목도리, 우산, 장갑, 핫팩"
13,15,맑음,남,가디건,후드티,청바지,얇은 이너,없음
8,7,흐림,남,롱패딩,히트텍,기모청바지,히트텍,없음
0,0,눈,남,롱패딩,기모후드,기모청바지,히트텍,"목도리, 부츠, 장갑, 핫팩"
-7,-11,흐림,여,코트,니트,기모레깅스,히트텍,"목도리, 장갑, 핫팩"
16,17,비,여,가디건,후드티,롱스커트,얇은 이너,"레인부츠, 우산"
14,10,눈,남,가디건,긴팔티,청바지,얇은 이너,"부츠, 장갑"
19,18,맑음,남,자켓,후드티,청바지,없음,없음
1,4,맑음,여,코트,기모후드,기모치마,히트텍,"목도리, 장갑, 핫팩"
34,30,눈,여,얇은 가디건,민소매,치마,없음,"모자, 부츠, 선글라스, 양산, 장갑"
10,11,비,남,자켓,맨투맨,면바지,얇은 이너,"레인부츠, 우산"
32,27,눈,남,없음,민소매,면반바지,없음,"모자, 부츠, 선글라스, 양산, 장갑"
12,13,눈,여,자켓,후드티,청바지,없음,"부츠, 장갑"
-4,-6,맑음,남,롱패딩,기모후드,기모청바지,히트텍,"목도리, 장갑, 핫팩"
6,6,맑음,여,코트,니트,기모치마,히트텍,없음
10,10,비,여,가디건,긴팔티,슬랙스,없음,"레인부츠, 우산"
23,26,맑음,여,가디건,후드티,청바지,얇은 이너,없음
4,-1,눈,여,롱패딩,히트텍,기모치마,히트텍,"목도리, 부츠, 장갑, 핫팩"
0,3,비,남,코트,히트텍,기모청바지,히트텍,"레인부츠, 목도리, 우산, 장갑, 핫팩"
26,27,비,남,없음,반팔,반바지,없음,"레인부츠, 모자, 선글라스, 양산, 우산"
28,28,흐림,남,얇은 가디건,민소매,면반바지,없음,"모자, 선글라스, 양산"
-1,2,눈,여,코트,니트,기모치마,히트텍,"목도리, 부츠, 장갑, 핫팩"
31,30,맑음,남,없음,민소매,반바지,없음,"모자, 선글라스, 양산"
15,11,눈,여,후드집업,맨투맨,롱스커트,없음,"부츠, 장갑"
9,6,눈,남,코트,히트텍,기모바지,히트텍,"부츠, 장갑"
30,29,맑음,남,얇은 가디건,반팔,반바지,없음,"모자, 선글라스, 양산"
11,10,비,남,후드집업,맨투맨,청바지,없음,"레인부츠, 우산"
28,27,비,여,없음,반팔,반바지,없음,"레인부츠, 모자, 선글라스, 양산, 우산"
26,25,비,여,없음,반팔,치마,없음,"레인부츠, 모자, 선글라스, 양산, 우산"
18,17,눈,여,후드집업,맨투맨,청바지,없음,"부츠, 장갑"
8,8,비,남,롱패딩,히트텍,기모청바지,히트텍,"레인부츠, 우산"
18,16,맑음,여,자켓,맨투맨,롱스커트,없음,없음
30,28,비,여,없음,민소매,반바지,없음,"레인부츠, 모자, 선글라스, 양산, 우산"
12,15,맑음,여,자켓,맨투맨,슬랙스,얇은 이너,없음
14,15,흐림,여,가디건,맨투맨,청바지,얇은 이너,없음
-8,-6,눈,여,롱패딩,니트,기모레깅스,히트텍,"목도리, 부츠, 장갑, 핫팩"
-3,-6,비,여,코트,니트,기모레깅스,히트텍,"레인부츠, 목도리, 우산, 장갑, 핫팩"
22,21,맑음,여,자켓,후드티,청바지,없음,없음
29,27,비,남,없음,반팔,면반바지,없음,"레인부츠, 모자, 선글라스, 양산, 우산"
19,22,비,여,가디건,후드티,슬랙스,없음,"레인부츠, 우산"
10,11,눈,남,가디건,후드티,면바지,얇은 이너,"부츠, 장갑"
2,3,흐림,남,코트,히트텍,기모청바지,히트텍,"목도리, 장갑, 핫팩"
9,11,맑음,여,롱패딩,히트텍,기모바지,히트텍,없음
-6,-3,맑음,여,롱패딩,기모후드,기모치마,히트텍,"목도리, 장갑, 핫팩"
26,26,맑음,남,얇은 가디건,민소매,면반바지,없음,"모자, 선글라스, 양산"
8,9,비,여,패딩,히트텍,기모바지,히트텍,"레인부츠, 우산"
-6,-11,눈,남,코트,히트텍,기모청바지,히트텍,"목도리, 부츠, 장갑, 핫팩"
-7,-6,흐림,여,롱패딩,히트텍,기모바지,히트텍,"목도리, 장갑, 핫팩"
4,-1,흐림,여,롱패딩,기모후드,기모레깅스,히트텍,"목도리, 장갑, 핫팩"
3,2,맑음,여,롱패딩,기모후드,기모바지,히트텍,"목도리, 장갑, 핫팩"
7,5,맑음,여,패딩,기모후드,기모치마,히트텍,없음
4,-1,눈,남,롱패딩,니트,기모바지,히트텍,"목도리, 부츠, 장갑, 핫팩"
26,22,비,남,없음,민소매,반바지,없음,"레인부츠, 모자, 선글라스, 양산, 우산"
-10,-10,눈,여,롱패딩,기모후드,기모치마,히트텍,"목도리, 부츠, 장갑, 핫팩"
-8,-10,눈,여,코트,기모후드,기모치마,히트텍,"목도리, 부츠, 장갑, 핫팩"
23,18,눈,남,자켓,긴팔티,슬랙스,없음,"부츠, 장갑"
14,11,맑음,남,자켓,후드티,청바지,얇은 이너,없음
23,18,비,남,후드집업,맨투맨,슬랙스,얇은 이너,"레인부츠, 우산"
5,0,맑음,남,패딩,기모후드,기모바지,히트텍,"목도리, 장갑, 핫팩"
27,24,비,여,없음,반팔,반바지,없음,"레인부츠, 모자, 선글라스, 양산, 우산"
32,35,눈,남,얇은 가디건,민소매,반바지,없음,"모자, 부츠, 선글라스, 양산, 장갑"
-8,-10,흐림,남,롱패딩,히트텍,기모청바지,히트텍,"목도리, 장갑, 핫팩"
12,9,흐림,남,자켓,맨투맨,청바지,없음,없음
3,-1,눈,여,패딩,히트텍,기모치마,히트텍,"목도리, 부츠, 장갑, 핫팩"
19,15,비,여,가디건,후드티,슬랙스,얇은 이너,"레인부츠, 우산"
16,17,눈,여,후드집업,후드티,슬랙스,얇은 이너,"부츠, 장갑"
12,8,맑음,여,후드집업,긴팔티,슬랙스,얇은 이너,없음
25,22,비,남,없음,반팔,반바지,없음,"레인부츠, 모자, 선글라스, 양산, 우산"
7,10,흐림,남,패딩,니트,기모청바지,히트텍,없음
11,8,흐림,남,자켓,맨투맨,청바지,얇은 이너,없음
11,9,흐림,남,가디건,후드티,슬랙스,얇은 이너,없음
11,9,흐림,여,가디건,긴팔티,롱스커트,얇은 이너,없음
33,35,눈,여,얇은 가디건,민소매,반바지,없음,"모자, 부츠, 선글라스, 양산, 장갑"
20,19,비,남,자켓,후드티,면바지,얇은 이너,"레인부츠, 우산"
32,31,눈,여,얇은 가디건,민소매,반바지,없음,"모자, 부츠, 선글라스, 양산, 장갑"
22,21,비,여,후드집업,후드티,롱스커트,없음,"레인부츠, 우산"
-2,-5,맑음,남,패딩,기모후드,기모바지,히트텍,"목도리, 장갑, 핫팩"
21,16,눈,남,가디건,후드티,슬랙스,얇은 이너,"부츠, 장갑"
-2,-4,흐림,남,롱패딩,히트텍,기모바지,히트텍,"목도리, 장갑, 핫팩"
-6,-7,맑음,남,코트,히트텍,기모바지,히트텍,"목도리, 장갑, 핫팩"
16,19,비,남,후드집업,맨투맨,슬랙스,얇은 이너,"레인부츠, 우산"
14,15,눈,남,후드집업,후드티,슬랙스,얇은 이너,"부츠, 장갑"
33,33,흐림,남,얇은 가디건,반팔,반바지,없음,"모자, 선글라스, 양산"
23,19,맑음,남,후드집업,후드티,슬랙스,얇은 이너,없음
12,13,비,여,가디건,긴팔티,청바지,없음,"레인부츠, 우산"
6,7,맑음,여,롱패딩,히트텍,기모레깅스,히트텍,없음
-7,-6,맑음,남,롱패딩,기모후드,기모청바지,히트텍,"목도리, 장갑, 핫팩"
-2,-6,눈,여,롱패딩,히트텍,기모바지,히트텍,"목도리, 부츠, 장갑, 핫팩"
32,33,눈,남,없음,반팔,반바지,없음,"모자, 부츠, 선글라스, 양산, 장갑"
18,20,맑음,남,가디건,긴팔티,슬랙스,얇은 이너,없음
24,24,맑음,남,자켓,맨투맨,청바지,없음,없음
16,11,비,남,가디건,맨투맨,슬랙스,없음,"레인부츠, 우산"
8,9,흐림,여,패딩,기모후드,기모바지,히트텍,없음
6,9,눈,여,롱패딩,기모후드,기모치마,히트텍,"부츠, 장갑"
3,-1,맑음,남,롱패딩,히트텍,기모바지,히트텍,"목도리, 장갑, 핫팩"
33,29,흐림,여,없음,민소매,치마,없음,"모자, 선글라스, 양산"
7,5,맑음,남,코트,히트텍,기모바지,히트텍,없음
29,28,흐림,남,얇은 가디건,민소매,반바지,없음,"모자, 선글라스, 양산"
13,12,눈,여,후드집업,맨투맨,롱스커트,없음,"부츠, 장갑"
28,24,흐림,여,없음,민소매,반바지,없음,"모자, 선글라스, 양산"
-2,-4,눈,여,코트,니트,기모치마,히트텍,"목도리, 부츠, 장갑, 핫팩"
-7,-8,눈,여,패딩,기모후드,기모바지,히트텍,"목도리, 부츠, 장갑, 핫팩"
10,5,흐림,여,자켓,긴팔티,청바지,없음,없음
29,24,눈,여,얇은 가디건,반팔,치마,없음,"모자, 부츠, 선글라스, 양산, 장갑"
24,25,흐림,남,가디건,맨투맨,면바지,없음,없음
30,26,흐림,여,얇은 가디건,민소매,치마,없음,"모자, 선글라스, 양산"
6,6,비,여,패딩,기모후드,기모바지,히트텍,"레인부츠, 우산"
25,21,눈,남,없음,반팔,반바지,없음,"모자, 부츠, 선글라스, 양산, 장갑"
0,3,눈,남,코트,히트텍,기모바지,히트텍,"목도리, 부츠, 장갑, 핫팩"
-6,-9,맑음,여,롱패딩,히트텍,기모레깅스,히트텍,"목도리, 장갑, 핫팩"
10,11,흐림,여,후드집업,후드티,청바지,없음,없음
-2,-2,맑음,여,롱패딩,기모후드,기모레깅스,히트텍,"목도리, 장갑, 핫팩"
-7,-7,눈,남,롱패딩,기모후드,기모바지,히트텍,"목도리, 부츠, 장갑, 핫팩"
-6,-6,흐림,여,롱패딩,기모후드,기모레깅스,히트텍,"목도리, 장갑, 핫팩"
23,24,비,남,가디건,긴팔티,청바지,없음,"레인부츠, 우산"
0,-2,비,여,패딩,니트,기모레깅스,히트텍,"레인부츠, 목도리, 우산, 장갑, 핫팩"
9,8,흐림,남,롱패딩,기모후드,기모청바지,히트텍,없음
-6,-3,비,남,롱패딩,니트,기모청바지,히트텍,"레인부츠, 목도리, 우산, 장갑, 핫팩"
26,21,비,여,없음,민소매,치마,없음,"레인부츠, 모자, 선글라스, 양산, 우산"
35,35,흐림,남,없음,민소매,면반바지,없음,"모자, 선글라스, 양산"
28,23,비,여,없음,민소매,치마,없음,"레인부츠, 모자, 선글라스, 양산, 우산"
27,25,맑음,여,없음,민소매,반바지,없음,"모자, 선글라스, 양산"
4,0,눈,여,롱패딩,기모후드,기모치마,히트텍,"목도리, 부츠, 장갑, 핫팩"
9,4,맑음,여,롱패딩,기모후드,기모바지,히트텍,없음
6,5,흐림,남,코트,니트,기모바지,히트텍,없음
4,1,맑음,여,패딩,기모후드,기모레깅스,히트텍,"목도리, 장갑, 핫팩"
32,32,흐림,여,얇은 가디건,민소매,치마,없음,"모자, 선글라스, 양산"
30,29,눈,여,얇은 가디건,반팔,반바지,없음,"모자, 부츠, 선글라스, 양산, 장갑"
31,34,흐림,여,없음,반팔,치마,없음,"모자, 선글라스, 양산"
-8,-10,눈,남,코트,히트텍,기모바지,히트텍,"목도리, 부츠, 장갑, 핫팩"
10,6,맑음,남,자켓,후드티,면바지,없음,없음
22,23,맑음,여,후드집업,긴팔티,슬랙스,없음,없음
33,33,눈,남,얇은 가디건,반팔,면반바지,없음,"모자, 부츠, 선글라스, 양산, 장갑"
29,29,비,여,없음,민소매,반바지,없음,"레인부츠, 모자, 선글라스, 양산, 우산"
19,14,비,남,후드집업,후드티,면바지,얇은 이너,"레인부츠, 우산"
-8,-5,맑음,여,롱패딩,니트,기모레깅스,히트텍,"목도리, 장갑, 핫팩"
2,1,눈,여,롱패딩,니트,기모바지,히트텍,"목도리, 부츠, 장갑, 핫팩"
4,-1,눈,남,패딩,니트,기모바지,히트텍,"목도리, 부츠, 장갑, 핫팩"
28,28,흐림,남,없음,민소매,반바지,없음,"모자, 선글라스, 양산"
17,12,흐림,남,가디건,후드티,청바지,없음,없음
34,36,비,여,없음,민소매,치마,없음,"레인부츠, 모자, 선글라스, 양산, 우산"
0,3,눈,남,패딩,히트텍,기모청바지,히트텍,"목도리, 부츠, 장갑, 핫팩"
14,11,흐림,여,후드집업,맨투맨,슬랙스,얇은 이너,없음
5,0,흐림,남,롱패딩,기모후드,기모바지,히트텍,"목도리, 장갑, 핫팩"
13,16,맑음,남,자켓,맨투맨,청바지,없음,없음
31,30,비,여,얇은 가디건,반팔,치마,없음,"레인부츠, 모자, 선글라스, 양산, 우산"
-10,-7,비,여,롱패딩,니트,기모치마,히트텍,"레인부츠, 목도리, 우산, 장갑, 핫팩"
-9,-10,비,여,패딩,기모후드,기모치마,히트텍,"레인부츠, 목도리, 우산, 장갑, 핫팩"
16,16,비,여,가디건,긴팔티,청바지,없음,"레인부츠, 우산"
18,15,맑음,남,후드집업,긴팔티,면바지,얇은 이너,없음
12,12,맑음,남,후드집업,맨투맨,슬랙스,없음,없음
14,9,비,남,자켓,긴팔티,슬랙스,얇은 이너,"레인부츠, 우산"
3,3,눈,남,패딩,히트텍,기모청바지,히트텍,"목도리, 부츠, 장갑, 핫팩"
11,7,흐림,남,자켓,후드티,청바지,얇은 이너,없음
32,27,맑음,남,없음,반팔,면반바지,없음,"모자, 선글라스, 양산"
15,10,비,남,자켓,후드티,슬랙스,얇은 이너,"레인부츠, 우산"
20,21,흐림,여,가디건,후드티,롱스커트,없음,없음
21,21,눈,여,가디건,맨투맨,청바지,없음,"부츠, 장갑"
0,-3,눈,여,패딩,니트,기모레깅스,히트텍,"목도리, 부츠, 장갑, 핫팩"
-9,-7,비,남,롱패딩,니트,기모청바지,히트텍,"레인부츠, 목도리, 우산, 장갑, 핫팩"
26,25,눈,남,없음,반팔,면반바지,없음,"모자, 부츠, 선글라스, 양산, 장갑"
-9,-12,맑음,여,패딩,니트,기모바지,히트텍,"목도리, 장갑, 핫팩"
12,10,눈,여,자켓,긴팔티,청바지,얇은 이너,"부츠, 장갑"
12,13,눈,남,후드집업,긴팔티,슬랙스,없음,"부츠, 장갑"
35,32,흐림,여,얇은 가디건,민소매,반바지,없음,"모자, 선글라스, 양산"
23,26,눈,여,후드집업,후드티,슬랙스,얇은 이너,"부츠, 장갑"
25,26,비,여,얇은 가디건,반팔,치마,없음,"레인부츠, 모자, 선글라스, 양산, 우산"
-3,-6,비,여,롱패딩,기모후드,기모바지,히트텍,"레인부츠, 목도리, 우산, 장갑, 핫팩"
7,5,눈,여,롱패딩,기모후드,기모바지,히트텍,"부츠, 장갑"
16,19,흐림,여,가디건,맨투맨,청바지,얇은 이너,없음
-8,-8,눈,남,롱패딩,기모후드,기모청바지,히트텍,"목도리, 부츠, 장갑, 핫팩"
-10,-12,맑음,남,패딩,니트,기모바지,히트텍,"목도리, 장갑, 핫팩"
10,10,맑음,남,후드집업,긴팔티,슬랙스,없음,없음
12,11,맑음,여,후드집업,후드티,청바지,없음,없음
20,17,비,여,자켓,후드티,청바지,얇은 이너,"레인부츠, 우산"
7,2,흐림,여,패딩,기모후드,기모레깅스,히트텍,없음
24,23,맑음,여,후드집업,긴팔티,롱스커트,얇은 이너,없음
9,4,비,여,롱패딩,니트,기모바지,히트텍,"레인부츠, 우산"
14,12,눈,여,자켓,후드티,롱스커트,없음,"부츠, 장갑"
10,12,흐림,남,후드집업,맨투맨,슬랙스,없음,없음
15,14,맑음,여,가디건,맨투맨,롱스커트,없음,없음
0,-3,맑음,여,패딩,니트,기모바지,히트텍,"목도리, 장갑, 핫팩"
2,5,맑음,여,롱패딩,기모후드,기모바지,히트텍,"목도리, 장갑, 핫팩"
-7,-5,비,남,패딩,니트,기모청바지,히트텍,"레인부츠, 목도리, 우산, 장갑, 핫팩"
16,12,흐림,여,가디건,긴팔티,슬랙스,없음,없음
10,13,흐림,여,가디건,맨투맨,청바지,없음,없음
21,23,흐림,여,자켓,후드티,청바지,얇은 이너,없음
5,5,맑음,여,패딩,기모후드,기모바지,히트텍,"목도리, 장갑, 핫팩"
14,16,흐림,여,후드집업,맨투맨,청바지,없음,없음
-4,-6,맑음,여,코트,기모후드,기모레깅스,히트텍,"목도리, 장갑, 핫팩"
14,13,흐림,남,후드집업,맨투맨,슬랙스,얇은 이너,없음
2,1,흐림,남,롱패딩,기모후드,기모청바지,히트텍,"목도리, 장갑, 핫팩"
-7,-10,흐림,남,롱패딩,히트텍,기모청바지,히트텍,"목도리, 장갑, 핫팩"
35,35,흐림,여,얇은 가디건,민소매,치마,없음,"모자, 선글라스, 양산"
9,10,맑음,여,코트,니트,기모레깅스,히트텍,없음
5,2,눈,남,코트,기모후드,기모바지,히트텍,"목도리, 부츠, 장갑, 핫팩"
13,15,비,남,자켓,긴팔티,슬랙스,얇은 이너,"레인부츠, 우산"
17,19,흐림,남,가디건,맨투맨,청바지,얇은 이너,없음
2,-2,눈,남,롱패딩,히트텍,기모바지,히트텍,"목도리, 부츠, 장갑, 핫팩"
26,26,눈,여,얇은 가디건,민소매,반바지,없음,"모자, 부츠, 선글라스, 양산, 장갑"
0,1,눈,여,코트,니트,기모치마,히트텍,"목도리, 부츠, 장갑, 핫팩"
0,3,맑음,남,패딩,니트,기모청바지,히트텍,"목도리, 장갑, 핫팩"
33,30,흐림,남,얇은 가디건,반팔,면반바지,없음,"모자, 선글라스, 양산"
7,7,맑음,남,코트,기모후드,기모청바지,히트텍,없음
22,25,비,남,후드집업,긴팔티,청바지,없음,"레인부츠, 우산"
-8,-5,눈,여,코트,기모후드,기모레깅스,히트텍,"목도리, 부츠, 장갑, 핫팩"
31,27,비,남,얇은 가디건,반팔,면반바지,없음,"레인부츠, 모자, 선글라스, 양산, 우산"
5,0,비,여,코트,기모후드,기모바지,히트텍,"레인부츠, 목도리, 우산, 장갑, 핫팩"
25,22,비,여,얇은 가디건,민소매,치마,없음,"레인부츠, 모자, 선글라스, 양산, 우산"
23,24,흐림,남,후드집업,긴팔티,면바지,없음,없음
21,20,흐림,남,자켓,후드티,면바지,얇은 이너,없음
7,3,맑음,남,패딩,히트텍,기모청바지,히트텍,없음
4,0,흐림,여,롱패딩,니트,기모바지,히트텍,"목도리, 장갑, 핫팩"
-7,-4,맑음,여,코트,히트텍,기모바지,히트텍,"목도리, 장갑, 핫팩"
4,0,비,남,패딩,기모후드,기모청바지,히트텍,"레인부츠, 목도리, 우산, 장갑, 핫팩"
13,8,비,남,후드집업,맨투맨,청바지,얇은 이너,"레인부츠, 우산"
3,0,흐림,여,패딩,기모후드,기모레깅스,히트텍,"목도리, 장갑, 핫팩"
34,33,눈,남,얇은 가디건,반팔,반바지,없음,"모자, 부츠, 선글라스, 양산, 장갑"
30,25,눈,남,얇은 가디건,반팔,반바지,없음,"모자, 부츠, 선글라스, 양산, 장갑"
4,6,비,남,패딩,니트,기모바지,히트텍,"레인부츠, 목도리, 우산, 장갑, 핫팩"
11,6,흐림,남,자켓,후드티,면바지,얇은 이너,없음
23,23,비,남,자켓,맨투맨,슬랙스,얇은 이너,"레인부츠, 우산"
12,12,흐림,남,자켓,긴팔티,슬랙스,얇은 이너,없음
-9,-12,흐림,여,코트,히트텍,기모레깅스,히트텍,"목도리, 장갑, 핫팩"
26,25,맑음,여,없음,반팔,치마,없음,"모자, 선글라스, 양산"
8,9,눈,남,코트,니트,기모바지,히트텍,"부츠, 장갑"
33,34,비,여,없음,반팔,치마,없음,"레인부츠, 모자, 선글라스, 양산, 우산"
3,6,맑음,여,패딩,니트,기모바지,히트텍,"목도리, 장갑, 핫팩"
-9,-13,눈,남,패딩,니트,기모청바지,히트텍,"목도리, 부츠, 장갑, 핫팩"
14,16,맑음,남,가디건,긴팔티,청바지,얇은 이너,없음
26,25,흐림,남,얇은 가디건,반팔,면반바지,없음,"모자, 선글라스, 양산"
32,34,비,남,없음,민소매,면반바지,없음,"레인부츠, 모자, 선글라스, 양산, 우산"
15,15,흐림,남,가디건,맨투맨,면바지,얇은 이너,없음
35,34,눈,남,얇은 가디건,반팔,면반바지,없음,"모자, 부츠, 선글라스, 양산, 장갑"
-7,-6,눈,여,코트,니트,기모레깅스,히트텍,"목도리, 부츠, 장갑, 핫팩"
8,3,흐림,여,롱패딩,히트텍,기모치마,히트텍,없음
14,12,흐림,남,자켓,긴팔티,면바지,없음,없음
24,22,맑음,남,가디건,긴팔티,슬랙스,없음,없음
35,30,흐림,남,없음,반팔,반바지,없음,"모자, 선글라스, 양산"
4,4,눈,남,패딩,니트,기모청바지,히트텍,"목도리, 부츠, 장갑, 핫팩"
25,28,눈,남,없음,민소매,면반바지,없음,"모자, 부츠, 선글라스, 양산, 장갑"
33,34,눈,여,얇은 가디건,민소매,반바지,없음,"모자, 부츠, 선글라스, 양산, 장갑"
31,31,눈,남,얇은 가디건,민소매,반바지,없음,"모자, 부츠, 선글라스, 양산, 장갑"
2,2,비,여,롱패딩,니트,기모레깅스,히트텍,"레인부츠, 목도리, 우산, 장갑, 핫팩"
7,7,비,남,코트,기모후드,기모청바지,히트텍,"레인부츠, 우산"
30,31,맑음,남,얇은 가디건,반팔,면반바지,없음,"모자, 선글라스, 양산"
-5,-7,흐림,남,코트,기모후드,기모바지,히트텍,"목도리, 장갑, 핫팩"
2,4,비,남,코트,니트,기모청바지,히트텍,"레인부츠, 목도리, 우산, 장갑, 핫팩"
13,10,눈,남,가디건,후드티,면바지,얇은 이너,"부츠, 장갑"
-1,1,눈,남,코트,니트,기모바지,히트텍,"목도리, 부츠, 장갑, 핫팩"
10,6,눈,남,가디건,긴팔티,청바지,얇은 이너,"부츠, 장갑"
17,18,눈,여,가디건,긴팔티,슬랙스,없음,"부츠, 장갑"
-1,-5,눈,남,코트,기모후드,기모바지,히트텍,"목도리, 부츠, 장갑, 핫팩"
-1,-1,눈,남,패딩,기모후드,기모청바지,히트텍,"목도리, 부츠, 장갑, 핫팩"
15,17,눈,여,자켓,후드티,청바지,얇은 이너,"부츠, 장갑"
11,11,흐림,남,후드집업,후드티,슬랙스,얇은 이너,없음
-1,-5,흐림,남,패딩,기모후드,기모청바지,히트텍,"목도리, 장갑, 핫팩"
27,25,흐림,남,없음,반팔,면반바지,없음,"모자, 선글라스, 양산"
30,30,흐림,여,없음,반팔,치마,없음,"모자, 선글라스, 양산"
19,21,눈,남,후드집업,후드티,면바지,없음,"부츠, 장갑"
4,7,비,남,롱패딩,히트텍,기모바지,히트텍,"레인부츠, 목도리, 우산, 장갑, 핫팩"
-9,-7,맑음,남,롱패딩,니트,기모청바지,히트텍,"목도리, 장갑, 핫팩"
18,20,눈,남,가디건,긴팔티,청바지,없음,"부츠, 장갑"
27,30,비,여,얇은 가디건,민소매,반바지,없음,"레인부츠, 모자, 선글라스, 양산, 우산"
16,13,비,남,후드집업,후드티,면바지,얇은 이너,"레인부츠, 우산"
0,-5,비,남,롱패딩,니트,기모바지,히트텍,"레인부츠, 목도리, 우산, 장갑, 핫팩"
28,28,흐림,남,얇은 가디건,민소매,면반바지,없음,"모자, 선글라스, 양산"
11,6,비,여,후드집업,긴팔티,슬랙스,얇은 이너,"레인부츠, 우산"
35,35,비,여,없음,민소매,반바지,없음,"레인부츠, 모자, 선글라스, 양산, 우산"
-1,-1,흐림,여,코트,히트텍,기모치마,히트텍,"목도리, 장갑, 핫팩"
4,6,맑음,여,패딩,기모후드,기모바지,히트텍,"목도리, 장갑, 핫팩"
17,18,흐림,남,가디건,후드티,슬랙스,없음,없음
27,26,비,남,얇은 가디건,민소매,면반바지,없음,"레인부츠, 모자, 선글라스, 양산, 우산"
30,26,흐림,여,얇은 가디건,반팔,반바지,없음,"모자, 선글라스, 양산"
3,4,비,남,롱패딩,기모후드,기모바지,히트텍,"레인부츠, 목도리, 우산, 장갑, 핫팩"
2,-3,맑음,남,패딩,히트텍,기모청바지,히트텍,"목도리, 장갑, 핫팩"
5,0,비,남,롱패딩,기모후드,기모청바지,히트텍,"레인부츠, 목도리, 우산, 장갑, 핫팩"
26,23,흐림,여,없음,반팔,반바지,없음,"모자, 선글라스, 양산"
23,19,눈,여,후드집업,맨투맨,슬랙스,얇은 이너,"부츠, 장갑"
27,30,눈,여,얇은 가디건,반팔,치마,없음,"모자, 부츠, 선글라스, 양산, 장갑"
28,27,눈,남,얇은 가디건,민소매,반바지,없음,"모자, 부츠, 선글라스, 양산, 장갑"
30,31,비,남,없음,반팔,면반바지,없음,"레인부츠, 모자, 선글라스, 양산, 우산"
-1,-2,눈,여,코트,니트,기모레깅스,히트텍,"목도리, 부츠, 장갑, 핫팩"
27,28,비,남,얇은 가디건,민소매,면반바지,없음,"레인부츠, 모자, 선글라스, 양산, 우산"
-5,-9,비,남,롱패딩,히트텍,기모바지,히트텍,"레인부츠, 목도리, 우산, 장갑, 핫팩"
13,10,흐림,여,가디건,후드티,롱스커트,없음,없음
25,26,맑음,여,얇은 가디건,반팔,치마,없음,"모자, 선글라스, 양산"
12,7,흐림,여,자켓,맨투맨,청바지,없음,없음
35,37,맑음,남,없음,반팔,반바지,없음,"모자, 선글라스, 양산"
12,15,흐림,남,후드집업,후드티,청바지,얇은 이너,없음
-4,-2,맑음,여,패딩,히트텍,기모치마,히트텍,"목도리, 장갑, 핫팩"
23,21,흐림,남,자켓,후드티,청바지,얇은 이너,없음
26,28,비,남,얇은 가디건,반팔,면반바지,없음,"레인부츠, 모자, 선글라스, 양산, 우산"
21,17,맑음,여,자켓,맨투맨,롱스커트,없음,없음
33,28,비,남,얇은 가디건,민소매,면반바지,없음,"레인부츠, 모자, 선글라스, 양산, 우산"
32,32,흐림,남,없음,반팔,면반바지,없음,"모자, 선글라스, 양산"
26,27,비,남,없음,반팔,반바지,없음,"레인부츠, 모자, 선글라스, 양산, 우산"
11,10,흐림,여,후드집업,긴팔티,롱스커트,없음,없음
17,13,흐림,여,가디건,맨투맨,슬랙스,얇은 이너,없음
18,14,비,남,가디건,긴팔티,청바지,얇은 이너,"레인부츠, 우산"
17,14,흐림,남,자켓,맨투맨,청바지,얇은 이너,없음
-2,1,맑음,여,패딩,니트,기모치마,히트텍,"목도리, 장갑, 핫팩"
-7,-5,흐림,남,롱패딩,니트,기모바지,히트텍,"목도리, 장갑, 핫팩"
-8,-5,맑음,여,롱패딩,니트,기모레깅스,히트텍,"목도리, 장갑, 핫팩"
7,10,비,여,롱패딩,니트,기모레깅스,히트텍,"레인부츠, 우산"
14,13,맑음,여,자켓,맨투맨,롱스커트,없음,없음
13,16,눈,여,후드집업,긴팔티,롱스커트,없음,"부츠, 장갑"
20,23,흐림,여,후드집업,후드티,롱스커트,없음,없음
22,23,눈,여,후드집업,후드티,슬랙스,없음,"부츠, 장갑"
1,-1,맑음,여,롱패딩,니트,기모치마,히트텍,"목도리, 장갑, 핫팩"
16,12,비,여,자켓,긴팔티,롱스커트,없음,"레인부츠, 우산"
21,22,흐림,여,자켓,후드티,청바지,얇은 이너,없음
-9,-14,맑음,남,패딩,니트,기모바지,히트텍,"목도리, 장갑, 핫팩"
27,22,비,여,얇은 가디건,민소매,반바지,없음,"레인부츠, 모자, 선글라스, 양산, 우산"
7,5,눈,여,패딩,히트텍,기모레깅스,히트텍,"부츠, 장갑"
26,24,비,남,없음,반팔,반바지,없음,"레인부츠, 모자, 선글라스, 양산, 우산"
7,10,맑음,여,롱패딩,히트텍,기모바지,히트텍,없음
18,15,비,남,후드집업,맨투맨,면바지,없음,"레인부츠, 우산"
28,31,비,남,얇은 가디건,민소매,반바지,없음,"레인부츠, 모자, 선글라스, 양산, 우산"
-8,-8,맑음,남,롱패딩,기모후드,기모바지,히트텍,"목도리, 장갑, 핫팩"
-8,-9,맑음,남,코트,기모후드,기모청바지,히트텍,"목도리, 장갑, 핫팩"
14,12,눈,여,가디건,맨투맨,청바지,없음,"부츠, 장갑"
23,26,눈,남,가디건,긴팔티,청바지,얇은 이너,"부츠, 장갑"
2,-1,눈,남,코트,니트,기모청바지,히트텍,"목도리, 부츠, 장갑, 핫팩"
22,21,맑음,여,자켓,긴팔티,청바지,없음,없음
-10,-15,맑음,여,패딩,니트,기모레깅스,히트텍,"목도리, 장갑, 핫팩"
29,31,맑음,남,없음,민소매,면반바지,없음,"모자, 선글라스, 양산"
8,11,눈,남,코트,기모후드,기모청바지,히트텍,"부츠, 장갑"
19,17,눈,여,자켓,긴팔티,청바지,없음,"부츠, 장갑"
14,14,비,남,자켓,긴팔티,면바지,얇은 이너,"레인부츠, 우산"
35,31,눈,여,얇은 가디건,민소매,반바지,없음,"모자, 부츠, 선글라스, 양산, 장갑"
23,22,맑음,여,후드집업,후드티,청바지,얇은 이너,없음
29,31,눈,남,없음,민소매,면반바지,없음,"모자, 부츠, 선글라스, 양산, 장갑"
-9,-10,맑음,여,패딩,히트텍,기모레깅스,히트텍,"목도리, 장갑, 핫팩"
7,2,비,남,롱패딩,기모후드,기모바지,히트텍,"레인부츠, 우산"
6,4,눈,남,롱패딩,니트,기모바지,히트텍,"부츠, 장갑"
-1,-6,눈,여,패딩,니트,기모레깅스,히트텍,"목도리, 부츠, 장갑, 핫팩"
11,6,흐림,여,자켓,후드티,롱스커트,얇은 이너,없음
-3,-6,비,남,롱패딩,히트텍,기모청바지,히트텍,"레인부츠, 목도리, 우산, 장갑, 핫팩"
7,2,흐림,남,코트,기모후드,기모청바지,히트텍,없음
14,11,눈,여,후드집업,맨투맨,청바지,없음,"부츠, 장갑"
6,2,맑음,여,롱패딩,히트텍,기모치마,히트텍,없음
10,10,눈,남,후드집업,맨투맨,슬랙스,얇은 이너,"부츠, 장갑"
-4,-5,흐림,남,롱패딩,히트텍,기모바지,히트텍,"목도리, 장갑, 핫팩"
34,32,흐림,여,얇은 가디건,반팔,반바지,없음,"모자, 선글라스, 양산"
18,16,눈,여,자켓,후드티,청바지,없음,"부츠, 장갑"
22,21,비,남,가디건,긴팔티,청바지,얇은 이너,"레인부츠, 우산"
3,-1,흐림,여,코트,기모후드,기모레깅스,히트텍,"목도리, 장갑, 핫팩"
34,37,비,남,없음,민소매,반바지,없음,"레인부츠, 모자, 선글라스, 양산, 우산"
2,0,흐림,남,패딩,니트,기모청바지,히트텍,"목도리, 장갑, 핫팩"
-1,2,비,여,패딩,니트,기모치마,히트텍,"레인부츠, 목도리, 우산, 장갑, 핫팩"
29,30,맑음,남,얇은 가디건,민소매,반바지,없음,"모자, 선글라스, 양산"
-4,-7,눈,여,패딩,니트,기모바지,히트텍,"목도리, 부츠, 장갑, 핫팩"
-2,-4,맑음,남,패딩,히트텍,기모바지,히트텍,"목도리, 장갑, 핫팩"
15,18,맑음,남,자켓,맨투맨,슬랙스,없음,없음
20,19,비,여,자켓,후드티,청바지,얇은 이너,"레인부츠, 우산"
20,19,흐림,남,자켓,후드티,슬랙스,얇은 이너,없음
26,25,맑음,남,없음,민소매,면반바지,없음,"모자, 선글라스, 양산"
3,2,흐림,남,코트,니트,기모청바지,히트텍,"목도리, 장갑, 핫팩"
3,5,흐림,여,코트,기모후드,기모치마,히트텍,"목도리, 장갑, 핫팩"
-3,-8,눈,남,코트,히트텍,기모청바지,히트텍,"목도리, 부츠, 장갑, 핫팩"
9,12,눈,여,코트,기모후드,기모바지,히트텍,"부츠, 장갑"
-10,-15,흐림,남,롱패딩,니트,기모청바지,히트텍,"목도리, 장갑, 핫팩"
-5,-9,눈,남,코트,히트텍,기모청바지,히트텍,"목도리, 부츠, 장갑, 핫팩"
24,23,흐림,남,자켓,후드티,슬랙스,없음,없음
-3,-5,비,남,롱패딩,니트,기모청바지,히트텍,"레인부츠, 목도리, 우산, 장갑, 핫팩"
-10,-8,눈,여,패딩,니트,기모레깅스,히트텍,"목도리, 부츠, 장갑, 핫팩"
18,13,맑음,남,후드집업,긴팔티,청바지,없음,없음
0,-1,맑음,남,패딩,히트텍,기모청바지,히트텍,"목도리, 장갑, 핫팩"
-6,-4,흐림,남,패딩,기모후드,기모바지,히트텍,"목도리, 장갑, 핫팩"
30,28,비,남,얇은 가디건,반팔,반바지,없음,"레인부츠, 모자, 선글라스, 양산, 우산"
18,16,비,남,자켓,후드티,면바지,얇은 이너,"레인부츠, 우산"
4,1,비,남,코트,기모후드,기모청바지,히트텍,"레인부츠, 목도리, 우산, 장갑, 핫팩"
19,21,눈,여,가디건,맨투맨,슬랙스,없음,"부츠, 장갑"
8,3,흐림,여,롱패딩,기모후드,기모치마,히트텍,없음
35,34,흐림,여,얇은 가디건,민소매,반바지,없음,"모자, 선글라스, 양산"
9,5,눈,남,코트,니트,기모바지,히트텍,"부츠, 장갑"
-7,-12,비,남,코트,기모후드,기모청바지,히트텍,"레인부츠, 목도리, 우산, 장갑, 핫팩"
19,21,비,남,자켓,후드티,면바지,없음,"레인부츠, 우산"
34,30,맑음,여,얇은 가디건,반팔,치마,없음,"모자, 선글라스, 양산"
32,27,흐림,여,얇은 가디건,반팔,치마,없음,"모자, 선글라스, 양산"
16,11,맑음,남,가디건,긴팔티,면바지,없음,없음
-7,-8,비,여,롱패딩,니트,기모레깅스,히트텍,"레인부츠, 목도리, 우산, 장갑, 핫팩"
17,13,눈,여,가디건,긴팔티,롱스커트,얇은 이너,"부츠, 장갑"
21,19,비,여,자켓,맨투맨,슬랙스,없음,"레인부츠, 우산"
-9,-12,눈,남,패딩,기모후드,기모청바지,히트텍,"목도리, 부츠, 장갑, 핫팩"
25,21,흐림,남,얇은 가디건,민소매,면반바지,없음,"모자, 선글라스, 양산"
31,33,비,여,없음,민소매,치마,없음,"레인부츠, 모자, 선글라스, 양산, 우산"
27,27,흐림,남,얇은 가디건,반팔,반바지,없음,"모자, 선글라스, 양산"
25,24,맑음,여,얇은 가디건,반팔,치마,없음,"모자, 선글라스, 양산"
-8,-8,맑음,남,롱패딩,히트텍,기모바지,히트텍,"목도리, 장갑, 핫팩"
-7,-6,비,남,롱패딩,기모후드,기모청바지,히트텍,"레인부츠, 목도리, 우산, 장갑, 핫팩"
8,8,비,여,패딩,히트텍,기모바지,히트텍,"레인부츠, 우산"
29,30,눈,남,얇은 가디건,반팔,반바지,없음,"모자, 부츠, 선글라스, 양산, 장갑"
29,27,눈,여,없음,반팔,반바지,없음,"모자, 부츠, 선글라스, 양산, 장갑"
7,6,맑음,남,코트,기모후드,기모청바지,히트텍,없음
20,16,비,여,후드집업,후드티,롱스커트,없음,"레인부츠, 우산"
26,25,맑음,여,얇은 가디건,반팔,반바지,없음,"모자, 선글라스, 양산"
-9,-10,흐림,남,롱패딩,니트,기모바지,히트텍,"목도리, 장갑, 핫팩"
14,9,눈,여,후드집업,맨투맨,롱스커트,없음,"부츠, 장갑"
17,15,비,남,가디건,긴팔티,슬랙스,얇은 이너,"레인부츠, 우산"
33,36,흐림,여,얇은 가디건,민소매,치마,없음,"모자, 선글라스, 양산"
27,24,눈,여,얇은 가디건,반팔,치마,없음,"모자, 부츠, 선글라스, 양산, 장갑"
30,26,눈,남,없음,반팔,반바지,없음,"모자, 부츠, 선글라스, 양산, 장갑"
21,17,눈,남,자켓,긴팔티,청바지,없음,"부츠, 장갑"
17,19,흐림,남,후드집업,긴팔티,청바지,없음,없음
-1,-4,비,여,코트,히트텍,기모레깅스,히트텍,"레인부츠, 목도리, 우산, 장갑, 핫팩"
-10,-13,비,여,코트,니트,기모레깅스,히트텍,"레인부츠, 목도리, 우산, 장갑, 핫팩"
-8,-7,비,남,패딩,히트텍,기모바지,히트텍,"레인부츠, 목도리, 우산, 장갑, 핫팩"
5,3,맑음,남,코트,히트텍,기모바지,히트텍,"목도리, 장갑, 핫팩"
26,29,흐림,여,얇은 가디건,반팔,반바지,없음,"모자, 선글라스, 양산"
9,11,눈,남,패딩,니트,기모청바지,히트텍,"부츠, 장갑"
2,2,흐림,남,롱패딩,니트,기모바지,히트텍,"목도리, 장갑, 핫팩"
11,10,흐림,여,자켓,맨투맨,롱스커트,없음,없음
-8,-5,눈,여,롱패딩,히트텍,기모레깅스,히트텍,"목도리, 부츠, 장갑, 핫팩"
30,28,비,여,얇은 가디건,반팔,치마,없음,"레인부츠, 모자, 선글라스, 양산, 우산"
-6,-6,비,여,코트,기모후드,기모바지,히트텍,"레인부츠, 목도리, 우산, 장갑, 핫팩"
-6,-7,맑음,남,패딩,니트,기모청바지,히트텍,"목도리, 장갑, 핫팩"
21,22,비,남,자켓,긴팔티,청바지,얇은 이너,"레인부츠, 우산"
19,18,비,남,후드집업,맨투맨,청바지,얇은 이너,"레인부츠, 우산"
5,8,눈,여,코트,기모후드,기모레깅스,히트텍,"목도리, 부츠, 장갑, 핫팩"
22,18,눈,남,가디건,후드티,면바지,없음,"부츠, 장갑"
27,25,비,남,얇은 가디건,민소매,반바지,없음,"레인부츠, 모자, 선글라스, 양산, 우산"
-1,-5,맑음,남,코트,기모후드,기모바지,히트텍,"목도리, 장갑, 핫팩"
-6,-9,비,남,패딩,히트텍,기모바지,히트텍,"레인부츠, 목도리, 우산, 장갑, 핫팩"
11,13,눈,남,자켓,맨투맨,슬랙스,얇은 이너,"부츠, 장갑"
11,9,비,여,가디건,긴팔티,청바지,없음,"레인부츠, 우산"
9,11,맑음,남,롱패딩,니트,기모청바지,히트텍,없음
25,26,흐림,남,얇은 가디건,민소매,반바지,없음,"모자, 선글라스, 양산"
3,0,맑음,남,패딩,히트텍,기모바지,히트텍,"목도리, 장갑, 핫팩"
22,21,흐림,남,가디건,맨투맨,청바지,얇은 이너,없음
-1,-5,맑음,여,코트,기모후드,기모치마,히트텍,"목도리, 장갑, 핫팩"
6,3,흐림,여,코트,히트텍,기모바지,히트텍,없음
17,15,맑음,남,가디건,후드티,슬랙스,없음,없음
31,29,눈,남,얇은 가디건,반팔,면반바지,없음,"모자, 부츠, 선글라스, 양산, 장갑"
-2,0,흐림,남,패딩,기모후드,기모청바지,히트텍,"목도리, 장갑, 핫팩"
27,26,눈,여,없음,민소매,치마,없음,"모자, 부츠, 선글라스, 양산, 장갑"
-8,-7,맑음,여,롱패딩,니트,기모바지,히트텍,"목도리, 장갑, 핫팩"
-5,-6,흐림,남,패딩,기모후드,기모청바지,히트텍,"목도리, 장갑, 핫팩"
22,22,맑음,여,자켓,맨투맨,롱스커트,없음,없음
31,31,맑음,여,얇은 가디건,민소매,치마,없음,"모자, 선글라스, 양산"
24,22,흐림,남,후드집업,긴팔티,면바지,없음,없음
17,15,눈,여,자켓,맨투맨,청바지,얇은 이너,"부츠, 장갑"
17,13,흐림,남,가디건,긴팔티,슬랙스,얇은 이너,없음
26,22,눈,여,얇은 가디건,민소매,반바지,없음,"모자, 부츠, 선글라스, 양산, 장갑"
18,16,비,여,자켓,맨투맨,청바지,없음,"레인부츠, 우산"
9,12,맑음,여,롱패딩,기모후드,기모바지,히트텍,없음
5,7,맑음,남,롱패딩,기모후드,기모바지,히트텍,"목도리, 장갑, 핫팩"
-1,-6,눈,남,코트,기모후드,기모바지,히트텍,"목도리, 부츠, 장갑, 핫팩"
27,29,맑음,남,없음,반팔,면반바지,없음,"모자, 선글라스, 양산"
-9,-12,눈,여,패딩,히트텍,기모치마,히트텍,"목도리, 부츠, 장갑, 핫팩"
0,-4,눈,여,롱패딩,니트,기모레깅스,히트텍,"목도리, 부츠, 장갑, 핫팩"
29,25,비,여,얇은 가디건,민소매,반바지,없음,"레인부츠, 모자, 선글라스, 양산, 우산"
15,11,흐림,여,후드집업,후드티,롱스커트,없음,없음
1,-2,흐림,남,패딩,히트텍,기모청바지,히트텍,"목도리, 장갑, 핫팩"
-6,-5,흐림,여,롱패딩,히트텍,기모바지,히트텍,"목도리, 장갑, 핫팩"
32,32,눈,여,없음,반팔,반바지,없음,"모자, 부츠, 선글라스, 양산, 장갑"
24,19,눈,남,후드집업,후드티,면바지,얇은 이너,"부츠, 장갑"
26,26,흐림,남,얇은 가디건,민소매,면반바지,없음,"모자, 선글라스, 양산"
19,18,비,남,후드집업,후드티,청바지,없음,"레인부츠, 우산"
-3,-6,맑음,남,패딩,기모후드,기모청바지,히트텍,"목도리, 장갑, 핫팩"
30,26,맑음,남,얇은 가디건,민소매,면반바지,없음,"모자, 선글라스, 양산"
27,22,흐림,남,없음,민소매,면반바지,없음,"모자, 선글라스, 양산"
14,13,비,여,가디건,긴팔티,롱스커트,없음,"레인부츠, 우산"
14,12,비,여,자켓,긴팔티,롱스커트,없음,"레인부츠, 우산"
-2,-6,비,여,코트,기모후드,기모레깅스,히트텍,"레인부츠, 목도리, 우산, 장갑, 핫팩"
9,7,눈,남,롱패딩,기모후드,기모바지,히트텍,"부츠, 장갑"
18,16,맑음,남,후드집업,후드티,면바지,없음,없음
12,7,비,여,자켓,후드티,청바지,없음,"레인부츠, 우산"
18,14,맑음,여,후드집업,긴팔티,청바지,없음,없음
-2,-1,눈,여,코트,니트,기모치마,히트텍,"목도리, 부츠, 장갑, 핫팩"
0,-4,눈,남,코트,히트텍,기모청바지,히트텍,"목도리, 부츠, 장갑, 핫팩"
5,3,맑음,여,코트,히트텍,기모레깅스,히트텍,"목도리, 장갑, 핫팩"
11,7,눈,남,자켓,맨투맨,면바지,얇은 이너,"부츠, 장갑"
30,28,흐림,남,얇은 가디건,민소매,면반바지,없음,"모자, 선글라스, 양산"
-1,1,비,여,패딩,니트,기모바지,히트텍,"레인부츠, 목도리, 우산, 장갑, 핫팩"
-1,-6,맑음,여,코트,기모후드,기모치마,히트텍,"목도리, 장갑, 핫팩"
-2,-4,흐림,여,롱패딩,히트텍,기모레깅스,히트텍,"목도리, 장갑, 핫팩"
7,4,맑음,여,코트,히트텍,기모레깅스,히트텍,없음
-6,-9,비,여,코트,히트텍,기모치마,히트텍,"레인부츠, 목도리, 우산, 장갑, 핫팩"
33,28,맑음,남,없음,반팔,면반바지,없음,"모자, 선글라스, 양산"
-9,-10,흐림,여,코트,니트,기모치마,히트텍,"목도리, 장갑, 핫팩"
9,11,맑음,여,롱패딩,히트텍,기모치마,히트텍,없음
6,1,흐림,여,패딩,니트,기모치마,히트텍,없음
29,26,비,여,없음,반팔,반바지,없음,"레인부츠, 모자, 선글라스, 양산, 우산"
1,2,맑음,남,롱패딩,기모후드,기모청바지,히트텍,"목도리, 장갑, 핫팩"
4,5,비,남,코트,기모후드,기모바지,히트텍,"레인부츠, 목도리, 우산, 장갑, 핫팩"
34,36,맑음,여,없음,민소매,반바지,없음,"모자, 선글라스, 양산"
14,13,맑음,남,가디건,긴팔티,청바지,없음,없음
12,10,눈,여,가디건,맨투맨,청바지,얇은 이너,"부츠, 장갑"
18,16,흐림,남,자켓,후드티,면바지,없음,없음
15,17,비,남,가디건,맨투맨,슬랙스,얇은 이너,"레인부츠, 우산"
5,6,눈,여,코트,기모후드,기모레깅스,히트텍,"목도리, 부츠, 장갑, 핫팩"
0,-1,맑음,남,패딩,히트텍,기모청바지,히트텍,"목도리, 장갑, 핫팩"
-4,-8,비,남,코트,니트,기모바지,히트텍,"레인부츠, 목도리, 우산, 장갑, 핫팩"
20,23,흐림,남,후드집업,후드티,슬랙스,얇은 이너,없음
3,2,흐림,남,패딩,니트,기모청바지,히트텍,"목도리, 장갑, 핫팩"
15,14,맑음,남,자켓,후드티,슬랙스,얇은 이너,없음
4,-1,비,남,코트,기모후드,기모바지,히트텍,"레인부츠, 목도리, 우산, 장갑, 핫팩"
-6,-9,흐림,남,코트,니트,기모청바지,히트텍,"목도리, 장갑, 핫팩"
0,-4,맑음,여,패딩,히트텍,기모치마,히트텍,"목도리, 장갑, 핫팩"
2,-1,눈,남,코트,기모후드,기모바지,히트텍,"목도리, 부츠, 장갑, 핫팩"
15,14,흐림,남,후드집업,후드티,슬랙스,얇은 이너,없음
17,16,눈,남,가디건,긴팔티,청바지,없음,"부츠, 장갑"
11,11,맑음,남,후드집업,긴팔티,면바지,없음,없음
0,1,눈,남,코트,히트텍,기모바지,히트텍,"목도리, 부츠, 장갑, 핫팩"
27,29,맑음,남,없음,민소매,반바지,없음,"모자, 선글라스, 양산"
0,2,비,남,패딩,니트,기모청바지,히트텍,"레인부츠, 목도리, 우산, 장갑, 핫팩"
25,26,비,남,얇은 가디건,민소매,면반바지,없음,"레인부츠, 모자, 선글라스, 양산, 우산"
4,6,비,남,코트,기모후드,기모바지,히트텍,"레인부츠, 목도리, 우산, 장갑, 핫팩"
5,8,맑음,여,롱패딩,기모후드,기모치마,히트텍,"목도리, 장갑, 핫팩"
22,24,흐림,여,자켓,후드티,청바지,얇은 이너,없음
8,5,맑음,여,코트,기모후드,기모바지,히트텍,없음
29,28,비,여,없음,민소매,반바지,없음,"레인부츠, 모자, 선글라스, 양산, 우산"
10,12,맑음,여,후드집업,후드티,롱스커트,얇은 이너,없음
20,15,맑음,여,자켓,긴팔티,슬랙스,얇은 이너,없음
24,25,흐림,남,자켓,긴팔티,슬랙스,얇은 이너,없음
10,5,맑음,남,후드집업,맨투맨,면바지,없음,없음
16,15,흐림,여,자켓,후드티,롱스커트,없음,없음
21,19,눈,남,자켓,맨투맨,슬랙스,얇은 이너,"부츠, 장갑"
28,30,흐림,남,얇은 가디건,반팔,반바지,없음,"모자, 선글라스, 양산"
-9,-6,비,남,코트,니트,기모바지,히트텍,"레인부츠, 목도리, 우산, 장갑, 핫팩"
13,8,흐림,여,자켓,긴팔티,슬랙스,얇은 이너,없음
0,3,눈,여,패딩,히트텍,기모레깅스,히트텍,"목도리, 부츠, 장갑, 핫팩"
34,30,흐림,남,얇은 가디건,민소매,면반바지,없음,"모자, 선글라스, 양산"
29,24,비,남,얇은 가디건,민소매,반바지,없음,"레인부츠, 모자, 선글라스, 양산, 우산"
27,27,흐림,남,얇은 가디건,민소매,면반바지,없음,"모자, 선글라스, 양산"
2,-1,눈,남,패딩,기모후드,기모청바지,히트텍,"목도리, 부츠, 장갑, 핫팩"
21,21,맑음,남,후드집업,긴팔티,청바지,없음,없음
-6,-5,눈,남,코트,기모후드,기모청바지,히트텍,"목도리, 부츠, 장갑, 핫팩"
15,17,맑음,여,가디건,맨투맨,청바지,얇은 이너,없음
6,5,흐림,남,패딩,기모후드,기모바지,히트텍,없음
11,9,눈,여,자켓,맨투맨,롱스커트,얇은 이너,"부츠, 장갑"
2,5,흐림,남,코트,기모후드,기모바지,히트텍,"목도리, 장갑, 핫팩"
1,2,맑음,남,코트,기모후드,기모바지,히트텍,"목도리, 장갑, 핫팩"
-6,-8,눈,남,코트,니트,기모청바지,히트텍,"목도리, 부츠, 장갑, 핫팩"
32,32,눈,여,얇은 가디건,민소매,반바지,없음,"모자, 부츠, 선글라스, 양산, 장갑"
-9,-9,맑음,남,코트,히트텍,기모바지,히트텍,"목도리, 장갑, 핫팩"
19,20,맑음,여,가디건,맨투맨,청바지,얇은 이너,없음
22,25,비,여,자켓,맨투맨,청바지,얇은 이너,"레인부츠, 우산"
-4,-1,맑음,남,패딩,기모후드,기모청바지,히트텍,"목도리, 장갑, 핫팩"
15,13,맑음,여,자켓,긴팔티,슬랙스,얇은 이너,없음
17,17,흐림,여,후드집업,맨투맨,롱스커트,얇은 이너,없음
2,4,눈,남,코트,니트,기모청바지,히트텍,"목도리, 부츠, 장갑, 핫팩"
19,16,맑음,여,후드집업,긴팔티,롱스커트,없음,없음
23,26,비,여,후드집업,맨투맨,슬랙스,없음,"레인부츠, 우산"
33,33,눈,여,얇은 가디건,민소매,반바지,없음,"모자, 부츠, 선글라스, 양산, 장갑"
13,10,맑음,남,자켓,맨투맨,슬랙스,없음,없음
17,12,비,여,가디건,후드티,롱스커트,없음,"레인부츠, 우산"
9,12,눈,여,코트,히트텍,기모레깅스,히트텍,"부츠, 장갑"
4,7,눈,남,코트,기모후드,기모청바지,히트텍,"목도리, 부츠, 장갑, 핫팩"
19,20,맑음,여,자켓,후드티,청바지,얇은 이너,없음
-1,1,눈,여,코트,기모후드,기모레깅스,히트텍,"목도리, 부츠, 장갑, 핫팩"
33,32,비,여,없음,민소매,반바지,없음,"레인부츠, 모자, 선글라스, 양산, 우산"
-5,-6,눈,남,패딩,기모후드,기모바지,히트텍,"목도리, 부츠, 장갑, 핫팩"
8,11,흐림,남,코트,니트,기모청바지,히트텍,없음
21,16,눈,여,자켓,맨투맨,롱스커트,없음,"부츠, 장갑"
15,12,눈,남,자켓,맨투맨,청바지,얇은 이너,"부츠, 장갑"
-9,-11,흐림,남,코트,니트,기모바지,히트텍,"목도리, 장갑, 핫팩"
26,24,비,여,없음,반팔,치마,없음,"레인부츠, 모자, 선글라스, 양산, 우산"
10,6,맑음,여,후드집업,후드티,롱스커트,없음,없음
6,1,맑음,여,패딩,니트,기모바지,히트텍,없음
8,4,비,남,코트,히트텍,기모청바지,히트텍,"레인부츠, 우산"
2,-2,눈,여,패딩,니트,기모레깅스,히트텍,"목도리, 부츠, 장갑, 핫팩"
6,6,맑음,남,롱패딩,기모후드,기모청바지,히트텍,없음
25,26,눈,여,얇은 가디건,민소매,반바지,없음,"모자, 부츠, 선글라스, 양산, 장갑"
12,8,맑음,남,자켓,맨투맨,청바지,없음,없음
9,10,맑음,남,코트,기모후드,기모바지,히트텍,없음
17,14,흐림,남,자켓,긴팔티,면바지,없음,없음
15,13,맑음,남,후드집업,긴팔티,면바지,얇은 이너,없음
29,30,눈,여,없음,민소매,반바지,없음,"모자, 부츠, 선글라스, 양산, 장갑"
25,26,맑음,남,얇은 가디건,반팔,면반바지,없음,"모자, 선글라스, 양산"
26,29,비,남,없음,반팔,면반바지,없음,"레인부츠, 모자, 선글라스, 양산, 우산"
2,-3,눈,남,패딩,기모후드,기모청바지,히트텍,"목도리, 부츠, 장갑, 핫팩"
8,11,비,여,패딩,니트,기모레깅스,히트텍,"레인부츠, 우산"
35,38,비,여,없음,반팔,치마,없음,"레인부츠, 모자, 선글라스, 양산, 우산"
3,2,맑음,여,롱패딩,기모후드,기모치마,히트텍,"목도리, 장갑, 핫팩"
17,17,흐림,여,자켓,맨투맨,청바지,없음,없음
20,17,눈,여,후드집업,맨투맨,롱스커트,없음,"부츠, 장갑"
25,22,맑음,남,없음,민소매,반바지,없음,"모자, 선글라스, 양산"
1,-4,비,여,롱패딩,기모후드,기모바지,히트텍,"레인부츠, 목도리, 우산, 장갑, 핫팩"
34,29,비,여,없음,민소매,치마,없음,"레인부츠, 모자, 선글라스, 양산, 우산"
3,2,맑음,여,패딩,니트,기모바지,히트텍,"목도리, 장갑, 핫팩"
16,17,눈,여,자켓,맨투맨,슬랙스,없음,"부츠, 장갑"
-5,-6,눈,여,코트,기모후드,기모치마,히트텍,"목도리, 부츠, 장갑, 핫팩"
0,-4,흐림,남,패딩,기모후드,기모바지,히트텍,"목도리, 장갑, 핫팩"
8,6,눈,여,롱패딩,히트텍,기모레깅스,히트텍,"부츠, 장갑"
29,26,비,남,없음,민소매,반바지,없음,"레인부츠, 모자, 선글라스, 양산, 우산"
17,12,비,여,자켓,맨투맨,슬랙스,얇은 이너,"레인부츠, 우산"
19,22,비,남,자켓,맨투맨,면바지,없음,"레인부츠, 우산"
-1,-5,맑음,여,롱패딩,기모후드,기모레깅스,히트텍,"목도리, 장갑, 핫팩"
23,26,흐림,여,자켓,긴팔티,청바지,얇은 이너,없음
25,24,눈,남,없음,민소매,반바지,없음,"모자, 부츠, 선글라스, 양산, 장갑"
32,34,맑음,남,얇은 가디건,반팔,반바지,없음,"모자, 선글라스, 양산"
-4,-6,비,여,롱패딩,히트텍,기모치마,히트텍,"레인부츠, 목도리, 우산, 장갑, 핫팩"
1,-1,비,남,코트,기모후드,기모바지,히트텍,"레인부츠, 목도리, 우산, 장갑, 핫팩"
24,26,맑음,남,후드집업,긴팔티,면바지,얇은 이너,없음
33,33,맑음,여,없음,민소매,반바지,없음,"모자, 선글라스, 양산"
29,28,맑음,여,얇은 가디건,민소매,반바지,없음,"모자, 선글라스, 양산"
-4,-5,맑음,여,코트,히트텍,기모레깅스,히트텍,"목도리, 장갑, 핫팩"
29,24,흐림,여,얇은 가디건,민소매,반바지,없음,"모자, 선글라스, 양산"
15,17,비,남,자켓,후드티,면바지,없음,"레인부츠, 우산"
31,27,비,여,없음,민소매,반바지,없음,"레인부츠, 모자, 선글라스, 양산, 우산"
-7,-4,흐림,여,롱패딩,기모후드,기모바지,히트텍,"목도리, 장갑, 핫팩"
28,29,비,남,없음,반팔,면반바지,없음,"레인부츠, 모자, 선글라스, 양산, 우산"
29,32,비,남,얇은 가디건,민소매,면반바지,없음,"레인부츠, 모자, 선글라스, 양산, 우산"
26,24,비,여,없음,민소매,반바지,없음,"레인부츠, 모자, 선글라스, 양산, 우산"
28,23,비,여,없음,반팔,치마,없음,"레인부츠, 모자, 선글라스, 양산, 우산"
0,-2,눈,여,패딩,히트텍,기모치마,히트텍,"목도리, 부츠, 장갑, 핫팩"
-4,-2,눈,여,롱패딩,니트,기모바지,히트텍,"목도리, 부츠, 장갑, 핫팩"
-7,-4,비,여,롱패딩,니트,기모바지,히트텍,"레인부츠, 목도리, 우산, 장갑, 핫팩"
-2,-7,흐림,여,패딩,니트,기모치마,히트텍,"목도리, 장갑, 핫팩"
16,17,흐림,남,가디건,맨투맨,청바지,없음,없음
4,6,눈,남,롱패딩,히트텍,기모바지,히트텍,"목도리, 부츠, 장갑, 핫팩"
-6,-11,눈,여,롱패딩,니트,기모치마,히트텍,"목도리, 부츠, 장갑, 핫팩"
24,26,눈,여,후드집업,긴팔티,청바지,없음,"부츠, 장갑"
-3,-7,눈,여,패딩,기모후드,기모치마,히트텍,"목도리, 부츠, 장갑, 핫팩"
34,29,맑음,여,얇은 가디건,민소매,치마,없음,"모자, 선글라스, 양산"
24,21,흐림,여,가디건,후드티,롱스커트,얇은 이너,없음
12,14,눈,여,가디건,후드티,롱스커트,얇은 이너,"부츠, 장갑"
30,28,눈,여,얇은 가디건,민소매,반바지,없음,"모자, 부츠, 선글라스, 양산, 장갑"
24,27,흐림,여,자켓,후드티,청바지,없음,없음
25,28,비,남,없음,민소매,반바지,없음,"레인부츠, 모자, 선글라스, 양산, 우산"
-6,-9,눈,여,패딩,기모후드,기모레깅스,히트텍,"목도리, 부츠, 장갑, 핫팩"
18,17,눈,남,자켓,후드티,면바지,얇은 이너,"부츠, 장갑"
29,28,눈,남,없음,반팔,반바지,없음,"모자, 부츠, 선글라스, 양산, 장갑"
12,13,눈,남,가디건,후드티,청바지,얇은 이너,"부츠, 장갑"
-10,-9,맑음,여,패딩,니트,기모치마,히트텍,"목도리, 장갑, 핫팩"
12,15,맑음,여,자켓,긴팔티,슬랙스,얇은 이너,없음
35,34,흐림,남,없음,민소매,반바지,없음,"모자, 선글라스, 양산"
22,17,눈,여,가디건,긴팔티,롱스커트,얇은 이너,"부츠, 장갑"
24,24,비,남,후드집업,긴팔티,면바지,없음,"레인부츠, 우산"
23,24,비,여,자켓,긴팔티,슬랙스,없음,"레인부츠, 우산"
35,31,흐림,남,얇은 가디건,민소매,면반바지,없음,"모자, 선글라스, 양산"
-9,-9,눈,여,패딩,니트,기모바지,히트텍,"목도리, 부츠, 장갑, 핫팩"
2,-3,비,남,롱패딩,니트,기모바지,히트텍,"레인부츠, 목도리, 우산, 장갑, 핫팩"
2,4,비,남,코트,니트,기모청바지,히트텍,"레인부츠, 목도리, 우산, 장갑, 핫팩"
27,22,흐림,여,없음,민소매,치마,없음,"모자, 선글라스, 양산"
-7,-7,흐림,남,패딩,기모후드,기모바지,히트텍,"목도리, 장갑, 핫팩"
8,7,맑음,남,롱패딩,기모후드,기모바지,히트텍,없음
30,25,흐림,남,없음,민소매,면반바지,없음,"모자, 선글라스, 양산"
2,2,흐림,여,패딩,히트텍,기모레깅스,히트텍,"목도리, 장갑, 핫팩"
9,11,맑음,남,패딩,니트,기모청바지,히트텍,없음
26,29,눈,남,없음,반팔,면반바지,없음,"모자, 부츠, 선글라스, 양산, 장갑"
10,8,비,남,후드집업,후드티,슬랙스,얇은 이너,"레인부츠, 우산"
-9,-7,맑음,여,패딩,히트텍,기모치마,히트텍,"목도리, 장갑, 핫팩"
-6,-11,비,남,코트,기모후드,기모청바지,히트텍,"레인부츠, 목도리, 우산, 장갑, 핫팩"
21,16,눈,남,가디건,맨투맨,슬랙스,없음,"부츠, 장갑"
2,-2,비,여,코트,니트,기모레깅스,히트텍,"레인부츠, 목도리, 우산, 장갑, 핫팩"
33,30,흐림,남,없음,반팔,반바지,없음,"모자, 선글라스, 양산"
13,11,맑음,여,자켓,긴팔티,롱스커트,없음,없음
13,15,비,남,자켓,긴팔티,면바지,얇은 이너,"레인부츠, 우산"
15,16,눈,남,가디건,맨투맨,청바지,얇은 이너,"부츠, 장갑"
22,21,맑음,여,가디건,긴팔티,청바지,없음,없음
18,13,눈,남,가디건,긴팔티,슬랙스,얇은 이너,"부츠, 장갑"
-3,-4,흐림,여,패딩,히트텍,기모바지,히트텍,"목도리, 장갑, 핫팩"
0,1,눈,여,패딩,니트,기모레깅스,히트텍,"목도리, 부츠, 장갑, 핫팩"
26,27,흐림,남,얇은 가디건,민소매,반바지,없음,"모자, 선글라스, 양산"
24,22,흐림,남,자켓,후드티,슬랙스,없음,없음
-8,-5,눈,남,코트,히트텍,기모바지,히트텍,"목도리, 부츠, 장갑, 핫팩"
2,-3,눈,남,패딩,기모후드,기모청바지,히트텍,"목도리, 부츠, 장갑, 핫팩"
-2,-2,흐림,여,롱패딩,니트,기모레깅스,히트텍,"목도리, 장갑, 핫팩"
8,8,맑음,남,패딩,히트텍,기모바지,히트텍,없음
32,34,맑음,여,얇은 가디건,민소매,반바지,없음,"모자, 선글라스, 양산"
0,2,눈,여,롱패딩,기모후드,기모치마,히트텍,"목도리, 부츠, 장갑, 핫팩"
-7,-8,흐림,여,롱패딩,니트,기모레깅스,히트텍,"목도리, 장갑, 핫팩"
24,26,비,여,후드집업,맨투맨,슬랙스,얇은 이너,"레인부츠, 우산"
26,24,비,남,없음,반팔,반바지,없음,"레인부츠, 모자, 선글라스, 양산, 우산"
24,23,비,여,후드집업,긴팔티,슬랙스,얇은 이너,"레인부츠, 우산"
27,30,비,남,얇은 가디건,민소매,면반바지,없음,"레인부츠, 모자, 선글라스, 양산, 우산"
29,32,눈,여,없음,반팔,치마,없음,"모자, 부츠, 선글라스, 양산, 장갑"
17,19,맑음,남,가디건,긴팔티,슬랙스,얇은 이너,없음
-3,-7,맑음,남,롱패딩,니트,기모청바지,히트텍,"목도리, 장갑, 핫팩"
14,17,눈,남,후드집업,후드티,청바지,얇은 이너,"부츠, 장갑"
-7,-5,맑음,여,코트,기모후드,기모바지,히트텍,"목도리, 장갑, 핫팩"
34,34,흐림,남,얇은 가디건,반팔,면반바지,없음,"모자, 선글라스, 양산"
-2,-7,흐림,여,롱패딩,기모후드,기모레깅스,히트텍,"목도리, 장갑, 핫팩"
-9,-13,비,여,패딩,니트,기모치마,히트텍,"레인부츠, 목도리, 우산, 장갑, 핫팩"
2,5,흐림,남,코트,니트,기모바지,히트텍,"목도리, 장갑, 핫팩"
-2,1,맑음,여,롱패딩,기모후드,기모레깅스,히트텍,"목도리, 장갑, 핫팩"
20,15,흐림,남,후드집업,긴팔티,면바지,없음,없음
20,18,흐림,남,후드집업,후드티,청바지,얇은 이너,없음
18,14,비,여,후드집업,후드티,롱스커트,얇은 이너,"레인부츠, 우산"
1,-1,흐림,남,롱패딩,히트텍,기모바지,히트텍,"목도리, 장갑, 핫팩"
30,30,비,남,없음,반팔,반바지,없음,"레인부츠, 모자, 선글라스, 양산, 우산"
31,33,흐림,남,없음,반팔,반바지,없음,"모자, 선글라스, 양산"
-6,-6,비,남,코트,히트텍,기모청바지,히트텍,"레인부츠, 목도리, 우산, 장갑, 핫팩"
-6,-8,흐림,여,롱패딩,니트,기모레깅스,히트텍,"목도리, 장갑, 핫팩"
29,32,맑음,여,얇은 가디건,반팔,치마,없음,"모자, 선글라스, 양산"
14,13,흐림,남,자켓,긴팔티,면바지,없음,없음
-7,-4,비,여,롱패딩,니트,기모레깅스,히트텍,"레인부츠, 목도리, 우산, 장갑, 핫팩"
-8,-6,비,남,롱패딩,니트,기모바지,히트텍,"레인부츠, 목도리, 우산, 장갑, 핫팩"
-6,-8,흐림,여,코트,니트,기모레깅스,히트텍,"목도리, 장갑, 핫팩"
-5,-5,맑음,여,롱패딩,니트,기모레깅스,히트텍,"목도리, 장갑, 핫팩"
32,28,비,남,얇은 가디건,민소매,반바지,없음,"레인부츠, 모자, 선글라스, 양산, 우산"
-7,-6,눈,남,패딩,히트텍,기모청바지,히트텍,"목도리, 부츠, 장갑, 핫팩"
-9,-8,맑음,남,패딩,히트텍,기모청바지,히트텍,"목도리, 장갑, 핫팩"
10,9,맑음,남,후드집업,후드티,면바지,없음,없음
23,26,눈,남,자켓,맨투맨,면바지,없음,"부츠, 장갑"
32,31,흐림,남,얇은 가디건,민소매,반바지,없음,"모자, 선글라스, 양산"
-3,-5,맑음,남,코트,니트,기모청바지,히트텍,"목도리, 장갑, 핫팩"
20,20,비,여,가디건,후드티,청바지,없음,"레인부츠, 우산"
24,26,비,남,자켓,후드티,청바지,얇은 이너,"레인부츠, 우산"
23,20,맑음,여,가디건,후드티,슬랙스,얇은 이너,없음
-5,-8,비,여,롱패딩,히트텍,기모치마,히트텍,"레인부츠, 목도리, 우산, 장갑, 핫팩"
24,23,비,남,자켓,맨투맨,슬랙스,없음,"레인부츠, 우산"
0,-3,맑음,남,코트,기모후드,기모청바지,히트텍,"목도리, 장갑, 핫팩"
11,11,비,남,후드집업,후드티,면바지,얇은 이너,"레인부츠, 우산"
8,4,눈,남,코트,히트텍,기모청바지,히트텍,"부츠, 장갑"
-10,-10,눈,여,패딩,히트텍,기모레깅스,히트텍,"목도리, 부츠, 장갑, 핫팩"
-8,-7,비,남,롱패딩,히트텍,기모바지,히트텍,"레인부츠, 목도리, 우산, 장갑, 핫팩"
17,19,눈,여,후드집업,긴팔티,슬랙스,얇은 이너,"부츠, 장갑"
0,-2,흐림,남,코트,기모후드,기모청바지,히트텍,"목도리, 장갑, 핫팩"
12,13,눈,남,가디건,후드티,슬랙스,얇은 이너,"부츠, 장갑"
15,13,맑음,남,후드집업,후드티,면바지,없음,없음
8,9,맑음,남,패딩,히트텍,기모바지,히트텍,없음
-7,-5,비,남,롱패딩,히트텍,기모바지,히트텍,"레인부츠, 목도리, 우산, 장갑, 핫팩"
12,11,눈,여,자켓,후드티,슬랙스,얇은 이너,"부츠, 장갑"
-1,-2,눈,남,패딩,기모후드,기모청바지,히트텍,"목도리, 부츠, 장갑, 핫팩"
-9,-12,맑음,여,롱패딩,니트,기모치마,히트텍,"목도리, 장갑, 핫팩"
16,14,눈,여,가디건,긴팔티,롱스커트,없음,"부츠, 장갑"
28,31,눈,여,얇은 가디건,민소매,치마,없음,"모자, 부츠, 선글라스, 양산, 장갑"
-8,-7,비,여,코트,기모후드,기모레깅스,히트텍,"레인부츠, 목도리, 우산, 장갑, 핫팩"
5,8,비,여,코트,니트,기모바지,히트텍,"레인부츠, 목도리, 우산, 장갑, 핫팩"
-4,-8,눈,남,패딩,기모후드,기모청바지,히트텍,"목도리, 부츠, 장갑, 핫팩"
35,37,비,남,없음,민소매,면반바지,없음,"레인부츠, 모자, 선글라스, 양산, 우산"
4,4,흐림,여,패딩,니트,기모치마,히트텍,"목도리, 장갑, 핫팩"
12,15,눈,남,가디건,맨투맨,슬랙스,없음,"부츠, 장갑"
21,19,맑음,남,후드집업,후드티,청바지,얇은 이너,없음
-9,-11,맑음,남,패딩,니트,기모바지,히트텍,"목도리, 장갑, 핫팩"
-7,-9,맑음,남,패딩,니트,기모청바지,히트텍,"목도리, 장갑, 핫팩"
23,23,흐림,남,자켓,긴팔티,슬랙스,없음,없음
22,20,흐림,남,가디건,긴팔티,슬랙스,얇은 이너,없음
34,31,비,여,없음,반팔,치마,없음,"레인부츠, 모자, 선글라스, 양산, 우산"
0,-5,비,남,롱패딩,히트텍,기모바지,히트텍,"레인부츠, 목도리, 우산, 장갑, 핫팩"
7,2,흐림,남,패딩,히트텍,기모바지,히트텍,없음
24,25,맑음,여,자켓,맨투맨,롱스커트,얇은 이너,없음
23,22,눈,여,자켓,맨투맨,롱스커트,얇은 이너,"부츠, 장갑"
25,24,맑음,여,얇은 가디건,민소매,치마,없음,"모자, 선글라스, 양산"
18,14,비,남,자켓,긴팔티,면바지,얇은 이너,"레인부츠, 우산"
31,28,흐림,여,없음,민소매,치마,없음,"모자, 선글라스, 양산"
12,10,흐림,남,후드집업,긴팔티,청바지,얇은 이너,없음
3,-2,눈,남,롱패딩,기모후드,기모바지,히트텍,"목도리, 부츠, 장갑, 핫팩"
17,16,비,남,후드집업,긴팔티,면바지,얇은 이너,"레인부츠, 우산"
21,23,비,여,가디건,맨투맨,청바지,얇은 이너,"레인부츠, 우산"
13,12,비,남,후드집업,긴팔티,슬랙스,없음,"레인부츠, 우산"
0,-4,눈,여,패딩,니트,기모바지,히트텍,"목도리, 부츠, 장갑, 핫팩"
25,21,흐림,남,얇은 가디건,민소매,반바지,없음,"모자, 선글라스, 양산"
-6,-7,비,남,패딩,기모후드,기모바지,히트텍,"레인부츠, 목도리, 우산, 장갑, 핫팩"
34,30,맑음,여,얇은 가디건,반팔,치마,없음,"모자, 선글라스, 양산"
10,13,비,남,가디건,긴팔티,청바지,없음,"레인부츠, 우산"
-5,-10,맑음,여,패딩,히트텍,기모레깅스,히트텍,"목도리, 장갑, 핫팩"
-7,-7,눈,남,코트,히트텍,기모청바지,히트텍,"목도리, 부츠, 장갑, 핫팩"
-6,-6,흐림,남,패딩,니트,기모바지,히트텍,"목도리, 장갑, 핫팩"
19,18,눈,남,자켓,맨투맨,슬랙스,얇은 이너,"부츠, 장갑"
33,30,흐림,여,얇은 가디건,민소매,치마,없음,"모자, 선글라스, 양산"
-1,-2,눈,여,코트,니트,기모레깅스,히트텍,"목도리, 부츠, 장갑, 핫팩"
-8,-6,맑음,남,패딩,히트텍,기모청바지,히트텍,"목도리, 장갑, 핫팩"
34,35,맑음,여,얇은 가디건,민소매,치마,없음,"모자, 선글라스, 양산"
-6,-8,맑음,남,코트,니트,기모바지,히트텍,"목도리, 장갑, 핫팩"
33,31,흐림,남,없음,민소매,면반바지,없음,"모자, 선글라스, 양산"
20,20,눈,남,가디건,긴팔티,슬랙스,얇은 이너,"부츠, 장갑"
5,7,흐림,여,코트,기모후드,기모레깅스,히트텍,"목도리, 장갑, 핫팩"
26,22,흐림,여,얇은 가디건,반팔,반바지,없음,"모자, 선글라스, 양산"
25,28,비,남,없음,민소매,면반바지,없음,"레인부츠, 모자, 선글라스, 양산, 우산"
0,-3,맑음,여,패딩,니트,기모레깅스,히트텍,"목도리, 장갑, 핫팩"
-1,-6,비,여,패딩,기모후드,기모레깅스,히트텍,"레인부츠, 목도리, 우산, 장갑, 핫팩"
18,20,비,남,가디건,후드티,면바지,없음,"레인부츠, 우산"
15,10,눈,여,자켓,후드티,청바지,얇은 이너,"부츠, 장갑"
4,2,비,남,코트,히트텍,기모청바지,히트텍,"레인부츠, 목도리, 우산, 장갑, 핫팩"
-8,-5,흐림,여,롱패딩,기모후드,기모레깅스,히트텍,"목도리, 장갑, 핫팩"
16,16,맑음,여,자켓,긴팔티,청바지,없음,없음
15,13,흐림,남,가디건,후드티,면바지,얇은 이너,없음
16,18,눈,남,자켓,맨투맨,면바지,없음,"부츠, 장갑"
18,16,맑음,여,자켓,맨투맨,슬랙스,얇은 이너,없음
7,10,맑음,남,코트,기모후드,기모청바지,히트텍,없음
5,7,눈,남,패딩,히트텍,기모청바지,히트텍,"목도리, 부츠, 장갑, 핫팩"
3,6,흐림,여,롱패딩,기모후드,기모치마,히트텍,"목도리, 장갑, 핫팩"
7,6,흐림,남,코트,기모후드,기모청바지,히트텍,없음
24,21,비,남,가디건,긴팔티,면바지,얇은 이너,"레인부츠, 우산"
4,2,비,남,롱패딩,기모후드,기모바지,히트텍,"레인부츠, 목도리, 우산, 장갑, 핫팩"
14,17,맑음,여,가디건,후드티,청바지,없음,없음
28,27,비,여,얇은 가디건,민소매,반바지,없음,"레인부츠, 모자, 선글라스, 양산, 우산"
-8,-10,흐림,남,코트,히트텍,기모바지,히트텍,"목도리, 장갑, 핫팩"
18,15,흐림,남,후드집업,긴팔티,청바지,얇은 이너,없음
-10,-9,흐림,여,롱패딩,니트,기모레깅스,히트텍,"목도리, 장갑, 핫팩"
34,31,비,여,얇은 가디건,민소매,반바지,없음,"레인부츠, 모자, 선글라스, 양산, 우산"
-7,-7,흐림,여,패딩,기모후드,기모레깅스,히트텍,"목도리, 장갑, 핫팩"
17,19,비,남,자켓,후드티,청바지,얇은 이너,"레인부츠, 우산"
18,18,맑음,여,가디건,후드티,롱스커트,없음,없음
-2,0,비,남,코트,기모후드,기모바지,히트텍,"레인부츠, 목도리, 우산, 장갑, 핫팩"
11,14,흐림,남,가디건,맨투맨,슬랙스,얇은 이너,없음
17,19,눈,남,자켓,맨투맨,청바지,얇은 이너,"부츠, 장갑"
17,15,눈,여,후드집업,맨투맨,청바지,없음,"부츠, 장갑"
2,5,흐림,여,패딩,히트텍,기모레깅스,히트텍,"목도리, 장갑, 핫팩"
19,22,비,남,자켓,후드티,슬랙스,없음,"레인부츠, 우산"
26,25,맑음,남,얇은 가디건,민소매,면반바지,없음,"모자, 선글라스, 양산"
6,5,비,여,패딩,니트,기모레깅스,히트텍,"레인부츠, 우산"
28,30,맑음,여,얇은 가디건,반팔,반바지,없음,"모자, 선글라스, 양산"
-3,0,맑음,여,코트,히트텍,기모레깅스,히트텍,"목도리, 장갑, 핫팩"
16,14,맑음,여,자켓,긴팔티,청바지,없음,없음
3,5,비,여,코트,기모후드,기모치마,히트텍,"레인부츠, 목도리, 우산, 장갑, 핫팩"
32,35,비,남,없음,민소매,면반바지,없음,"레인부츠, 모자, 선글라스, 양산, 우산"
6,2,비,여,코트,히트텍,기모치마,히트텍,"레인부츠, 우산"
3,0,비,남,코트,기모후드,기모청바지,히트텍,"레인부츠, 목도리, 우산, 장갑, 핫팩"
17,20,흐림,여,후드집업,후드티,청바지,없음,없음
9,9,눈,여,패딩,니트,기모바지,히트텍,"부츠, 장갑"
21,16,비,여,자켓,맨투맨,청바지,얇은 이너,"레인부츠, 우산"
31,33,비,남,없음,반팔,반바지,없음,"레인부츠, 모자, 선글라스, 양산, 우산"
13,13,맑음,남,가디건,맨투맨,슬랙스,없음,없음
24,20,눈,여,가디건,긴팔티,슬랙스,얇은 이너,"부츠, 장갑"
-4,-4,눈,여,코트,니트,기모바지,히트텍,"목도리, 부츠, 장갑, 핫팩"
34,30,맑음,여,없음,반팔,치마,없음,"모자, 선글라스, 양산"
-8,-9,눈,남,패딩,니트,기모바지,히트텍,"목도리, 부츠, 장갑, 핫팩"
31,30,흐림,남,없음,반팔,면반바지,없음,"모자, 선글라스, 양산"
29,28,비,여,없음,민소매,치마,없음,"레인부츠, 모자, 선글라스, 양산, 우산"
14,12,맑음,남,자켓,후드티,청바지,없음,없음
14,16,눈,남,자켓,후드티,면바지,없음,"부츠, 장갑"
25,27,비,남,얇은 가디건,반팔,반바지,없음,"레인부츠, 모자, 선글라스, 양산, 우산"
-8,-10,비,여,롱패딩,니트,기모바지,히트텍,"레인부츠, 목도리, 우산, 장갑, 핫팩"
16,11,맑음,남,자켓,후드티,면바지,얇은 이너,없음
23,19,맑음,남,후드집업,긴팔티,청바지,얇은 이너,없음
-10,-12,맑음,여,패딩,니트,기모치마,히트텍,"목도리, 장갑, 핫팩"
35,37,비,여,얇은 가디건,민소매,반바지,없음,"레인부츠, 모자, 선글라스, 양산, 우산"
33,28,흐림,여,없음,반팔,치마,없음,"모자, 선글라스, 양산"
16,16,흐림,여,후드집업,긴팔티,슬랙스,없음,없음
25,21,비,여,얇은 가디건,반팔,치마,없음,"레인부츠, 모자, 선글라스, 양산, 우산"
19,16,맑음,남,후드집업,긴팔티,청바지,없음,없음
20,20,눈,여,가디건,후드티,슬랙스,얇은 이너,"부츠, 장갑"
-5,-7,맑음,남,롱패딩,니트,기모바지,히트텍,"목도리, 장갑, 핫팩"
-1,-3,흐림,남,롱패딩,니트,기모청바지,히트텍,"목도리, 장갑, 핫팩"
7,6,흐림,여,패딩,기모후드,기모치마,히트텍,없음
10,5,흐림,남,후드집업,긴팔티,면바지,없음,없음
18,17,눈,남,자켓,후드티,면바지,없음,"부츠, 장갑"
-4,-4,맑음,남,코트,히트텍,기모바지,히트텍,"목도리, 장갑, 핫팩"
6,1,눈,여,롱패딩,기모후드,기모레깅스,히트텍,"부츠, 장갑"
11,10,흐림,여,가디건,맨투맨,슬랙스,얇은 이너,없음
-5,-3,맑음,여,코트,니트,기모레깅스,히트텍,"목도리, 장갑, 핫팩"
33,28,눈,남,얇은 가디건,민소매,면반바지,없음,"모자, 부츠, 선글라스, 양산, 장갑"
26,28,흐림,여,얇은 가디건,반팔,반바지,없음,"모자, 선글라스, 양산"
17,16,맑음,남,자켓,맨투맨,슬랙스,없음,없음
-6,-4,비,남,패딩,니트,기모바지,히트텍,"레인부츠, 목도리, 우산, 장갑, 핫팩"
31,29,흐림,남,없음,반팔,반바지,없음,"모자, 선글라스, 양산"
33,28,비,여,얇은 가디건,민소매,치마,없음,"레인부츠, 모자, 선글라스, 양산, 우산"
6,7,맑음,남,코트,니트,기모바지,히트텍,없음
-3,-6,비,남,코트,히트텍,기모청바지,히트텍,"레인부츠, 목도리, 우산, 장갑, 핫팩"
-1,-4,비,남,롱패딩,기모후드,기모바지,히트텍,"레인부츠, 목도리, 우산, 장갑, 핫팩"
-9,-6,맑음,여,코트,니트,기모치마,히트텍,"목도리, 장갑, 핫팩"
1,2,눈,여,롱패딩,히트텍,기모바지,히트텍,"목도리, 부츠, 장갑, 핫팩"
-1,-4,눈,여,코트,기모후드,기모바지,히트텍,"목도리, 부츠, 장갑, 핫팩"
25,23,비,남,얇은 가디건,반팔,반바지,없음,"레인부츠, 모자, 선글라스, 양산, 우산"
26,23,눈,남,얇은 가디건,민소매,면반바지,없음,"모자, 부츠, 선글라스, 양산, 장갑"
34,29,맑음,남,없음,반팔,반바지,없음,"모자, 선글라스, 양산"
29,24,맑음,남,얇은 가디건,민소매,반바지,없음,"모자, 선글라스, 양산"
26,22,비,여,얇은 가디건,민소매,반바지,없음,"레인부츠, 모자, 선글라스, 양산, 우산"
-3,-6,맑음,여,코트,히트텍,기모치마,히트텍,"목도리, 장갑, 핫팩"
23,22,흐림,남,후드집업,맨투맨,청바지,얇은 이너,없음
9,7,비,여,코트,히트텍,기모바지,히트텍,"레인부츠, 우산"
23,24,비,남,후드집업,맨투맨,청바지,없음,"레인부츠, 우산"
10,11,맑음,여,후드집업,긴팔티,슬랙스,얇은 이너,없음
9,12,맑음,여,롱패딩,기모후드,기모치마,히트텍,없음
20,18,맑음,남,자켓,긴팔티,청바지,없음,없음
27,28,흐림,여,얇은 가디건,반팔,반바지,없음,"모자, 선글라스, 양산"
33,29,비,여,없음,반팔,치마,없음,"레인부츠, 모자, 선글라스, 양산, 우산"
21,19,흐림,남,자켓,맨투맨,청바지,얇은 이너,없음
18,18,흐림,남,후드집업,긴팔티,청바지,얇은 이너,없음
-5,-7,눈,남,코트,히트텍,기모바지,히트텍,"목도리, 부츠, 장갑, 핫팩"
16,18,흐림,남,가디건,긴팔티,면바지,없음,없음
7,6,흐림,여,롱패딩,히트텍,기모치마,히트텍,없음
29,26,흐림,남,없음,민소매,반바지,없음,"모자, 선글라스, 양산"
12,8,비,남,자켓,후드티,청바지,얇은 이너,"레인부츠, 우산"
28,29,눈,여,얇은 가디건,반팔,치마,없음,"모자, 부츠, 선글라스, 양산, 장갑"
-6,-10,눈,여,코트,기모후드,기모바지,히트텍,"목도리, 부츠, 장갑, 핫팩"
33,29,비,여,없음,민소매,반바지,없음,"레인부츠, 모자, 선글라스, 양산, 우산"
24,24,맑음,여,가디건,맨투맨,청바지,얇은 이너,없음
-5,-8,흐림,여,패딩,기모후드,기모바지,히트텍,"목도리, 장갑, 핫팩"
19,16,비,여,후드집업,맨투맨,슬랙스,얇은 이너,"레인부츠, 우산"
33,36,흐림,여,얇은 가디건,민소매,치마,없음,"모자, 선글라스, 양산"
3,0,맑음,여,패딩,니트,기모레깅스,히트텍,"목도리, 장갑, 핫팩"
26,25,흐림,여,얇은 가디건,반팔,치마,없음,"모자, 선글라스, 양산"
9,5,비,남,패딩,니트,기모청바지,히트텍,"레인부츠, 우산"
-5,-2,흐림,남,패딩,기모후드,기모청바지,히트텍,"목도리, 장갑, 핫팩"
32,31,흐림,여,얇은 가디건,민소매,반바지,없음,"모자, 선글라스, 양산"
-3,-3,흐림,여,코트,히트텍,기모바지,히트텍,"목도리, 장갑, 핫팩"
-10,-7,흐림,남,코트,히트텍,기모바지,히트텍,"목도리, 장갑, 핫팩"
29,30,비,여,얇은 가디건,민소매,반바지,없음,"레인부츠, 모자, 선글라스, 양산, 우산"
16,14,흐림,여,후드집업,맨투맨,청바지,얇은 이너,없음
5,3,비,남,패딩,기모후드,기모바지,히트텍,"레인부츠, 목도리, 우산, 장갑, 핫팩"
22,23,눈,남,가디건,긴팔티,청바지,얇은 이너,"부츠, 장갑"
5,5,흐림,남,롱패딩,니트,기모바지,히트텍,"목도리, 장갑, 핫팩"
6,1,비,여,코트,히트텍,기모치마,히트텍,"레인부츠, 우산"
18,14,맑음,남,가디건,맨투맨,면바지,얇은 이너,없음
-5,-7,흐림,남,롱패딩,히트텍,기모바지,히트텍,"목도리, 장갑, 핫팩"
9,4,비,여,코트,히트텍,기모바지,히트텍,"레인부츠, 우산"
23,26,흐림,여,가디건,후드티,롱스커트,얇은 이너,없음
19,22,비,남,가디건,맨투맨,슬랙스,없음,"레인부츠, 우산"
0,2,흐림,여,패딩,니트,기모치마,히트텍,"목도리, 장갑, 핫팩"
12,15,비,여,자켓,긴팔티,롱스커트,없음,"레인부츠, 우산"
22,21,비,여,가디건,후드티,청바지,얇은 이너,"레인부츠, 우산"
24,23,비,여,자켓,긴팔티,롱스커트,없음,"레인부츠, 우산"
9,8,맑음,여,롱패딩,니트,기모치마,히트텍,없음
13,11,눈,여,후드집업,긴팔티,청바지,얇은 이너,"부츠, 장갑"
22,17,흐림,남,가디건,후드티,슬랙스,없음,없음
31,32,흐림,남,없음,민소매,반바지,없음,"모자, 선글라스, 양산"
17,17,비,남,후드집업,후드티,청바지,없음,"레인부츠, 우산"
21,23,비,여,가디건,맨투맨,슬랙스,없음,"레인부츠, 우산"
16,14,흐림,남,후드집업,긴팔티,청바지,얇은 이너,없음
26,29,비,남,없음,반팔,면반바지,없음,"레인부츠, 모자, 선글라스, 양산, 우산"
20,18,눈,여,후드집업,맨투맨,롱스커트,얇은 이너,"부츠, 장갑"
25,26,눈,남,얇은 가디건,반팔,면반바지,없음,"모자, 부츠, 선글라스, 양산, 장갑"
32,34,비,여,없음,민소매,치마,없음,"레인부츠, 모자, 선글라스, 양산, 우산"
27,25,흐림,여,얇은 가디건,반팔,반바지,없음,"모자, 선글라스, 양산"
27,30,흐림,여,얇은 가디건,반팔,치마,없음,"모자, 선글라스, 양산"
28,27,비,남,얇은 가디건,민소매,반바지,없음,"레인부츠, 모자, 선글라스, 양산, 우산"
-4,-2,맑음,여,패딩,히트텍,기모치마,히트텍,"목도리, 장갑, 핫팩"
8,7,맑음,여,패딩,니트,기모레깅스,히트텍,없음
33,35,맑음,남,얇은 가디건,반팔,반바지,없음,"모자, 선글라스, 양산"
-9,-13,눈,여,롱패딩,기모후드,기모레깅스,히트텍,"목도리, 부츠, 장갑, 핫팩"
-1,-3,맑음,남,롱패딩,히트텍,기모청바지,히트텍,"목도리, 장갑, 핫팩"
29,27,비,남,없음,반팔,반바지,없음,"레인부츠, 모자, 선글라스, 양산, 우산"
19,15,비,여,가디건,긴팔티,롱스커트,없음,"레인부츠, 우산"
22,19,흐림,여,자켓,긴팔티,슬랙스,없음,없음
15,17,비,남,후드집업,긴팔티,청바지,얇은 이너,"레인부츠, 우산"
-9,-8,맑음,여,패딩,히트텍,기모바지,히트텍,"목도리, 장갑, 핫팩"
9,5,맑음,남,패딩,히트텍,기모바지,히트텍,없음
32,30,눈,남,얇은 가디건,민소매,반바지,없음,"모자, 부츠, 선글라스, 양산, 장갑"
7,6,눈,남,롱패딩,히트텍,기모청바지,히트텍,"부츠, 장갑"
-10,-11,흐림,여,코트,기모후드,기모치마,히트텍,"목도리, 장갑, 핫팩"
18,16,맑음,남,후드집업,긴팔티,면바지,없음,없음
13,12,흐림,남,가디건,맨투맨,청바지,얇은 이너,없음
22,17,흐림,여,후드집업,긴팔티,슬랙스,없음,없음
25,26,눈,여,없음,민소매,치마,없음,"모자, 부츠, 선글라스, 양산, 장갑"
24,26,맑음,남,후드집업,긴팔티,청바지,없음,없음
31,26,맑음,여,얇은 가디건,민소매,반바지,없음,"모자, 선글라스, 양산"
21,16,맑음,남,자켓,맨투맨,청바지,없음,없음
-2,-7,눈,여,코트,히트텍,기모치마,히트텍,"목도리, 부츠, 장갑, 핫팩"
-7,-7,맑음,남,패딩,니트,기모청바지,히트텍,"목도리, 장갑, 핫팩"
-7,-9,눈,여,코트,히트텍,기모치마,히트텍,"목도리, 부츠, 장갑, 핫팩"
14,13,비,여,가디건,후드티,슬랙스,얇은 이너,"레인부츠, 우산"
-6,-7,흐림,남,코트,기모후드,기모청바지,히트텍,"목도리, 장갑, 핫팩"
30,26,흐림,여,얇은 가디건,반팔,치마,없음,"모자, 선글라스, 양산"
3,5,맑음,여,코트,기모후드,기모바지,히트텍,"목도리, 장갑, 핫팩"
14,10,비,여,가디건,맨투맨,청바지,얇은 이너,"레인부츠, 우산"
13,8,흐림,여,가디건,맨투맨,청바지,얇은 이너,없음
29,24,눈,여,없음,반팔,반바지,없음,"모자, 부츠, 선글라스, 양산, 장갑"
12,10,맑음,남,후드집업,맨투맨,슬랙스,얇은 이너,없음
5,2,눈,여,패딩,니트,기모레깅스,히트텍,"목도리, 부츠, 장갑, 핫팩"
-8,-9,비,여,롱패딩,기모후드,기모치마,히트텍,"레인부츠, 목도리, 우산, 장갑, 핫팩"
35,32,맑음,여,얇은 가디건,민소매,반바지,없음,"모자, 선글라스, 양산"
33,32,비,남,없음,민소매,반바지,없음,"레인부츠, 모자, 선글라스, 양산, 우산"
17,19,눈,여,후드집업,맨투맨,롱스커트,없음,"부츠, 장갑"
2,1,비,여,롱패딩,히트텍,기모레깅스,히트텍,"레인부츠, 목도리, 우산, 장갑, 핫팩"
-1,-6,흐림,남,코트,기모후드,기모바지,히트텍,"목도리, 장갑, 핫팩"
30,31,눈,여,없음,민소매,반바지,없음,"모자, 부츠, 선글라스, 양산, 장갑"
5,7,비,여,코트,니트,기모치마,히트텍,"레인부츠, 목도리, 우산, 장갑, 핫팩"
1,2,맑음,남,롱패딩,니트,기모바지,히트텍,"목도리, 장갑, 핫팩"
18,14,맑음,여,가디건,후드티,롱스커트,없음,없음
-5,-8,눈,남,패딩,기모후드,기모청바지,히트텍,"목도리, 부츠, 장갑, 핫팩"
30,27,비,여,없음,반팔,치마,없음,"레인부츠, 모자, 선글라스, 양산, 우산"
8,11,흐림,여,코트,니트,기모레깅스,히트텍,없음
4,4,흐림,여,패딩,히트텍,기모레깅스,히트텍,"목도리, 장갑, 핫팩"
12,8,비,여,자켓,맨투맨,청바지,없음,"레인부츠, 우산"
28,27,비,남,없음,민소매,반바지,없음,"레인부츠, 모자, 선글라스, 양산, 우산"
-7,-10,비,여,코트,니트,기모레깅스,히트텍,"레인부츠, 목도리, 우산, 장갑, 핫팩"
11,10,눈,여,후드집업,후드티,슬랙스,없음,"부츠, 장갑"
5,7,맑음,남,패딩,기모후드,기모바지,히트텍,"목도리, 장갑, 핫팩"
-3,-1,비,남,패딩,니트,기모바지,히트텍,"레인부츠, 목도리, 우산, 장갑, 핫팩"
22,17,눈,남,자켓,긴팔티,청바지,없음,"부츠, 장갑"
18,14,맑음,남,가디건,긴팔티,면바지,얇은 이너,없음
31,33,눈,남,얇은 가디건,반팔,면반바지,없음,"모자, 부츠, 선글라스, 양산, 장갑"
17,20,비,여,자켓,후드티,청바지,얇은 이너,"레인부츠, 우산"
9,12,비,여,코트,니트,기모바지,히트텍,"레인부츠, 우산"
-1,-3,흐림,남,코트,히트텍,기모바지,히트텍,"목도리, 장갑, 핫팩"
15,11,눈,여,후드집업,긴팔티,청바지,얇은 이너,"부츠, 장갑"
23,22,맑음,여,가디건,긴팔티,롱스커트,얇은 이너,없음
7,2,비,남,패딩,히트텍,기모청바지,히트텍,"레인부츠, 우산"
24,25,비,여,후드집업,맨투맨,롱스커트,없음,"레인부츠, 우산"
31,34,비,여,얇은 가디건,민소매,치마,없음,"레인부츠, 모자, 선글라스, 양산, 우산"
6,4,흐림,여,코트,히트텍,기모치마,히트텍,없음
-4,-4,비,남,코트,히트텍,기모청바지,히트텍,"레인부츠, 목도리, 우산, 장갑, 핫팩"
-6,-6,눈,여,코트,기모후드,기모바지,히트텍,"목도리, 부츠, 장갑, 핫팩"
16,11,비,여,후드집업,후드티,청바지,얇은 이너,"레인부츠, 우산"
2,2,눈,여,패딩,니트,기모레깅스,히트텍,"목도리, 부츠, 장갑, 핫팩"
20,17,비,여,가디건,맨투맨,슬랙스,없음,"레인부츠, 우산"
-1,0,흐림,여,코트,히트텍,기모바지,히트텍,"목도리, 장갑, 핫팩"
23,21,비,남,후드집업,긴팔티,청바지,얇은 이너,"레인부츠, 우산"
-6,-5,비,남,패딩,히트텍,기모바지,히트텍,"레인부츠, 목도리, 우산, 장갑, 핫팩"
34,33,맑음,남,없음,반팔,면반바지,없음,"모자, 선글라스, 양산"
-3,-8,맑음,여,롱패딩,기모후드,기모레깅스,히트텍,"목도리, 장갑, 핫팩"
13,13,흐림,남,자켓,긴팔티,청바지,얇은 이너,없음
20,22,눈,여,자켓,후드티,청바지,없음,"부츠, 장갑"
-9,-11,맑음,남,코트,히트텍,기모청바지,히트텍,"목도리, 장갑, 핫팩"
-4,-6,흐림,여,롱패딩,히트텍,기모치마,히트텍,"목도리, 장갑, 핫팩"
3,0,흐림,여,롱패딩,히트텍,기모레깅스,히트텍,"목도리, 장갑, 핫팩"
-4,-3,흐림,남,코트,니트,기모청바지,히트텍,"목도리, 장갑, 핫팩"
-6,-4,비,여,패딩,니트,기모치마,히트텍,"레인부츠, 목도리, 우산, 장갑, 핫팩"
10,9,비,남,자켓,맨투맨,면바지,얇은 이너,"레인부츠, 우산"
14,13,흐림,남,가디건,긴팔티,청바지,없음,없음
3,5,눈,여,코트,기모후드,기모치마,히트텍,"목도리, 부츠, 장갑, 핫팩"
-2,-2,맑음,여,코트,기모후드,기모바지,히트텍,"목도리, 장갑, 핫팩"
16,16,맑음,여,자켓,후드티,슬랙스,없음,없음
35,30,눈,남,없음,반팔,면반바지,없음,"모자, 부츠, 선글라스, 양산, 장갑"
15,14,흐림,여,가디건,맨투맨,롱스커트,없음,없음
17,18,눈,여,후드집업,맨투맨,청바지,없음,"부츠, 장갑"
6,4,눈,여,패딩,기모후드,기모바지,히트텍,"부츠, 장갑"
9,11,눈,여,코트,기모후드,기모바지,히트텍,"부츠, 장갑"
-9,-12,흐림,남,패딩,기모후드,기모바지,히트텍,"목도리, 장갑, 핫팩"
4,3,흐림,남,코트,기모후드,기모바지,히트텍,"목도리, 장갑, 핫팩"
7,3,맑음,여,패딩,니트,기모바지,히트텍,없음
29,29,비,남,얇은 가디건,민소매,면반바지,없음,"레인부츠, 모자, 선글라스, 양산, 우산"
1,-4,비,남,코트,니트,기모청바지,히트텍,"레인부츠, 목도리, 우산, 장갑, 핫팩"
24,19,비,남,가디건,후드티,청바지,없음,"레인부츠, 우산"
21,24,비,여,후드집업,맨투맨,청바지,얇은 이너,"레인부츠, 우산"
-10,-7,비,여,코트,히트텍,기모레깅스,히트텍,"레인부츠, 목도리, 우산, 장갑, 핫팩"
11,7,맑음,여,가디건,후드티,슬랙스,없음,없음
0,2,흐림,여,코트,니트,기모치마,히트텍,"목도리, 장갑, 핫팩"
9,7,비,여,패딩,기모후드,기모치마,히트텍,"레인부츠, 우산"
18,14,비,여,후드집업,후드티,롱스커트,없음,"레인부츠, 우산"
18,19,맑음,남,후드집업,맨투맨,슬랙스,없음,없음
-10,-12,비,여,롱패딩,니트,기모치마,히트텍,"레인부츠, 목도리, 우산, 장갑, 핫팩"
0,1,흐림,여,롱패딩,기모후드,기모레깅스,히트텍,"목도리, 장갑, 핫팩"
32,31,맑음,여,없음,민소매,반바지,없음,"모자, 선글라스, 양산"
-10,-12,맑음,남,코트,니트,기모바지,히트텍,"목도리, 장갑, 핫팩"
11,13,비,남,가디건,후드티,슬랙스,없음,"레인부츠, 우산"
9,5,눈,여,롱패딩,기모후드,기모레깅스,히트텍,"부츠, 장갑"
32,27,눈,여,얇은 가디건,반팔,반바지,없음,"모자, 부츠, 선글라스, 양산, 장갑"
4,0,흐림,여,코트,히트텍,기모치마,히트텍,"목도리, 장갑, 핫팩"
20,21,맑음,남,자켓,긴팔티,슬랙스,얇은 이너,없음
31,30,비,남,얇은 가디건,민소매,면반바지,없음,"레인부츠, 모자, 선글라스, 양산, 우산"
-1,-4,맑음,남,코트,니트,기모바지,히트텍,"목도리, 장갑, 핫팩"
11,10,비,여,자켓,긴팔티,롱스커트,얇은 이너,"레인부츠, 우산"
-3,0,맑음,여,패딩,히트텍,기모치마,히트텍,"목도리, 장갑, 핫팩"
20,21,눈,남,후드집업,후드티,청바지,얇은 이너,"부츠, 장갑"
8,7,비,여,롱패딩,니트,기모치마,히트텍,"레인부츠, 우산"
-9,-9,눈,남,코트,니트,기모바지,히트텍,"목도리, 부츠, 장갑, 핫팩"
-4,-4,비,여,롱패딩,기모후드,기모바지,히트텍,"레인부츠, 목도리, 우산, 장갑, 핫팩"
31,31,눈,남,없음,민소매,면반바지,없음,"모자, 부츠, 선글라스, 양산, 장갑"
-2,-4,비,여,롱패딩,니트,기모치마,히트텍,"레인부츠, 목도리, 우산, 장갑, 핫팩"
6,4,맑음,남,롱패딩,니트,기모바지,히트텍,없음
2,0,눈,여,롱패딩,니트,기모레깅스,히트텍,"목도리, 부츠, 장갑, 핫팩"
29,24,맑음,여,얇은 가디건,반팔,반바지,없음,"모자, 선글라스, 양산"
-10,-12,비,남,패딩,히트텍,기모바지,히트텍,"레인부츠, 목도리, 우산, 장갑, 핫팩"
20,17,비,여,자켓,맨투맨,롱스커트,얇은 이너,"레인부츠, 우산"
32,30,비,여,얇은 가디건,민소매,치마,없음,"레인부츠, 모자, 선글라스, 양산, 우산"
29,29,비,남,없음,민소매,면반바지,없음,"레인부츠, 모자, 선글라스, 양산, 우산"
17,13,흐림,남,가디건,맨투맨,슬랙스,없음,없음
15,10,맑음,남,자켓,맨투맨,슬랙스,없음,없음
29,29,눈,남,얇은 가디건,민소매,반바지,없음,"모자, 부츠, 선글라스, 양산, 장갑"
16,14,흐림,남,자켓,후드티,면바지,얇은 이너,없음
4,2,흐림,남,패딩,니트,기모청바지,히트텍,"목도리, 장갑, 핫팩"
25,20,비,남,없음,반팔,면반바지,없음,"레인부츠, 모자, 선글라스, 양산, 우산"
8,7,흐림,남,롱패딩,니트,기모청바지,히트텍,없음
22,20,눈,여,가디건,맨투맨,청바지,얇은 이너,"부츠, 장갑"
-7,-7,흐림,여,코트,히트텍,기모치마,히트텍,"목도리, 장갑, 핫팩"
17,20,눈,여,가디건,후드티,슬랙스,얇은 이너,"부츠, 장갑"
-2,-3,맑음,남,코트,니트,기모바지,히트텍,"목도리, 장갑, 핫팩"
9,4,비,여,롱패딩,기모후드,기모바지,히트텍,"레인부츠, 우산"
14,13,흐림,여,자켓,후드티,롱스커트,얇은 이너,없음
24,20,눈,여,자켓,맨투맨,청바지,없음,"부츠, 장갑"
-1,-1,눈,여,패딩,기모후드,기모치마,히트텍,"목도리, 부츠, 장갑, 핫팩"
7,3,비,여,패딩,히트텍,기모바지,히트텍,"레인부츠, 우산"
-8,-9,눈,여,롱패딩,니트,기모바지,히트텍,"목도리, 부츠, 장갑, 핫팩"
29,30,눈,여,얇은 가디건,반팔,반바지,없음,"모자, 부츠, 선글라스, 양산, 장갑"
-10,-13,흐림,남,롱패딩,니트,기모청바지,히트텍,"목도리, 장갑, 핫팩"
-3,-4,맑음,남,롱패딩,니트,기모청바지,히트텍,"목도리, 장갑, 핫팩"
-10,-13,눈,여,코트,히트텍,기모레깅스,히트텍,"목도리, 부츠, 장갑, 핫팩"
9,4,맑음,남,코트,니트,기모바지,히트텍,없음
-6,-8,비,남,롱패딩,니트,기모바지,히트텍,"레인부츠, 목도리, 우산, 장갑, 핫팩"
2,-3,흐림,여,롱패딩,니트,기모레깅스,히트텍,"목도리, 장갑, 핫팩"
-5,-4,비,남,코트,히트텍,기모청바지,히트텍,"레인부츠, 목도리, 우산, 장갑, 핫팩"
29,24,맑음,여,없음,민소매,치마,없음,"모자, 선글라스, 양산"
31,33,비,남,없음,반팔,면반바지,없음,"레인부츠, 모자, 선글라스, 양산, 우산"
31,26,비,여,얇은 가디건,반팔,치마,없음,"레인부츠, 모자, 선글라스, 양산, 우산"
33,28,맑음,남,없음,민소매,반바지,없음,"모자, 선글라스, 양산"
0,-2,비,여,롱패딩,히트텍,기모레깅스,히트텍,"레인부츠, 목도리, 우산, 장갑, 핫팩"
4,0,눈,남,코트,히트텍,기모청바지,히트텍,"목도리, 부츠, 장갑, 핫팩"
7,9,비,남,코트,히트텍,기모청바지,히트텍,"레인부츠, 우산"
1,4,맑음,여,패딩,히트텍,기모레깅스,히트텍,"목도리, 장갑, 핫팩"
34,33,흐림,남,얇은 가디건,민소매,반바지,없음,"모자, 선글라스, 양산"
32,29,눈,남,얇은 가디건,반팔,면반바지,없음,"모자, 부츠, 선글라스, 양산, 장갑"
15,14,비,여,자켓,긴팔티,롱스커트,얇은 이너,"레인부츠, 우산"
27,23,눈,여,얇은 가디건,반팔,반바지,없음,"모자, 부츠, 선글라스, 양산, 장갑"
8,5,맑음,여,패딩,히트텍,기모바지,히트텍,없음
32,32,맑음,여,얇은 가디건,반팔,반바지,없음,"모자, 선글라스, 양산"
30,29,비,남,없음,민소매,반바지,없음,"레인부츠, 모자, 선글라스, 양산, 우산"
26,23,흐림,여,없음,반팔,반바지,없음,"모자, 선글라스, 양산"
-8,-13,맑음,남,코트,니트,기모청바지,히트텍,"목도리, 장갑, 핫팩"
26,25,흐림,여,얇은 가디건,민소매,치마,없음,"모자, 선글라스, 양산"
10,5,흐림,여,가디건,후드티,롱스커트,얇은 이너,없음
4,1,비,남,코트,히트텍,기모청바지,히트텍,"레인부츠, 목도리, 우산, 장갑, 핫팩"
24,21,눈,남,가디건,긴팔티,면바지,없음,"부츠, 장갑"
35,34,눈,여,없음,민소매,반바지,없음,"모자, 부츠, 선글라스, 양산, 장갑"
34,31,눈,여,없음,반팔,반바지,없음,"모자, 부츠, 선글라스, 양산, 장갑"
5,1,흐림,남,코트,기모후드,기모바지,히트텍,"목도리, 장갑, 핫팩"
-4,-7,흐림,여,롱패딩,니트,기모치마,히트텍,"목도리, 장갑, 핫팩"
8,10,눈,여,롱패딩,기모후드,기모바지,히트텍,"부츠, 장갑"
-10,-10,흐림,남,롱패딩,니트,기모청바지,히트텍,"목도리, 장갑, 핫팩"
16,12,비,남,자켓,후드티,청바지,얇은 이너,"레인부츠, 우산"
5,8,비,여,코트,기모후드,기모바지,히트텍,"레인부츠, 목도리, 우산, 장갑, 핫팩"
2,4,흐림,남,코트,니트,기모바지,히트텍,"목도리, 장갑, 핫팩"
24,22,눈,여,자켓,후드티,슬랙스,얇은 이너,"부츠, 장갑"
7,7,비,여,코트,기모후드,기모치마,히트텍,"레인부츠, 우산"
-3,-3,흐림,여,롱패딩,니트,기모치마,히트텍,"목도리, 장갑, 핫팩"
-6,-3,맑음,여,코트,히트텍,기모치마,히트텍,"목도리, 장갑, 핫팩"
7,9,비,여,롱패딩,히트텍,기모치마,히트텍,"레인부츠, 우산"
-10,-7,흐림,여,패딩,히트텍,기모레깅스,히트텍,"목도리, 장갑, 핫팩"
21,21,흐림,여,자켓,후드티,슬랙스,얇은 이너,없음
17,18,비,남,후드집업,후드티,면바지,얇은 이너,"레인부츠, 우산"
4,2,눈,여,코트,히트텍,기모바지,히트텍,"목도리, 부츠, 장갑, 핫팩"
32,30,비,여,얇은 가디건,민소매,반바지,없음,"레인부츠, 모자, 선글라스, 양산, 우산"
29,32,흐림,여,없음,민소매,치마,없음,"모자, 선글라스, 양산"
11,13,흐림,남,자켓,긴팔티,청바지,없음,없음
14,15,비,여,가디건,후드티,슬랙스,얇은 이너,"레인부츠, 우산"
33,30,흐림,여,없음,반팔,반바지,없음,"모자, 선글라스, 양산"
-3,-1,흐림,여,코트,니트,기모바지,히트텍,"목도리, 장갑, 핫팩"
22,17,맑음,남,가디건,후드티,면바지,얇은 이너,없음
2,2,눈,여,패딩,니트,기모바지,히트텍,"목도리, 부츠, 장갑, 핫팩"
35,35,맑음,여,없음,반팔,치마,없음,"모자, 선글라스, 양산"
26,23,눈,남,없음,민소매,반바지,없음,"모자, 부츠, 선글라스, 양산, 장갑"
4,7,눈,여,코트,니트,기모레깅스,히트텍,"목도리, 부츠, 장갑, 핫팩"
18,13,흐림,여,가디건,맨투맨,롱스커트,얇은 이너,없음
-4,-6,눈,남,패딩,니트,기모청바지,히트텍,"목도리, 부츠, 장갑, 핫팩"
-10,-10,비,여,롱패딩,니트,기모바지,히트텍,"레인부츠, 목도리, 우산, 장갑, 핫팩"
-8,-9,눈,여,코트,니트,기모치마,히트텍,"목도리, 부츠, 장갑, 핫팩"
11,10,맑음,여,가디건,후드티,롱스커트,얇은 이너,없음
-7,-12,눈,남,패딩,기모후드,기모바지,히트텍,"목도리, 부츠, 장갑, 핫팩"
-10,-10,눈,여,롱패딩,히트텍,기모치마,히트텍,"목도리, 부츠, 장갑, 핫팩"
17,14,비,남,가디건,긴팔티,슬랙스,없음,"레인부츠, 우산"
-8,-10,맑음,남,패딩,기모후드,기모바지,히트텍,"목도리, 장갑, 핫팩"
30,33,흐림,남,얇은 가디건,민소매,반바지,없음,"모자, 선글라스, 양산"
23,22,비,여,자켓,긴팔티,청바지,없음,"레인부츠, 우산"
33,35,눈,남,없음,반팔,면반바지,없음,"모자, 부츠, 선글라스, 양산, 장갑"
4,3,맑음,여,롱패딩,니트,기모바지,히트텍,"목도리, 장갑, 핫팩"
18,21,흐림,여,가디건,맨투맨,슬랙스,없음,없음
5,1,눈,남,코트,히트텍,기모바지,히트텍,"목도리, 부츠, 장갑, 핫팩"
30,27,흐림,남,얇은 가디건,반팔,면반바지,없음,"모자, 선글라스, 양산"
10,6,맑음,남,자켓,후드티,청바지,없음,없음
33,35,맑음,남,없음,반팔,면반바지,없음,"모자, 선글라스, 양산"
1,-2,비,여,코트,니트,기모치마,히트텍,"레인부츠, 목도리, 우산, 장갑, 핫팩"
27,28,흐림,남,없음,반팔,면반바지,없음,"모자, 선글라스, 양산"
27,27,맑음,남,없음,민소매,반바지,없음,"모자, 선글라스, 양산"
25,22,비,남,없음,반팔,면반바지,없음,"레인부츠, 모자, 선글라스, 양산, 우산"
11,13,눈,여,후드집업,긴팔티,슬랙스,없음,"부츠, 장갑"
17,15,비,남,자켓,긴팔티,청바지,없음,"레인부츠, 우산"
30,25,눈,여,얇은 가디건,반팔,치마,없음,"모자, 부츠, 선글라스, 양산, 장갑"
-8,-6,눈,여,롱패딩,히트텍,기모바지,히트텍,"목도리, 부츠, 장갑, 핫팩"
30,27,흐림,여,없음,반팔,반바지,없음,"모자, 선글라스, 양산"
24,19,비,남,자켓,맨투맨,슬랙스,얇은 이너,"레인부츠, 우산"
31,29,흐림,남,없음,반팔,면반바지,없음,"모자, 선글라스, 양산"
-3,-7,비,여,롱패딩,니트,기모레깅스,히트텍,"레인부츠, 목도리, 우산, 장갑, 핫팩"
30,32,눈,여,없음,반팔,반바지,없음,"모자, 부츠, 선글라스, 양산, 장갑"
1,4,비,남,롱패딩,히트텍,기모청바지,히트텍,"레인부츠, 목도리, 우산, 장갑, 핫팩"
16,13,비,여,후드집업,긴팔티,슬랙스,없음,"레인부츠, 우산"
1,1,눈,남,패딩,히트텍,기모바지,히트텍,"목도리, 부츠, 장갑, 핫팩"
23,21,눈,남,자켓,맨투맨,슬랙스,얇은 이너,"부츠, 장갑"
34,29,눈,여,없음,반팔,치마,없음,"모자, 부츠, 선글라스, 양산, 장갑"
22,23,눈,여,자켓,긴팔티,슬랙스,없음,"부츠, 장갑"
20,23,눈,남,후드집업,맨투맨,청바지,없음,"부츠, 장갑"
29,25,눈,여,얇은 가디건,반팔,치마,없음,"모자, 부츠, 선글라스, 양산, 장갑"
19,14,눈,여,가디건,긴팔티,청바지,없음,"부츠, 장갑"
-3,-1,맑음,여,패딩,히트텍,기모치마,히트텍,"목도리, 장갑, 핫팩"
-10,-8,눈,여,코트,기모후드,기모바지,히트텍,"목도리, 부츠, 장갑, 핫팩"
12,8,흐림,여,가디건,맨투맨,슬랙스,얇은 이너,없음
31,28,맑음,여,없음,반팔,반바지,없음,"모자, 선글라스, 양산"
14,15,비,남,후드집업,후드티,슬랙스,없음,"레인부츠, 우산"
20,17,비,남,자켓,후드티,면바지,없음,"레인부츠, 우산"
19,21,맑음,남,자켓,맨투맨,청바지,없음,없음
29,29,흐림,여,없음,민소매,반바지,없음,"모자, 선글라스, 양산"
9,11,눈,여,패딩,니트,기모치마,히트텍,"부츠, 장갑"
20,21,맑음,남,가디건,후드티,면바지,없음,없음
-1,-6,눈,여,코트,니트,기모바지,히트텍,"목도리, 부츠, 장갑, 핫팩"
32,29,비,남,얇은 가디건,반팔,반바지,없음,"레인부츠, 모자, 선글라스, 양산, 우산"
4,1,비,남,패딩,기모후드,기모바지,히트텍,"레인부츠, 목도리, 우산, 장갑, 핫팩"
-9,-7,눈,여,패딩,니트,기모치마,히트텍,"목도리, 부츠, 장갑, 핫팩"
20,15,눈,여,후드집업,후드티,롱스커트,없음,"부츠, 장갑"
-4,-7,눈,남,코트,기모후드,기모바지,히트텍,"목도리, 부츠, 장갑, 핫팩"
15,18,눈,여,후드집업,긴팔티,롱스커트,없음,"부츠, 장갑"
-9,-9,비,남,패딩,니트,기모바지,히트텍,"레인부츠, 목도리, 우산, 장갑, 핫팩"
-2,-5,비,남,롱패딩,니트,기모바지,히트텍,"레인부츠, 목도리, 우산, 장갑, 핫팩"
1,-1,흐림,남,코트,기모후드,기모청바지,히트텍,"목도리, 장갑, 핫팩"
-9,-13,흐림,여,코트,기모후드,기모치마,히트텍,"목도리, 장갑, 핫팩"
31,30,맑음,남,없음,민소매,반바지,없음,"모자, 선글라스, 양산"
5,0,눈,여,롱패딩,니트,기모레깅스,히트텍,"목도리, 부츠, 장갑, 핫팩"
29,29,비,여,없음,민소매,치마,없음,"레인부츠, 모자, 선글라스, 양산, 우산"
33,28,맑음,남,없음,반팔,면반바지,없음,"모자, 선글라스, 양산"
-10,-15,눈,여,패딩,니트,기모바지,히트텍,"목도리, 부츠, 장갑, 핫팩"
11,12,비,여,후드집업,후드티,슬랙스,얇은 이너,"레인부츠, 우산"
12,11,눈,남,자켓,후드티,슬랙스,얇은 이너,"부츠, 장갑"
26,23,눈,남,없음,반팔,반바지,없음,"모자, 부츠, 선글라스, 양산, 장갑"
23,20,흐림,여,가디건,긴팔티,청바지,없음,없음
32,27,흐림,남,없음,반팔,반바지,없음,"모자, 선글라스, 양산"
13,12,맑음,남,후드집업,후드티,청바지,없음,없음
18,15,맑음,남,후드집업,후드티,슬랙스,없음,없음
-4,-3,눈,남,패딩,기모후드,기모청바지,히트텍,"목도리, 부츠, 장갑, 핫팩"
14,13,비,여,자켓,후드티,청바지,없음,"레인부츠, 우산"
28,29,흐림,남,없음,민소매,면반바지,없음,"모자, 선글라스, 양산"
21,19,눈,남,가디건,맨투맨,면바지,얇은 이너,"부츠, 장갑"
11,7,비,여,가디건,긴팔티,롱스커트,없음,"레인부츠, 우산"
2,5,눈,남,코트,기모후드,기모바지,히트텍,"목도리, 부츠, 장갑, 핫팩"
21,19,흐림,여,가디건,후드티,청바지,얇은 이너,없음
23,25,맑음,남,가디건,긴팔티,청바지,없음,없음
18,14,비,여,가디건,맨투맨,청바지,없음,"레인부츠, 우산"
23,25,흐림,여,후드집업,후드티,롱스커트,없음,없음
30,30,눈,여,없음,민소매,치마,없음,"모자, 부츠, 선글라스, 양산, 장갑"
24,21,비,남,가디건,후드티,면바지,없음,"레인부츠, 우산"
25,21,비,여,없음,민소매,치마,없음,"레인부츠, 모자, 선글라스, 양산, 우산"
33,30,눈,여,없음,반팔,반바지,없음,"모자, 부츠, 선글라스, 양산, 장갑"
0,-4,맑음,남,패딩,기모후드,기모청바지,히트텍,"목도리, 장갑, 핫팩"
16,19,눈,남,후드집업,후드티,슬랙스,얇은 이너,"부츠, 장갑"
15,13,맑음,남,후드집업,긴팔티,슬랙스,없음,없음
19,17,비,여,후드집업,후드티,슬랙스,얇은 이너,"레인부츠, 우산"
-7,-5,맑음,여,패딩,히트텍,기모치마,히트텍,"목도리, 장갑, 핫팩"
9,7,맑음,남,패딩,니트,기모청바지,히트텍,없음
5,8,비,여,패딩,히트텍,기모레깅스,히트텍,"레인부츠, 목도리, 우산, 장갑, 핫팩"
-2,-2,비,여,코트,기모후드,기모바지,히트텍,"레인부츠, 목도리, 우산, 장갑, 핫팩"
2,-3,맑음,남,롱패딩,기모후드,기모바지,히트텍,"목도리, 장갑, 핫팩"
17,17,비,여,가디건,후드티,슬랙스,없음,"레인부츠, 우산"
31,26,눈,여,없음,민소매,치마,없음,"모자, 부츠, 선글라스, 양산, 장갑"
23,21,흐림,여,가디건,긴팔티,롱스커트,얇은 이너,없음
12,10,눈,남,가디건,맨투맨,청바지,얇은 이너,"부츠, 장갑"
33,31,비,여,없음,민소매,반바지,없음,"레인부츠, 모자, 선글라스, 양산, 우산"
-4,-9,흐림,남,패딩,니트,기모바지,히트텍,"목도리, 장갑, 핫팩"
31,30,맑음,남,없음,반팔,반바지,없음,"모자, 선글라스, 양산"
6,9,맑음,남,코트,히트텍,기모바지,히트텍,없음
21,22,눈,남,후드집업,후드티,면바지,없음,"부츠, 장갑"
10,7,흐림,여,자켓,후드티,청바지,없음,없음
11,10,비,남,가디건,후드티,슬랙스,없음,"레인부츠, 우산"
13,11,흐림,남,자켓,후드티,청바지,없음,없음
-4,-6,눈,여,롱패딩,히트텍,기모레깅스,히트텍,"목도리, 부츠, 장갑, 핫팩"
34,35,맑음,남,얇은 가디건,반팔,면반바지,없음,"모자, 선글라스, 양산"
2,0,흐림,남,코트,히트텍,기모바지,히트텍,"목도리, 장갑, 핫팩"
24,21,맑음,여,가디건,후드티,청바지,없음,없음
21,20,눈,남,자켓,후드티,청바지,없음,"부츠, 장갑"
25,25,맑음,남,없음,민소매,반바지,없음,"모자, 선글라스, 양산"
33,36,맑음,여,얇은 가디건,반팔,반바지,없음,"모자, 선글라스, 양산"
11,11,흐림,남,후드집업,맨투맨,청바지,얇은 이너,없음
19,22,맑음,남,후드집업,후드티,면바지,얇은 이너,없음
27,30,비,남,없음,민소매,반바지,없음,"레인부츠, 모자, 선글라스, 양산, 우산"
35,32,비,남,얇은 가디건,민소매,면반바지,없음,"레인부츠, 모자, 선글라스, 양산, 우산"
11,12,맑음,남,자켓,맨투맨,청바지,없음,없음
-7,-8,맑음,남,코트,기모후드,기모바지,히트텍,"목도리, 장갑, 핫팩"
4,6,흐림,여,코트,히트텍,기모치마,히트텍,"목도리, 장갑, 핫팩"
-7,-5,맑음,남,패딩,니트,기모청바지,히트텍,"목도리, 장갑, 핫팩"
1,2,흐림,여,롱패딩,히트텍,기모레깅스,히트텍,"목도리, 장갑, 핫팩"
3,-2,맑음,남,패딩,니트,기모바지,히트텍,"목도리, 장갑, 핫팩"
11,13,비,남,자켓,긴팔티,면바지,없음,"레인부츠, 우산"
-5,-2,맑음,여,코트,히트텍,기모바지,히트텍,"목도리, 장갑, 핫팩"
15,11,비,여,자켓,후드티,청바지,얇은 이너,"레인부츠, 우산"
8,6,맑음,여,코트,기모후드,기모레깅스,히트텍,없음
1,-4,흐림,남,패딩,니트,기모청바지,히트텍,"목도리, 장갑, 핫팩"
8,3,흐림,남,코트,니트,기모청바지,히트텍,없음
21,23,눈,남,가디건,맨투맨,슬랙스,없음,"부츠, 장갑"
-2,-4,흐림,여,롱패딩,히트텍,기모레깅스,히트텍,"목도리, 장갑, 핫팩"
13,8,비,남,자켓,후드티,슬랙스,없음,"레인부츠, 우산"
-6,-5,비,남,코트,히트텍,기모청바지,히트텍,"레인부츠, 목도리, 우산, 장갑, 핫팩"
35,35,비,남,얇은 가디건,민소매,면반바지,없음,"레인부츠, 모자, 선글라스, 양산, 우산"
-4,-4,눈,여,롱패딩,기모후드,기모바지,히트텍,"목도리, 부츠, 장갑, 핫팩"
8,11,비,남,롱패딩,히트텍,기모바지,히트텍,"레인부츠, 우산"
22,23,맑음,여,후드집업,맨투맨,롱스커트,얇은 이너,없음
34,36,눈,남,얇은 가디건,민소매,반바지,없음,"모자, 부츠, 선글라스, 양산, 장갑"
21,19,맑음,여,가디건,긴팔티,롱스커트,없음,없음
9,8,눈,여,코트,기모후드,기모레깅스,히트텍,"부츠, 장갑"
0,-2,눈,여,코트,니트,기모치마,히트텍,"목도리, 부츠, 장갑, 핫팩"
18,16,눈,여,가디건,맨투맨,청바지,없음,"부츠, 장갑"
22,25,흐림,남,자켓,후드티,면바지,없음,없음
7,3,눈,여,롱패딩,니트,기모바지,히트텍,"부츠, 장갑"
24,25,맑음,남,가디건,맨투맨,슬랙스,얇은 이너,없음
7,8,비,여,패딩,니트,기모치마,히트텍,"레인부츠, 우산"
-1,-6,비,여,롱패딩,히트텍,기모레깅스,히트텍,"레인부츠, 목도리, 우산, 장갑, 핫팩"
31,31,비,남,없음,반팔,면반바지,없음,"레인부츠, 모자, 선글라스, 양산, 우산"
35,38,눈,여,없음,민소매,반바지,없음,"모자, 부츠, 선글라스, 양산, 장갑"
30,30,눈,남,얇은 가디건,민소매,반바지,없음,"모자, 부츠, 선글라스, 양산, 장갑"
35,37,비,남,없음,반팔,면반바지,없음,"레인부츠, 모자, 선글라스, 양산, 우산"
13,14,눈,남,후드집업,후드티,슬랙스,얇은 이너,"부츠, 장갑"
26,26,비,여,얇은 가디건,민소매,반바지,없음,"레인부츠, 모자, 선글라스, 양산, 우산"
32,34,맑음,여,없음,민소매,치마,없음,"모자, 선글라스, 양산"
35,37,비,여,없음,민소매,치마,없음,"레인부츠, 모자, 선글라스, 양산, 우산"
34,36,눈,여,얇은 가디건,민소매,반바지,없음,"모자, 부츠, 선글라스, 양산, 장갑"
2,3,맑음,여,롱패딩,니트,기모레깅스,히트텍,"목도리, 장갑, 핫팩"
29,31,맑음,남,얇은 가디건,반팔,반바지,없음,"모자, 선글라스, 양산"
25,25,흐림,여,없음,민소매,치마,없음,"모자, 선글라스, 양산"
-1,-1,비,남,코트,히트텍,기모청바지,히트텍,"레인부츠, 목도리, 우산, 장갑, 핫팩"
17,16,맑음,여,후드집업,긴팔티,청바지,없음,없음
34,33,맑음,남,얇은 가디건,반팔,반바지,없음,"모자, 선글라스, 양산"
-9,-7,눈,여,패딩,기모후드,기모바지,히트텍,"목도리, 부츠, 장갑, 핫팩"
19,14,맑음,여,후드집업,맨투맨,롱스커트,없음,없음
25,28,흐림,남,없음,반팔,반바지,없음,"모자, 선글라스, 양산"
0,-2,맑음,여,패딩,니트,기모치마,히트텍,"목도리, 장갑, 핫팩"
1,-2,흐림,여,롱패딩,니트,기모레깅스,히트텍,"목도리, 장갑, 핫팩"
13,12,비,남,자켓,맨투맨,청바지,얇은 이너,"레인부츠, 우산"
24,27,눈,여,가디건,후드티,슬랙스,얇은 이너,"부츠, 장갑"
-4,-9,흐림,여,롱패딩,히트텍,기모바지,히트텍,"목도리, 장갑, 핫팩"
34,30,맑음,남,얇은 가디건,반팔,면반바지,없음,"모자, 선글라스, 양산"
14,16,눈,남,자켓,후드티,면바지,없음,"부츠, 장갑"
-5,-3,비,남,패딩,니트,기모바지,히트텍,"레인부츠, 목도리, 우산, 장갑, 핫팩"
24,20,맑음,남,후드집업,후드티,청바지,없음,없음
20,16,눈,남,후드집업,맨투맨,슬랙스,없음,"부츠, 장갑"
31,28,흐림,남,얇은 가디건,민소매,반바지,없음,"모자, 선글라스, 양산"
11,12,눈,여,가디건,후드티,롱스커트,얇은 이너,"부츠, 장갑"
10,13,눈,남,가디건,긴팔티,면바지,없음,"부츠, 장갑"
20,19,비,남,가디건,맨투맨,면바지,얇은 이너,"레인부츠, 우산"
28,26,비,남,없음,반팔,반바지,없음,"레인부츠, 모자, 선글라스, 양산, 우산"
13,12,비,여,가디건,후드티,롱스커트,얇은 이너,"레인부츠, 우산"
-8,-5,맑음,여,패딩,히트텍,기모레깅스,히트텍,"목도리, 장갑, 핫팩"
19,19,눈,여,가디건,맨투맨,청바지,없음,"부츠, 장갑"
-7,-5,맑음,남,롱패딩,니트,기모바지,히트텍,"목도리, 장갑, 핫팩"
28,26,맑음,여,얇은 가디건,반팔,치마,없음,"모자, 선글라스, 양산"
0,0,비,여,롱패딩,기모후드,기모바지,히트텍,"레인부츠, 목도리, 우산, 장갑, 핫팩"
-2,-6,비,남,롱패딩,히트텍,기모바지,히트텍,"레인부츠, 목도리, 우산, 장갑, 핫팩"
-7,-4,맑음,남,패딩,히트텍,기모청바지,히트텍,"목도리, 장갑, 핫팩"
34,30,비,남,얇은 가디건,반팔,면반바지,없음,"레인부츠, 모자, 선글라스, 양산, 우산"
7,7,비,여,롱패딩,기모후드,기모바지,히트텍,"레인부츠, 우산"
20,16,흐림,여,가디건,맨투맨,롱스커트,얇은 이너,없음
14,14,흐림,남,자켓,긴팔티,슬랙스,얇은 이너,없음
12,15,눈,여,후드집업,긴팔티,롱스커트,없음,"부츠, 장갑"
12,10,비,남,가디건,후드티,면바지,없음,"레인부츠, 우산"
-5,-6,눈,남,코트,기모후드,기모바지,히트텍,"목도리, 부츠, 장갑, 핫팩"
1,-4,눈,남,롱패딩,니트,기모청바지,히트텍,"목도리, 부츠, 장갑, 핫팩"
-5,-5,흐림,남,코트,기모후드,기모바지,히트텍,"목도리, 장갑, 핫팩"
2,1,비,남,패딩,히트텍,기모청바지,히트텍,"레인부츠, 목도리, 우산, 장갑, 핫팩"
27,28,맑음,남,없음,반팔,면반바지,없음,"모자, 선글라스, 양산"
26,22,비,여,없음,반팔,반바지,없음,"레인부츠, 모자, 선글라스, 양산, 우산"
33,29,비,남,얇은 가디건,민소매,반바지,없음,"레인부츠, 모자, 선글라스, 양산, 우산"
35,38,흐림,남,없음,민소매,면반바지,없음,"모자, 선글라스, 양산"
9,9,맑음,여,패딩,히트텍,기모바지,히트텍,없음
25,23,눈,여,없음,반팔,반바지,없음,"모자, 부츠, 선글라스, 양산, 장갑"
9,4,맑음,여,코트,히트텍,기모치마,히트텍,없음
29,28,눈,남,없음,민소매,반바지,없음,"모자, 부츠, 선글라스, 양산, 장갑"
-8,-7,눈,남,패딩,니트,기모바지,히트텍,"목도리, 부츠, 장갑, 핫팩"
24,25,비,남,가디건,긴팔티,슬랙스,얇은 이너,"레인부츠, 우산"
24,25,맑음,남,자켓,후드티,청바지,없음,없음
-3,-4,눈,남,패딩,니트,기모바지,히트텍,"목도리, 부츠, 장갑, 핫팩"
-3,0,비,여,롱패딩,히트텍,기모레깅스,히트텍,"레인부츠, 목도리, 우산, 장갑, 핫팩"
19,17,맑음,여,후드집업,긴팔티,슬랙스,없음,없음
24,20,눈,여,후드집업,후드티,슬랙스,없음,"부츠, 장갑"
34,34,비,남,얇은 가디건,반팔,면반바지,없음,"레인부츠, 모자, 선글라스, 양산, 우산"
9,9,맑음,남,롱패딩,기모후드,기모청바지,히트텍,없음
31,34,맑음,여,얇은 가디건,반팔,반바지,없음,"모자, 선글라스, 양산"
24,20,비,여,후드집업,맨투맨,슬랙스,얇은 이너,"레인부츠, 우산"
14,11,눈,여,후드집업,맨투맨,슬랙스,얇은 이너,"부츠, 장갑"
5,7,눈,여,코트,히트텍,기모치마,히트텍,"목도리, 부츠, 장갑, 핫팩"
-2,-5,맑음,남,코트,기모후드,기모바지,히트텍,"목도리, 장갑, 핫팩"
35,35,비,남,없음,반팔,반바지,없음,"레인부츠, 모자, 선글라스, 양산, 우산"
8,9,맑음,남,패딩,니트,기모바지,히트텍,없음
34,29,흐림,남,얇은 가디건,민소매,면반바지,없음,"모자, 선글라스, 양산"
30,31,흐림,여,얇은 가디건,반팔,반바지,없음,"모자, 선글라스, 양산"
9,5,비,남,코트,기모후드,기모바지,히트텍,"레인부츠, 우산"
-9,-9,맑음,여,패딩,기모후드,기모레깅스,히트텍,"목도리, 장갑, 핫팩"
12,11,흐림,남,후드집업,긴팔티,슬랙스,없음,없음
32,34,맑음,남,없음,반팔,면반바지,없음,"모자, 선글라스, 양산"
1,2,맑음,남,코트,기모후드,기모바지,히트텍,"목도리, 장갑, 핫팩"
11,6,흐림,여,후드집업,맨투맨,청바지,없음,없음
2,5,흐림,남,패딩,기모후드,기모청바지,히트텍,"목도리, 장갑, 핫팩"
21,19,맑음,여,가디건,맨투맨,슬랙스,얇은 이너,없음
15,16,흐림,여,가디건,긴팔티,슬랙스,없음,없음
-5,-4,맑음,여,롱패딩,기모후드,기모레깅스,히트텍,"목도리, 장갑, 핫팩"
34,29,맑음,남,얇은 가디건,민소매,면반바지,없음,"모자, 선글라스, 양산"
10,11,맑음,여,자켓,후드티,슬랙스,없음,없음
9,5,눈,남,패딩,니트,기모청바지,히트텍,"부츠, 장갑"
4,5,맑음,남,패딩,히트텍,기모청바지,히트텍,"목도리, 장갑, 핫팩"
29,30,맑음,여,없음,반팔,치마,없음,"모자, 선글라스, 양산"
17,19,맑음,남,자켓,맨투맨,슬랙스,얇은 이너,없음
21,23,맑음,여,자켓,후드티,롱스커트,얇은 이너,없음
27,26,눈,남,얇은 가디건,민소매,반바지,없음,"모자, 부츠, 선글라스, 양산, 장갑"
-8,-13,흐림,남,롱패딩,히트텍,기모바지,히트텍,"목도리, 장갑, 핫팩"
4,4,눈,여,패딩,히트텍,기모바지,히트텍,"목도리, 부츠, 장갑, 핫팩"
28,28,흐림,남,얇은 가디건,반팔,반바지,없음,"모자, 선글라스, 양산"
10,8,눈,여,후드집업,맨투맨,슬랙스,없음,"부츠, 장갑"
15,14,맑음,여,후드집업,긴팔티,청바지,얇은 이너,없음
30,31,흐림,여,없음,민소매,치마,없음,"모자, 선글라스, 양산"
22,23,맑음,남,자켓,후드티,면바지,없음,없음
32,30,흐림,여,없음,민소매,치마,없음,"모자, 선글라스, 양산"
6,8,비,여,코트,히트텍,기모바지,히트텍,"레인부츠, 우산"
-7,-4,맑음,남,코트,니트,기모바지,히트텍,"목도리, 장갑, 핫팩"
30,29,흐림,남,없음,반팔,면반바지,없음,"모자, 선글라스, 양산"
6,6,흐림,남,롱패딩,기모후드,기모청바지,히트텍,없음
-10,-9,흐림,남,패딩,히트텍,기모바지,히트텍,"목도리, 장갑, 핫팩"
-9,-10,맑음,남,패딩,기모후드,기모바지,히트텍,"목도리, 장갑, 핫팩"
33,28,눈,여,얇은 가디건,반팔,반바지,없음,"모자, 부츠, 선글라스, 양산, 장갑"
29,29,흐림,남,없음,민소매,반바지,없음,"모자, 선글라스, 양산"
8,4,비,남,패딩,니트,기모청바지,히트텍,"레인부츠, 우산"
-8,-6,흐림,남,코트,기모후드,기모바지,히트텍,"목도리, 장갑, 핫팩"
-1,2,맑음,여,코트,기모후드,기모레깅스,히트텍,"목도리, 장갑, 핫팩"
12,15,눈,남,가디건,긴팔티,면바지,없음,"부츠, 장갑"
26,27,눈,여,얇은 가디건,민소매,치마,없음,"모자, 부츠, 선글라스, 양산, 장갑"
20,19,비,남,자켓,후드티,슬랙스,얇은 이너,"레인부츠, 우산"
11,6,비,여,가디건,후드티,슬랙스,없음,"레인부츠, 우산"
1,4,맑음,남,롱패딩,히트텍,기모바지,히트텍,"목도리, 장갑, 핫팩"
25,20,눈,여,얇은 가디건,민소매,반바지,없음,"모자, 부츠, 선글라스, 양산, 장갑"
-2,1,비,남,롱패딩,히트텍,기모청바지,히트텍,"레인부츠, 목도리, 우산, 장갑, 핫팩"
10,12,흐림,여,후드집업,긴팔티,롱스커트,없음,없음
11,7,흐림,남,가디건,맨투맨,슬랙스,없음,없음
-4,-9,흐림,남,패딩,기모후드,기모청바지,히트텍,"목도리, 장갑, 핫팩"
30,28,비,여,없음,민소매,치마,없음,"레인부츠, 모자, 선글라스, 양산, 우산"
18,18,눈,여,자켓,맨투맨,롱스커트,얇은 이너,"부츠, 장갑"
33,32,눈,남,없음,반팔,면반바지,없음,"모자, 부츠, 선글라스, 양산, 장갑"
-6,-8,흐림,남,코트,니트,기모바지,히트텍,"목도리, 장갑, 핫팩"
33,30,흐림,여,없음,반팔,치마,없음,"모자, 선글라스, 양산"
-4,-8,흐림,남,롱패딩,니트,기모바지,히트텍,"목도리, 장갑, 핫팩"
-9,-10,맑음,여,패딩,히트텍,기모바지,히트텍,"목도리, 장갑, 핫팩"
18,13,비,여,후드집업,맨투맨,롱스커트,없음,"레인부츠, 우산"
15,10,흐림,여,후드집업,맨투맨,슬랙스,얇은 이너,없음
9,5,흐림,남,코트,니트,기모청바지,히트텍,없음
27,22,눈,남,얇은 가디건,반팔,면반바지,없음,"모자, 부츠, 선글라스, 양산, 장갑"
19,19,눈,여,자켓,맨투맨,청바지,없음,"부츠, 장갑"
-6,-7,비,남,패딩,기모후드,기모청바지,히트텍,"레인부츠, 목도리, 우산, 장갑, 핫팩"
-5,-2,맑음,남,코트,히트텍,기모바지,히트텍,"목도리, 장갑, 핫팩"
5,8,눈,남,코트,니트,기모청바지,히트텍,"목도리, 부츠, 장갑, 핫팩"
6,5,맑음,남,패딩,기모후드,기모바지,히트텍,없음
-3,-1,눈,남,패딩,니트,기모바지,히트텍,"목도리, 부츠, 장갑, 핫팩"
22,21,눈,남,가디건,긴팔티,청바지,얇은 이너,"부츠, 장갑"
25,26,맑음,남,얇은 가디건,민소매,반바지,없음,"모자, 선글라스, 양산"
-2,-3,맑음,남,코트,니트,기모바지,히트텍,"목도리, 장갑, 핫팩"
-7,-4,맑음,여,롱패딩,기모후드,기모레깅스,히트텍,"목도리, 장갑, 핫팩"
18,14,흐림,남,후드집업,긴팔티,면바지,얇은 이너,없음
5,1,눈,여,패딩,히트텍,기모레깅스,히트텍,"목도리, 부츠, 장갑, 핫팩"
25,22,흐림,여,없음,민소매,치마,없음,"모자, 선글라스, 양산"
-10,-9,비,여,패딩,기모후드,기모치마,히트텍,"레인부츠, 목도리, 우산, 장갑, 핫팩"
11,11,비,남,후드집업,맨투맨,면바지,얇은 이너,"레인부츠, 우산"
25,26,비,여,없음,민소매,반바지,없음,"레인부츠, 모자, 선글라스, 양산, 우산"
15,15,비,남,후드집업,후드티,슬랙스,얇은 이너,"레인부츠, 우산"
-2,-3,흐림,여,코트,히트텍,기모치마,히트텍,"목도리, 장갑, 핫팩"
15,13,맑음,남,후드집업,긴팔티,슬랙스,없음,없음
35,34,맑음,남,얇은 가디건,반팔,면반바지,없음,"모자, 선글라스, 양산"
20,17,흐림,여,가디건,긴팔티,청바지,얇은 이너,없음
1,3,흐림,여,코트,니트,기모치마,히트텍,"목도리, 장갑, 핫팩"
26,22,눈,남,없음,반팔,면반바지,없음,"모자, 부츠, 선글라스, 양산, 장갑"
20,20,비,남,후드집업,긴팔티,청바지,없음,"레인부츠, 우산"
20,19,눈,여,가디건,후드티,슬랙스,없음,"부츠, 장갑"
-6,-10,비,남,패딩,니트,기모청바지,히트텍,"레인부츠, 목도리, 우산, 장갑, 핫팩"
-7,-10,맑음,남,코트,기모후드,기모바지,히트텍,"목도리, 장갑, 핫팩"
29,27,맑음,여,얇은 가디건,반팔,반바지,없음,"모자, 선글라스, 양산"
13,11,비,남,자켓,후드티,슬랙스,얇은 이너,"레인부츠, 우산"
18,14,비,여,후드집업,후드티,청바지,얇은 이너,"레인부츠, 우산"
23,18,눈,남,자켓,후드티,청바지,얇은 이너,"부츠, 장갑"
5,0,흐림,여,코트,기모후드,기모레깅스,히트텍,"목도리, 장갑, 핫팩"
8,6,맑음,여,롱패딩,기모후드,기모치마,히트텍,없음
-5,-3,맑음,남,패딩,히트텍,기모청바지,히트텍,"목도리, 장갑, 핫팩"
-6,-11,흐림,여,패딩,히트텍,기모치마,히트텍,"목도리, 장갑, 핫팩"
16,17,흐림,여,후드집업,긴팔티,슬랙스,얇은 이너,없음
1,1,비,남,패딩,히트텍,기모바지,히트텍,"레인부츠, 목도리, 우산, 장갑, 핫팩"
-8,-5,비,여,롱패딩,기모후드,기모바지,히트텍,"레인부츠, 목도리, 우산, 장갑, 핫팩"
25,21,맑음,여,얇은 가디건,민소매,치마,없음,"모자, 선글라스, 양산"
28,27,눈,남,얇은 가디건,반팔,면반바지,없음,"모자, 부츠, 선글라스, 양산, 장갑"
25,21,눈,남,없음,반팔,면반바지,없음,"모자, 부츠, 선글라스, 양산, 장갑"
-2,-7,눈,여,롱패딩,히트텍,기모바지,히트텍,"목도리, 부츠, 장갑, 핫팩"
14,16,비,남,자켓,긴팔티,슬랙스,없음,"레인부츠, 우산"
26,24,맑음,여,없음,반팔,반바지,없음,"모자, 선글라스, 양산"
1,4,흐림,여,코트,히트텍,기모치마,히트텍,"목도리, 장갑, 핫팩"
-2,1,흐림,여,패딩,니트,기모바지,히트텍,"목도리, 장갑, 핫팩"
19,15,눈,여,후드집업,맨투맨,청바지,얇은 이너,"부츠, 장갑"
5,2,눈,여,패딩,히트텍,기모바지,히트텍,"목도리, 부츠, 장갑, 핫팩"
-6,-5,맑음,남,롱패딩,히트텍,기모바지,히트텍,"목도리, 장갑, 핫팩"
18,21,눈,남,가디건,긴팔티,면바지,얇은 이너,"부츠, 장갑"
2,2,흐림,여,롱패딩,히트텍,기모치마,히트텍,"목도리, 장갑, 핫팩"
16,13,흐림,여,자켓,긴팔티,청바지,없음,없음
1,0,맑음,남,코트,기모후드,기모바지,히트텍,"목도리, 장갑, 핫팩"
9,6,눈,남,롱패딩,히트텍,기모바지,히트텍,"부츠, 장갑"
30,30,맑음,여,없음,민소매,반바지,없음,"모자, 선글라스, 양산"
9,10,눈,남,코트,기모후드,기모청바지,히트텍,"부츠, 장갑"
15,18,맑음,여,가디건,긴팔티,슬랙스,없음,없음
19,18,눈,여,자켓,긴팔티,슬랙스,얇은 이너,"부츠, 장갑"
30,27,맑음,여,얇은 가디건,민소매,치마,없음,"모자, 선글라스, 양산"
11,12,비,여,가디건,긴팔티,롱스커트,없음,"레인부츠, 우산"
17,15,비,남,가디건,긴팔티,청바지,없음,"레인부츠, 우산"
5,8,눈,여,코트,히트텍,기모레깅스,히트텍,"목도리, 부츠, 장갑, 핫팩"
15,12,비,여,가디건,긴팔티,롱스커트,얇은 이너,"레인부츠, 우산"
16,17,흐림,여,후드집업,긴팔티,청바지,없음,없음
8,7,흐림,남,패딩,히트텍,기모바지,히트텍,없음
-8,-10,비,남,롱패딩,히트텍,기모바지,히트텍,"레인부츠, 목도리, 우산, 장갑, 핫팩"
-9,-6,눈,여,코트,니트,기모레깅스,히트텍,"목도리, 부츠, 장갑, 핫팩"
33,33,맑음,남,얇은 가디건,반팔,반바지,없음,"모자, 선글라스, 양산"
24,25,비,여,후드집업,후드티,슬랙스,얇은 이너,"레인부츠, 우산"
2,1,흐림,여,코트,니트,기모치마,히트텍,"목도리, 장갑, 핫팩"
14,10,흐림,여,자켓,긴팔티,청바지,얇은 이너,없음
24,26,맑음,남,자켓,맨투맨,슬랙스,없음,없음
7,2,비,여,패딩,니트,기모치마,히트텍,"레인부츠, 우산"
14,11,눈,남,후드집업,맨투맨,청바지,얇은 이너,"부츠, 장갑"
-6,-11,비,여,롱패딩,히트텍,기모바지,히트텍,"레인부츠, 목도리, 우산, 장갑, 핫팩"
23,24,흐림,여,가디건,맨투맨,슬랙스,얇은 이너,없음
-6,-4,눈,남,롱패딩,히트텍,기모청바지,히트텍,"목도리, 부츠, 장갑, 핫팩"
19,16,흐림,남,가디건,후드티,청바지,없음,없음
6,2,맑음,남,코트,니트,기모바지,히트텍,없음
22,19,비,남,자켓,맨투맨,면바지,없음,"레인부츠, 우산"
13,10,흐림,여,자켓,맨투맨,롱스커트,없음,없음
2,4,흐림,남,패딩,히트텍,기모바지,히트텍,"목도리, 장갑, 핫팩"
32,31,비,여,없음,민소매,치마,없음,"레인부츠, 모자, 선글라스, 양산, 우산"
-8,-9,비,남,패딩,기모후드,기모바지,히트텍,"레인부츠, 목도리, 우산, 장갑, 핫팩"
34,32,흐림,여,없음,민소매,치마,없음,"모자, 선글라스, 양산"
34,36,흐림,여,얇은 가디건,반팔,반바지,없음,"모자, 선글라스, 양산"
21,24,맑음,여,가디건,맨투맨,청바지,없음,없음
12,11,맑음,남,후드집업,긴팔티,면바지,없음,없음
21,19,비,여,자켓,후드티,청바지,얇은 이너,"레인부츠, 우산"
20,23,눈,남,후드집업,맨투맨,면바지,얇은 이너,"부츠, 장갑"
28,31,비,여,없음,반팔,치마,없음,"레인부츠, 모자, 선글라스, 양산, 우산"
26,22,비,남,얇은 가디건,민소매,반바지,없음,"레인부츠, 모자, 선글라스, 양산, 우산"
-10,-7,흐림,남,코트,히트텍,기모청바지,히트텍,"목도리, 장갑, 핫팩"
13,14,흐림,여,자켓,후드티,슬랙스,얇은 이너,없음
17,12,맑음,남,자켓,맨투맨,슬랙스,없음,없음
23,26,맑음,남,자켓,후드티,면바지,없음,없음
10,5,맑음,남,자켓,긴팔티,슬랙스,얇은 이너,없음
30,32,흐림,여,없음,반팔,치마,없음,"모자, 선글라스, 양산"
17,14,맑음,여,후드집업,긴팔티,롱스커트,없음,없음
-6,-4,비,남,패딩,니트,기모바지,히트텍,"레인부츠, 목도리, 우산, 장갑, 핫팩"
-10,-11,비,남,롱패딩,니트,기모청바지,히트텍,"레인부츠, 목도리, 우산, 장갑, 핫팩"
35,32,눈,여,없음,민소매,반바지,없음,"모자, 부츠, 선글라스, 양산, 장갑"
16,14,비,남,가디건,맨투맨,면바지,없음,"레인부츠, 우산"
1,-3,맑음,여,롱패딩,히트텍,기모레깅스,히트텍,"목도리, 장갑, 핫팩"
1,0,맑음,여,코트,니트,기모레깅스,히트텍,"목도리, 장갑, 핫팩"
26,25,비,여,없음,민소매,반바지,없음,"레인부츠, 모자, 선글라스, 양산, 우산"
-7,-12,비,여,코트,히트텍,기모바지,히트텍,"레인부츠, 목도리, 우산, 장갑, 핫팩"
-1,-2,흐림,여,패딩,기모후드,기모바지,히트텍,"목도리, 장갑, 핫팩"
24,22,눈,여,자켓,긴팔티,청바지,얇은 이너,"부츠, 장갑"
7,2,흐림,남,코트,니트,기모청바지,히트텍,없음
23,24,눈,여,후드집업,맨투맨,롱스커트,얇은 이너,"부츠, 장갑"
-2,-3,맑음,남,롱패딩,기모후드,기모바지,히트텍,"목도리, 장갑, 핫팩"
31,33,흐림,남,얇은 가디건,민소매,반바지,없음,"모자, 선글라스, 양산"
-2,0,흐림,여,패딩,히트텍,기모레깅스,히트텍,"목도리, 장갑, 핫팩"
19,17,비,여,자켓,긴팔티,슬랙스,없음,"레인부츠, 우산"
20,20,눈,여,자켓,후드티,청바지,얇은 이너,"부츠, 장갑"
-6,-4,흐림,남,코트,니트,기모청바지,히트텍,"목도리, 장갑, 핫팩"
35,34,맑음,남,얇은 가디건,반팔,반바지,없음,"모자, 선글라스, 양산"
-7,-11,눈,남,코트,히트텍,기모바지,히트텍,"목도리, 부츠, 장갑, 핫팩"
-5,-4,비,남,코트,니트,기모청바지,히트텍,"레인부츠, 목도리, 우산, 장갑, 핫팩"
-3,-2,눈,남,패딩,기모후드,기모청바지,히트텍,"목도리, 부츠, 장갑, 핫팩"
16,12,맑음,여,자켓,후드티,롱스커트,얇은 이너,없음
12,11,비,여,후드집업,맨투맨,롱스커트,얇은 이너,"레인부츠, 우산"
34,32,눈,남,없음,민소매,면반바지,없음,"모자, 부츠, 선글라스, 양산, 장갑"
22,21,맑음,남,가디건,후드티,슬랙스,얇은 이너,없음
20,22,비,남,가디건,후드티,면바지,없음,"레인부츠, 우산"
-8,-11,비,남,패딩,기모후드,기모청바지,히트텍,"레인부츠, 목도리, 우산, 장갑, 핫팩"
8,5,눈,남,롱패딩,히트텍,기모청바지,히트텍,"부츠, 장갑"
12,11,맑음,남,가디건,맨투맨,슬랙스,얇은 이너,없음
6,7,비,남,패딩,니트,기모바지,히트텍,"레인부츠, 우산"
35,31,흐림,여,없음,민소매,치마,없음,"모자, 선글라스, 양산"
2,3,맑음,남,패딩,히트텍,기모바지,히트텍,"목도리, 장갑, 핫팩"
15,10,눈,남,후드집업,후드티,청바지,얇은 이너,"부츠, 장갑"
35,31,흐림,남,없음,반팔,면반바지,없음,"모자, 선글라스, 양산"
-9,-12,흐림,남,코트,히트텍,기모청바지,히트텍,"목도리, 장갑, 핫팩"
17,17,흐림,여,후드집업,긴팔티,청바지,얇은 이너,없음
21,23,맑음,여,자켓,후드티,슬랙스,얇은 이너,없음
30,28,맑음,남,얇은 가디건,반팔,반바지,없음,"모자, 선글라스, 양산"
33,32,눈,여,없음,민소매,치마,없음,"모자, 부츠, 선글라스, 양산, 장갑"
-10,-14,흐림,여,코트,히트텍,기모레깅스,히트텍,"목도리, 장갑, 핫팩"
15,13,눈,남,후드집업,후드티,청바지,없음,"부츠, 장갑"
34,29,눈,여,얇은 가디건,반팔,반바지,없음,"모자, 부츠, 선글라스, 양산, 장갑"
25,24,눈,여,없음,반팔,반바지,없음,"모자, 부츠, 선글라스, 양산, 장갑"
3,1,흐림,남,패딩,히트텍,기모청바지,히트텍,"목도리, 장갑, 핫팩"
1,1,눈,여,코트,기모후드,기모바지,히트텍,"목도리, 부츠, 장갑, 핫팩"
0,2,흐림,남,코트,기모후드,기모바지,히트텍,"목도리, 장갑, 핫팩"
-10,-10,비,남,패딩,니트,기모청바지,히트텍,"레인부츠, 목도리, 우산, 장갑, 핫팩"
34,35,흐림,남,없음,민소매,면반바지,없음,"모자, 선글라스, 양산"
33,29,맑음,여,없음,민소매,반바지,없음,"모자, 선글라스, 양산"
25,26,눈,여,없음,반팔,치마,없음,"모자, 부츠, 선글라스, 양산, 장갑"
25,25,맑음,여,없음,반팔,반바지,없음,"모자, 선글라스, 양산"
26,27,흐림,남,얇은 가디건,민소매,반바지,없음,"모자, 선글라스, 양산"
7,9,맑음,남,코트,기모후드,기모청바지,히트텍,없음
2,0,흐림,여,패딩,기모후드,기모치마,히트텍,"목도리, 장갑, 핫팩"
17,16,맑음,남,자켓,긴팔티,청바지,없음,없음
17,20,흐림,남,가디건,긴팔티,면바지,없음,없음
18,19,비,남,후드집업,맨투맨,청바지,얇은 이너,"레인부츠, 우산"
18,21,맑음,남,자켓,후드티,면바지,얇은 이너,없음
-4,-6,흐림,여,패딩,기모후드,기모레깅스,히트텍,"목도리, 장갑, 핫팩"
-5,-10,비,여,롱패딩,니트,기모레깅스,히트텍,"레인부츠, 목도리, 우산, 장갑, 핫팩"
16,14,흐림,남,가디건,맨투맨,청바지,없음,없음
26,29,비,여,얇은 가디건,민소매,치마,없음,"레인부츠, 모자, 선글라스, 양산, 우산"
30,33,비,여,얇은 가디건,민소매,반바지,없음,"레인부츠, 모자, 선글라스, 양산, 우산"
5,0,흐림,남,코트,기모후드,기모청바지,히트텍,"목도리, 장갑, 핫팩"
-6,-7,흐림,여,패딩,니트,기모치마,히트텍,"목도리, 장갑, 핫팩"
32,30,눈,여,얇은 가디건,반팔,치마,없음,"모자, 부츠, 선글라스, 양산, 장갑"
14,15,맑음,여,가디건,맨투맨,슬랙스,없음,없음
21,18,맑음,남,자켓,긴팔티,슬랙스,얇은 이너,없음
-3,-3,맑음,남,롱패딩,니트,기모청바지,히트텍,"목도리, 장갑, 핫팩"
32,34,비,남,없음,반팔,반바지,없음,"레인부츠, 모자, 선글라스, 양산, 우산"
21,19,맑음,남,후드집업,후드티,청바지,얇은 이너,없음
16,17,비,남,자켓,긴팔티,청바지,없음,"레인부츠, 우산"
20,17,맑음,남,가디건,후드티,청바지,얇은 이너,없음
-7,-11,맑음,남,패딩,니트,기모청바지,히트텍,"목도리, 장갑, 핫팩"
19,19,비,여,후드집업,긴팔티,롱스커트,얇은 이너,"레인부츠, 우산"
-2,1,눈,여,패딩,니트,기모치마,히트텍,"목도리, 부츠, 장갑, 핫팩"
8,10,흐림,여,롱패딩,니트,기모바지,히트텍,없음
-6,-11,맑음,남,롱패딩,기모후드,기모바지,히트텍,"목도리, 장갑, 핫팩"
3,-1,맑음,남,패딩,히트텍,기모바지,히트텍,"목도리, 장갑, 핫팩"
-8,-10,흐림,여,롱패딩,니트,기모바지,히트텍,"목도리, 장갑, 핫팩"
35,34,흐림,남,없음,반팔,반바지,없음,"모자, 선글라스, 양산"
21,19,비,남,후드집업,맨투맨,슬랙스,없음,"레인부츠, 우산"
2,-2,흐림,여,패딩,기모후드,기모바지,히트텍,"목도리, 장갑, 핫팩"
33,31,맑음,여,없음,민소매,반바지,없음,"모자, 선글라스, 양산"
31,34,비,여,얇은 가디건,반팔,치마,없음,"레인부츠, 모자, 선글라스, 양산, 우산"
3,4,비,남,롱패딩,기모후드,기모바지,히트텍,"레인부츠, 목도리, 우산, 장갑, 핫팩"
18,18,비,남,가디건,맨투맨,청바지,없음,"레인부츠, 우산"
12,11,맑음,남,후드집업,긴팔티,슬랙스,없음,없음
10,13,맑음,여,자켓,맨투맨,청바지,얇은 이너,없음
5,2,맑음,여,코트,히트텍,기모치마,히트텍,"목도리, 장갑, 핫팩"
-2,-3,눈,여,롱패딩,히트텍,기모치마,히트텍,"목도리, 부츠, 장갑, 핫팩"
3,1,맑음,남,롱패딩,니트,기모청바지,히트텍,"목도리, 장갑, 핫팩"
15,18,비,여,후드집업,긴팔티,롱스커트,없음,"레인부츠, 우산"
28,29,흐림,남,없음,반팔,면반바지,없음,"모자, 선글라스, 양산"
26,26,비,남,얇은 가디건,반팔,반바지,없음,"레인부츠, 모자, 선글라스, 양산, 우산"
25,25,비,여,얇은 가디건,민소매,치마,없음,"레인부츠, 모자, 선글라스, 양산, 우산"
-5,-10,비,여,패딩,히트텍,기모레깅스,히트텍,"레인부츠, 목도리, 우산, 장갑, 핫팩"
4,7,눈,여,코트,니트,기모바지,히트텍,"목도리, 부츠, 장갑, 핫팩"
24,23,맑음,남,후드집업,맨투맨,슬랙스,없음,없음
16,12,맑음,남,가디건,후드티,슬랙스,얇은 이너,없음
14,11,눈,남,가디건,긴팔티,면바지,얇은 이너,"부츠, 장갑"
30,28,비,여,없음,민소매,치마,없음,"레인부츠, 모자, 선글라스, 양산, 우산"
3,4,흐림,남,롱패딩,니트,기모청바지,히트텍,"목도리, 장갑, 핫팩"
-7,-11,흐림,여,패딩,기모후드,기모바지,히트텍,"목도리, 장갑, 핫팩"
9,5,흐림,여,코트,기모후드,기모레깅스,히트텍,없음
7,8,맑음,여,롱패딩,히트텍,기모바지,히트텍,없음
5,4,비,남,패딩,니트,기모바지,히트텍,"레인부츠, 목도리, 우산, 장갑, 핫팩"
6,7,눈,여,패딩,히트텍,기모바지,히트텍,"부츠, 장갑"
10,12,비,남,자켓,맨투맨,청바지,얇은 이너,"레인부츠, 우산"
16,16,눈,여,후드집업,긴팔티,청바지,없음,"부츠, 장갑"
0,-2,흐림,여,패딩,기모후드,기모레깅스,히트텍,"목도리, 장갑, 핫팩"
8,9,눈,남,코트,히트텍,기모청바지,히트텍,"부츠, 장갑"
-4,-2,맑음,남,코트,히트텍,기모청바지,히트텍,"목도리, 장갑, 핫팩"
-6,-7,흐림,남,코트,니트,기모바지,히트텍,"목도리, 장갑, 핫팩"
20,15,흐림,여,가디건,긴팔티,슬랙스,얇은 이너,없음
15,15,흐림,여,자켓,긴팔티,슬랙스,얇은 이너,없음
-1,-3,맑음,남,패딩,니트,기모바지,히트텍,"목도리, 장갑, 핫팩"
10,5,흐림,여,자켓,긴팔티,롱스커트,없음,없음
-9,-9,비,남,코트,기모후드,기모청바지,히트텍,"레인부츠, 목도리, 우산, 장갑, 핫팩"
-1,-3,맑음,남,코트,히트텍,기모바지,히트텍,"목도리, 장갑, 핫팩"
-7,-8,비,여,롱패딩,니트,기모바지,히트텍,"레인부츠, 목도리, 우산, 장갑, 핫팩"
-8,-12,눈,여,코트,기모후드,기모레깅스,히트텍,"목도리, 부츠, 장갑, 핫팩"
34,37,비,남,얇은 가디건,민소매,반바지,없음,"레인부츠, 모자, 선글라스, 양산, 우산"
-1,-5,흐림,남,롱패딩,니트,기모바지,히트텍,"목도리, 장갑, 핫팩"
7,5,눈,남,패딩,니트,기모바지,히트텍,"부츠, 장갑"
-10,-15,흐림,여,패딩,니트,기모치마,히트텍,"목도리, 장갑, 핫팩"
-8,-5,눈,남,패딩,니트,기모청바지,히트텍,"목도리, 부츠, 장갑, 핫팩"
-2,1,맑음,남,롱패딩,히트텍,기모바지,히트텍,"목도리, 장갑, 핫팩"
27,29,비,남,없음,반팔,면반바지,없음,"레인부츠, 모자, 선글라스, 양산, 우산"
-5,-7,비,남,패딩,히트텍,기모바지,히트텍,"레인부츠, 목도리, 우산, 장갑, 핫팩"
-4,-4,흐림,남,롱패딩,기모후드,기모청바지,히트텍,"목도리, 장갑, 핫팩"
15,10,맑음,여,후드집업,후드티,청바지,없음,없음
10,11,눈,남,후드집업,후드티,슬랙스,얇은 이너,"부츠, 장갑"
-7,-12,비,여,코트,기모후드,기모치마,히트텍,"레인부츠, 목도리, 우산, 장갑, 핫팩"
2,0,비,남,코트,기모후드,기모청바지,히트텍,"레인부츠, 목도리, 우산, 장갑, 핫팩"
6,9,비,여,코트,니트,기모바지,히트텍,"레인부츠, 우산"
13,8,맑음,남,후드집업,긴팔티,슬랙스,없음,없음
10,7,눈,여,가디건,후드티,슬랙스,없음,"부츠, 장갑"
20,23,비,남,가디건,긴팔티,청바지,없음,"레인부츠, 우산"
31,34,비,여,얇은 가디건,반팔,반바지,없음,"레인부츠, 모자, 선글라스, 양산, 우산"
13,12,맑음,남,자켓,맨투맨,면바지,없음,없음
-1,-1,흐림,여,패딩,기모후드,기모바지,히트텍,"목도리, 장갑, 핫팩"
4,5,맑음,여,롱패딩,히트텍,기모바지,히트텍,"목도리, 장갑, 핫팩"
-10,-12,비,여,코트,히트텍,기모레깅스,히트텍,"레인부츠, 목도리, 우산, 장갑, 핫팩"
-10,-12,눈,남,패딩,히트텍,기모청바지,히트텍,"목도리, 부츠, 장갑, 핫팩"
7,2,비,남,코트,니트,기모청바지,히트텍,"레인부츠, 우산"
23,19,눈,남,후드집업,맨투맨,청바지,얇은 이너,"부츠, 장갑"
8,7,눈,남,패딩,니트,기모청바지,히트텍,"부츠, 장갑"
11,6,비,남,후드집업,긴팔티,슬랙스,얇은 이너,"레인부츠, 우산"
13,12,비,남,후드집업,긴팔티,청바지,없음,"레인부츠, 우산"
21,18,흐림,여,가디건,맨투맨,롱스커트,없음,없음
2,0,눈,남,롱패딩,기모후드,기모청바지,히트텍,"목도리, 부츠, 장갑, 핫팩"
-5,-7,눈,여,롱패딩,기모후드,기모레깅스,히트텍,"목도리, 부츠, 장갑, 핫팩"
32,34,흐림,여,없음,민소매,반바지,없음,"모자, 선글라스, 양산"
8,8,비,여,롱패딩,니트,기모레깅스,히트텍,"레인부츠, 우산"
3,0,흐림,여,코트,니트,기모레깅스,히트텍,"목도리, 장갑, 핫팩"
19,16,맑음,남,후드집업,맨투맨,슬랙스,없음,없음
-9,-8,비,남,패딩,기모후드,기모바지,히트텍,"레인부츠, 목도리, 우산, 장갑, 핫팩"
8,10,맑음,남,코트,히트텍,기모청바지,히트텍,없음
-5,-8,흐림,남,패딩,히트텍,기모청바지,히트텍,"목도리, 장갑, 핫팩"
-8,-7,맑음,여,롱패딩,히트텍,기모레깅스,히트텍,"목도리, 장갑, 핫팩"
20,20,흐림,남,가디건,맨투맨,면바지,없음,없음
31,33,맑음,남,없음,민소매,면반바지,없음,"모자, 선글라스, 양산"
26,21,맑음,남,없음,민소매,면반바지,없음,"모자, 선글라스, 양산"
30,31,비,여,얇은 가디건,민소매,반바지,없음,"레인부츠, 모자, 선글라스, 양산, 우산"
11,13,비,남,자켓,맨투맨,면바지,얇은 이너,"레인부츠, 우산"
35,34,눈,여,얇은 가디건,반팔,치마,없음,"모자, 부츠, 선글라스, 양산, 장갑"
27,23,흐림,여,얇은 가디건,민소매,치마,없음,"모자, 선글라스, 양산"
33,36,비,여,없음,반팔,치마,없음,"레인부츠, 모자, 선글라스, 양산, 우산"
17,16,비,여,가디건,후드티,청바지,얇은 이너,"레인부츠, 우산"
27,30,흐림,남,없음,반팔,면반바지,없음,"모자, 선글라스, 양산"
31,26,흐림,남,없음,민소매,면반바지,없음,"모자, 선글라스, 양산"
13,11,흐림,여,자켓,후드티,청바지,없음,없음
-10,-15,비,남,코트,니트,기모청바지,히트텍,"레인부츠, 목도리, 우산, 장갑, 핫팩"
29,30,맑음,여,얇은 가디건,민소매,반바지,없음,"모자, 선글라스, 양산"
-4,-2,눈,여,패딩,히트텍,기모치마,히트텍,"목도리, 부츠, 장갑, 핫팩"
-5,-6,흐림,남,롱패딩,히트텍,기모청바지,히트텍,"목도리, 장갑, 핫팩"
-4,-7,흐림,여,패딩,니트,기모치마,히트텍,"목도리, 장갑, 핫팩"
21,17,맑음,남,가디건,후드티,슬랙스,없음,없음
8,11,맑음,남,롱패딩,기모후드,기모바지,히트텍,없음
0,2,비,여,롱패딩,기모후드,기모바지,히트텍,"레인부츠, 목도리, 우산, 장갑, 핫팩"
2,5,비,남,코트,기모후드,기모바지,히트텍,"레인부츠, 목도리, 우산, 장갑, 핫팩"
32,31,맑음,남,얇은 가디건,민소매,면반바지,없음,"모자, 선글라스, 양산"
19,20,흐림,남,자켓,후드티,면바지,얇은 이너,없음
12,13,맑음,남,가디건,후드티,슬랙스,얇은 이너,없음
13,10,눈,여,가디건,맨투맨,슬랙스,없음,"부츠, 장갑"
35,37,비,여,없음,민소매,반바지,없음,"레인부츠, 모자, 선글라스, 양산, 우산"
-10,-14,눈,남,패딩,히트텍,기모바지,히트텍,"목도리, 부츠, 장갑, 핫팩"
35,30,눈,여,얇은 가디건,반팔,치마,없음,"모자, 부츠, 선글라스, 양산, 장갑"
23,26,흐림,남,후드집업,긴팔티,청바지,얇은 이너,없음
-10,-12,맑음,여,패딩,히트텍,기모바지,히트텍,"목도리, 장갑, 핫팩"
18,13,비,남,후드집업,맨투맨,면바지,없음,"레인부츠, 우산"
-2,-6,눈,여,패딩,히트텍,기모치마,히트텍,"목도리, 부츠, 장갑, 핫팩"
12,10,흐림,여,가디건,맨투맨,청바지,없음,없음
1,4,눈,여,코트,니트,기모바지,히트텍,"목도리, 부츠, 장갑, 핫팩"
-10,-11,눈,남,코트,기모후드,기모청바지,히트텍,"목도리, 부츠, 장갑, 핫팩"
-10,-11,흐림,남,롱패딩,기모후드,기모청바지,히트텍,"목도리, 장갑, 핫팩"
-6,-5,눈,남,롱패딩,히트텍,기모청바지,히트텍,"목도리, 부츠, 장갑, 핫팩"
27,23,흐림,여,얇은 가디건,반팔,반바지,없음,"모자, 선글라스, 양산"
3,4,비,남,롱패딩,기모후드,기모바지,히트텍,"레인부츠, 목도리, 우산, 장갑, 핫팩"
3,4,맑음,남,롱패딩,기모후드,기모청바지,히트텍,"목도리, 장갑, 핫팩"
29,28,눈,여,얇은 가디건,반팔,치마,없음,"모자, 부츠, 선글라스, 양산, 장갑"
25,21,눈,여,없음,반팔,반바지,없음,"모자, 부츠, 선글라스, 양산, 장갑"
22,17,눈,남,후드집업,긴팔티,면바지,없음,"부츠, 장갑"
35,32,눈,여,얇은 가디건,민소매,치마,없음,"모자, 부츠, 선글라스, 양산, 장갑"
35,30,비,여,얇은 가디건,민소매,반바지,없음,"레인부츠, 모자, 선글라스, 양산, 우산"
-1,-6,비,남,롱패딩,기모후드,기모청바지,히트텍,"레인부츠, 목도리, 우산, 장갑, 핫팩"
34,30,맑음,남,얇은 가디건,민소매,반바지,없음,"모자, 선글라스, 양산"
32,30,맑음,여,없음,반팔,반바지,없음,"모자, 선글라스, 양산"
27,25,흐림,남,없음,민소매,반바지,없음,"모자, 선글라스, 양산"
10,5,흐림,여,가디건,긴팔티,롱스커트,없음,없음
-3,-4,눈,여,롱패딩,기모후드,기모치마,히트텍,"목도리, 부츠, 장갑, 핫팩"
23,18,맑음,여,자켓,후드티,슬랙스,없음,없음
-3,-7,눈,여,롱패딩,니트,기모치마,히트텍,"목도리, 부츠, 장갑, 핫팩"
-5,-5,맑음,여,롱패딩,히트텍,기모레깅스,히트텍,"목도리, 장갑, 핫팩"
9,12,눈,남,패딩,히트텍,기모바지,히트텍,"부츠, 장갑"
23,23,눈,여,후드집업,맨투맨,청바지,없음,"부츠, 장갑"
11,10,눈,여,가디건,맨투맨,청바지,없음,"부츠, 장갑"
-5,-6,흐림,여,롱패딩,기모후드,기모치마,히트텍,"목도리, 장갑, 핫팩"
29,26,비,남,없음,민소매,면반바지,없음,"레인부츠, 모자, 선글라스, 양산, 우산"
-9,-9,눈,남,코트,히트텍,기모청바지,히트텍,"목도리, 부츠, 장갑, 핫팩"
17,16,비,여,후드집업,후드티,청바지,없음,"레인부츠, 우산"
26,25,흐림,여,얇은 가디건,민소매,치마,없음,"모자, 선글라스, 양산"
31,32,맑음,여,없음,민소매,반바지,없음,"모자, 선글라스, 양산"
4,3,비,남,롱패딩,니트,기모바지,히트텍,"레인부츠, 목도리, 우산, 장갑, 핫팩"
2,5,흐림,여,패딩,니트,기모치마,히트텍,"목도리, 장갑, 핫팩"
0,-3,비,여,패딩,기모후드,기모레깅스,히트텍,"레인부츠, 목도리, 우산, 장갑, 핫팩"
12,9,비,여,자켓,긴팔티,청바지,없음,"레인부츠, 우산"
-10,-11,맑음,남,패딩,기모후드,기모바지,히트텍,"목도리, 장갑, 핫팩"
9,9,비,여,롱패딩,히트텍,기모레깅스,히트텍,"레인부츠, 우산"
24,21,비,여,가디건,긴팔티,롱스커트,없음,"레인부츠, 우산"
30,29,비,여,없음,민소매,반바지,없음,"레인부츠, 모자, 선글라스, 양산, 우산"
7,6,눈,남,패딩,기모후드,기모바지,히트텍,"부츠, 장갑"
12,9,흐림,여,가디건,맨투맨,슬랙스,없음,없음
11,6,비,여,자켓,긴팔티,슬랙스,없음,"레인부츠, 우산"
-2,-2,눈,남,코트,히트텍,기모바지,히트텍,"목도리, 부츠, 장갑, 핫팩"
16,14,눈,남,가디건,긴팔티,슬랙스,얇은 이너,"부츠, 장갑"
21,19,흐림,남,후드집업,긴팔티,슬랙스,없음,없음
18,21,눈,남,자켓,맨투맨,슬랙스,얇은 이너,"부츠, 장갑"
32,34,비,여,없음,민소매,반바지,없음,"레인부츠, 모자, 선글라스, 양산, 우산"
-5,-5,맑음,여,코트,기모후드,기모치마,히트텍,"목도리, 장갑, 핫팩"
3,3,맑음,여,코트,니트,기모치마,히트텍,"목도리, 장갑, 핫팩"
-6,-9,흐림,남,롱패딩,니트,기모바지,히트텍,"목도리, 장갑, 핫팩"
3,6,눈,여,코트,히트텍,기모치마,히트텍,"목도리, 부츠, 장갑, 핫팩"
21,19,맑음,남,후드집업,후드티,면바지,없음,없음
-1,-6,맑음,남,코트,히트텍,기모청바지,히트텍,"목도리, 장갑, 핫팩"
17,12,흐림,여,가디건,맨투맨,청바지,없음,없음
-7,-4,비,남,패딩,히트텍,기모바지,히트텍,"레인부츠, 목도리, 우산, 장갑, 핫팩"
3,-2,맑음,남,롱패딩,니트,기모바지,히트텍,"목도리, 장갑, 핫팩"
20,16,맑음,남,자켓,긴팔티,슬랙스,없음,없음
14,17,눈,여,가디건,후드티,청바지,얇은 이너,"부츠, 장갑"
-6,-10,맑음,여,패딩,니트,기모레깅스,히트텍,"목도리, 장갑, 핫팩"
18,19,비,남,후드집업,긴팔티,청바지,없음,"레인부츠, 우산"
9,8,비,여,롱패딩,기모후드,기모바지,히트텍,"레인부츠, 우산"
5,8,흐림,남,코트,기모후드,기모청바지,히트텍,"목도리, 장갑, 핫팩"
6,1,비,남,코트,니트,기모바지,히트텍,"레인부츠, 우산"
-9,-8,흐림,남,코트,히트텍,기모바지,히트텍,"목도리, 장갑, 핫팩"
-1,-4,비,여,코트,히트텍,기모바지,히트텍,"레인부츠, 목도리, 우산, 장갑, 핫팩"
25,27,눈,여,없음,반팔,치마,없음,"모자, 부츠, 선글라스, 양산, 장갑"
-7,-5,흐림,여,패딩,니트,기모레깅스,히트텍,"목도리, 장갑, 핫팩"
34,35,비,여,얇은 가디건,민소매,치마,없음,"레인부츠, 모자, 선글라스, 양산, 우산"
16,11,맑음,여,가디건,긴팔티,청바지,없음,없음
0,-5,비,남,롱패딩,히트텍,기모청바지,히트텍,"레인부츠, 목도리, 우산, 장갑, 핫팩"
9,8,눈,여,롱패딩,기모후드,기모치마,히트텍,"부츠, 장갑"
31,31,흐림,남,없음,민소매,반바지,없음,"모자, 선글라스, 양산"
19,16,맑음,남,후드집업,후드티,슬랙스,얇은 이너,없음
1,2,흐림,남,패딩,니트,기모청바지,히트텍,"목도리, 장갑, 핫팩"
26,25,맑음,여,없음,민소매,치마,없음,"모자, 선글라스, 양산"
-1,2,흐림,여,패딩,기모후드,기모치마,히트텍,"목도리, 장갑, 핫팩"
15,15,눈,여,후드집업,후드티,슬랙스,얇은 이너,"부츠, 장갑"
11,8,맑음,여,가디건,후드티,슬랙스,얇은 이너,없음
12,11,맑음,남,가디건,맨투맨,슬랙스,없음,없음
11,9,맑음,남,자켓,후드티,면바지,없음,없음
18,17,흐림,여,자켓,맨투맨,청바지,얇은 이너,없음
-4,-7,비,여,롱패딩,니트,기모치마,히트텍,"레인부츠, 목도리, 우산, 장갑, 핫팩"
-1,2,비,여,코트,니트,기모레깅스,히트텍,"레인부츠, 목도리, 우산, 장갑, 핫팩"
9,12,비,여,코트,히트텍,기모바지,히트텍,"레인부츠, 우산"
-10,-15,맑음,여,패딩,니트,기모레깅스,히트텍,"목도리, 장갑, 핫팩"
23,21,비,남,가디건,후드티,슬랙스,없음,"레인부츠, 우산"
33,33,비,남,얇은 가디건,반팔,반바지,없음,"레인부츠, 모자, 선글라스, 양산, 우산"
6,5,흐림,여,롱패딩,기모후드,기모치마,히트텍,없음
30,31,비,여,없음,반팔,치마,없음,"레인부츠, 모자, 선글라스, 양산, 우산"
-7,-5,비,남,롱패딩,히트텍,기모바지,히트텍,"레인부츠, 목도리, 우산, 장갑, 핫팩"
1,-2,눈,여,롱패딩,기모후드,기모레깅스,히트텍,"목도리, 부츠, 장갑, 핫팩"
15,18,비,여,후드집업,후드티,슬랙스,없음,"레인부츠, 우산"
-10,-12,맑음,여,패딩,니트,기모치마,히트텍,"목도리, 장갑, 핫팩"
7,6,맑음,여,코트,히트텍,기모치마,히트텍,없음
-7,-5,비,여,패딩,기모후드,기모치마,히트텍,"레인부츠, 목도리, 우산, 장갑, 핫팩"
2,-2,흐림,남,코트,니트,기모청바지,히트텍,"목도리, 장갑, 핫팩"
27,23,비,남,얇은 가디건,반팔,반바지,없음,"레인부츠, 모자, 선글라스, 양산, 우산"
14,14,비,남,후드집업,맨투맨,면바지,얇은 이너,"레인부츠, 우산"
32,33,비,남,없음,민소매,면반바지,없음,"레인부츠, 모자, 선글라스, 양산, 우산"
4,1,맑음,남,패딩,기모후드,기모청바지,히트텍,"목도리, 장갑, 핫팩"
30,33,맑음,남,없음,민소매,면반바지,없음,"모자, 선글라스, 양산"
5,2,비,여,패딩,니트,기모레깅스,히트텍,"레인부츠, 목도리, 우산, 장갑, 핫팩"
29,25,비,남,없음,민소매,면반바지,없음,"레인부츠, 모자, 선글라스, 양산, 우산"
11,10,비,남,후드집업,후드티,슬랙스,없음,"레인부츠, 우산"
25,22,눈,여,얇은 가디건,반팔,치마,없음,"모자, 부츠, 선글라스, 양산, 장갑"
33,34,눈,여,없음,반팔,반바지,없음,"모자, 부츠, 선글라스, 양산, 장갑"
-1,-5,맑음,여,롱패딩,기모후드,기모바지,히트텍,"목도리, 장갑, 핫팩"
-2,1,눈,여,코트,니트,기모치마,히트텍,"목도리, 부츠, 장갑, 핫팩"
1,4,비,남,패딩,히트텍,기모바지,히트텍,"레인부츠, 목도리, 우산, 장갑, 핫팩"
8,10,비,여,롱패딩,니트,기모치마,히트텍,"레인부츠, 우산"
-2,-4,흐림,여,코트,기모후드,기모바지,히트텍,"목도리, 장갑, 핫팩"
-8,-9,비,여,패딩,니트,기모바지,히트텍,"레인부츠, 목도리, 우산, 장갑, 핫팩"
23,18,맑음,남,자켓,후드티,면바지,얇은 이너,없음
-7,-8,비,여,코트,히트텍,기모치마,히트텍,"레인부츠, 목도리, 우산, 장갑, 핫팩"
-7,-6,눈,남,코트,히트텍,기모청바지,히트텍,"목도리, 부츠, 장갑, 핫팩"
20,18,흐림,남,가디건,후드티,슬랙스,얇은 이너,없음
-7,-8,비,남,패딩,기모후드,기모청바지,히트텍,"레인부츠, 목도리, 우산, 장갑, 핫팩"
2,4,비,여,롱패딩,기모후드,기모레깅스,히트텍,"레인부츠, 목도리, 우산, 장갑, 핫팩"
-3,-2,비,여,패딩,기모후드,기모바지,히트텍,"레인부츠, 목도리, 우산, 장갑, 핫팩"
13,12,흐림,남,자켓,맨투맨,슬랙스,얇은 이너,없음
26,24,눈,남,얇은 가디건,반팔,반바지,없음,"모자, 부츠, 선글라스, 양산, 장갑"
33,28,흐림,남,얇은 가디건,반팔,면반바지,없음,"모자, 선글라스, 양산"
-7,-9,맑음,여,코트,니트,기모레깅스,히트텍,"목도리, 장갑, 핫팩"
-8,-8,비,여,롱패딩,니트,기모치마,히트텍,"레인부츠, 목도리, 우산, 장갑, 핫팩"
14,11,맑음,여,가디건,후드티,롱스커트,얇은 이너,없음
32,30,눈,남,얇은 가디건,반팔,반바지,없음,"모자, 부츠, 선글라스, 양산, 장갑"
2,-2,맑음,여,패딩,히트텍,기모레깅스,히트텍,"목도리, 장갑, 핫팩"
15,12,맑음,남,가디건,후드티,슬랙스,얇은 이너,없음
7,2,흐림,남,패딩,기모후드,기모청바지,히트텍,없음
29,29,흐림,남,없음,민소매,면반바지,없음,"모자, 선글라스, 양산"
24,27,비,여,가디건,긴팔티,롱스커트,얇은 이너,"레인부츠, 우산"
-9,-6,비,여,패딩,니트,기모레깅스,히트텍,"레인부츠, 목도리, 우산, 장갑, 핫팩"
7,3,흐림,여,패딩,니트,기모치마,히트텍,없음
13,12,흐림,남,가디건,맨투맨,청바지,얇은 이너,없음
32,32,눈,남,얇은 가디건,민소매,반바지,없음,"모자, 부츠, 선글라스, 양산, 장갑"
35,34,비,여,얇은 가디건,반팔,반바지,없음,"레인부츠, 모자, 선글라스, 양산, 우산"
-3,-2,맑음,여,패딩,히트텍,기모치마,히트텍,"목도리, 장갑, 핫팩"
18,17,흐림,여,가디건,긴팔티,롱스커트,얇은 이너,없음
24,25,맑음,여,후드집업,후드티,슬랙스,없음,없음
29,27,맑음,남,없음,민소매,면반바지,없음,"모자, 선글라스, 양산"
-7,-4,비,남,롱패딩,히트텍,기모청바지,히트텍,"레인부츠, 목도리, 우산, 장갑, 핫팩"
16,11,맑음,남,가디건,맨투맨,면바지,없음,없음
2,3,흐림,남,롱패딩,히트텍,기모바지,히트텍,"목도리, 장갑, 핫팩"
6,3,비,남,롱패딩,니트,기모청바지,히트텍,"레인부츠, 우산"
25,26,비,남,없음,반팔,면반바지,없음,"레인부츠, 모자, 선글라스, 양산, 우산"
33,31,눈,여,없음,민소매,치마,없음,"모자, 부츠, 선글라스, 양산, 장갑"
-3,-3,비,여,롱패딩,히트텍,기모바지,히트텍,"레인부츠, 목도리, 우산, 장갑, 핫팩"
10,5,맑음,여,후드집업,맨투맨,롱스커트,없음,없음
32,27,비,남,없음,민소매,반바지,없음,"레인부츠, 모자, 선글라스, 양산, 우산"
12,12,눈,남,가디건,후드티,면바지,얇은 이너,"부츠, 장갑"
21,24,눈,남,자켓,맨투맨,면바지,없음,"부츠, 장갑"
1,0,눈,남,코트,기모후드,기모바지,히트텍,"목도리, 부츠, 장갑, 핫팩"
23,21,흐림,여,가디건,맨투맨,롱스커트,얇은 이너,없음
7,7,흐림,여,코트,기모후드,기모치마,히트텍,없음
16,16,흐림,여,후드집업,긴팔티,롱스커트,얇은 이너,없음
19,15,맑음,남,후드집업,맨투맨,슬랙스,얇은 이너,없음
-7,-10,비,남,패딩,히트텍,기모바지,히트텍,"레인부츠, 목도리, 우산, 장갑, 핫팩"
28,25,맑음,여,없음,반팔,반바지,없음,"모자, 선글라스, 양산"
3,0,흐림,여,패딩,기모후드,기모레깅스,히트텍,"목도리, 장갑, 핫팩"
11,7,비,여,자켓,후드티,롱스커트,얇은 이너,"레인부츠, 우산"
19,14,비,남,자켓,맨투맨,면바지,없음,"레인부츠, 우산"
10,7,비,여,가디건,후드티,청바지,얇은 이너,"레인부츠, 우산"
12,15,맑음,남,가디건,맨투맨,청바지,얇은 이너,없음
24,21,흐림,남,가디건,맨투맨,슬랙스,얇은 이너,없음
18,14,흐림,남,자켓,후드티,면바지,얇은 이너,없음
10,12,맑음,여,후드집업,맨투맨,청바지,없음,없음
11,7,흐림,여,가디건,후드티,청바지,얇은 이너,없음
-10,-11,맑음,남,롱패딩,니트,기모바지,히트텍,"목도리, 장갑, 핫팩"
-4,-4,눈,남,코트,니트,기모청바지,히트텍,"목도리, 부츠, 장갑, 핫팩"
26,23,맑음,남,얇은 가디건,민소매,반바지,없음,"모자, 선글라스, 양산"
34,30,눈,여,얇은 가디건,민소매,반바지,없음,"모자, 부츠, 선글라스, 양산, 장갑"
25,25,맑음,남,없음,민소매,면반바지,없음,"모자, 선글라스, 양산"
0,-2,눈,남,코트,기모후드,기모바지,히트텍,"목도리, 부츠, 장갑, 핫팩"
0,3,눈,여,패딩,니트,기모바지,히트텍,"목도리, 부츠, 장갑, 핫팩"
-4,-3,흐림,남,패딩,기모후드,기모바지,히트텍,"목도리, 장갑, 핫팩"
4,7,비,여,코트,히트텍,기모치마,히트텍,"레인부츠, 목도리, 우산, 장갑, 핫팩"
29,28,눈,여,얇은 가디건,반팔,치마,없음,"모자, 부츠, 선글라스, 양산, 장갑"
28,26,비,여,없음,민소매,반바지,없음,"레인부츠, 모자, 선글라스, 양산, 우산"
8,6,맑음,남,롱패딩,기모후드,기모청바지,히트텍,없음
25,20,비,여,없음,민소매,치마,없음,"레인부츠, 모자, 선글라스, 양산, 우산"
1,-1,맑음,여,롱패딩,니트,기모바지,히트텍,"목도리, 장갑, 핫팩"
25,27,눈,남,없음,민소매,면반바지,없음,"모자, 부츠, 선글라스, 양산, 장갑"
21,20,맑음,여,가디건,맨투맨,청바지,없음,없음
-4,-9,눈,남,코트,기모후드,기모바지,히트텍,"목도리, 부츠, 장갑, 핫팩"
25,23,비,여,얇은 가디건,민소매,치마,없음,"레인부츠, 모자, 선글라스, 양산, 우산"
31,30,비,여,없음,민소매,반바지,없음,"레인부츠, 모자, 선글라스, 양산, 우산"
18,16,맑음,여,가디건,맨투맨,청바지,얇은 이너,없음
-4,-6,비,남,코트,니트,기모바지,히트텍,"레인부츠, 목도리, 우산, 장갑, 핫팩"
25,26,눈,남,없음,민소매,반바지,없음,"모자, 부츠, 선글라스, 양산, 장갑"
22,18,흐림,남,자켓,맨투맨,청바지,얇은 이너,없음
3,2,흐림,남,패딩,기모후드,기모청바지,히트텍,"목도리, 장갑, 핫팩"
-2,-4,눈,여,패딩,히트텍,기모바지,히트텍,"목도리, 부츠, 장갑, 핫팩"
-2,-1,눈,남,코트,기모후드,기모바지,히트텍,"목도리, 부츠, 장갑, 핫팩"
19,14,눈,여,가디건,후드티,슬랙스,얇은 이너,"부츠, 장갑"
18,19,눈,여,자켓,긴팔티,청바지,없음,"부츠, 장갑"
-4,-6,비,남,롱패딩,기모후드,기모청바지,히트텍,"레인부츠, 목도리, 우산, 장갑, 핫팩"
30,32,눈,남,얇은 가디건,민소매,반바지,없음,"모자, 부츠, 선글라스, 양산, 장갑"
1,-3,흐림,여,패딩,기모후드,기모바지,히트텍,"목도리, 장갑, 핫팩"
27,30,비,남,얇은 가디건,반팔,면반바지,없음,"레인부츠, 모자, 선글라스, 양산, 우산"
15,13,비,남,후드집업,후드티,슬랙스,없음,"레인부츠, 우산"
30,33,흐림,여,얇은 가디건,민소매,치마,없음,"모자, 선글라스, 양산"
19,21,맑음,남,가디건,긴팔티,면바지,얇은 이너,없음
8,4,흐림,여,패딩,기모후드,기모레깅스,히트텍,없음
27,29,맑음,여,없음,반팔,반바지,없음,"모자, 선글라스, 양산"
21,23,눈,남,자켓,맨투맨,슬랙스,얇은 이너,"부츠, 장갑"
30,27,흐림,남,없음,반팔,면반바지,없음,"모자, 선글라스, 양산"
-6,-3,흐림,여,롱패딩,니트,기모치마,히트텍,"목도리, 장갑, 핫팩"
27,27,맑음,남,없음,반팔,면반바지,없음,"모자, 선글라스, 양산"
3,-2,맑음,남,코트,니트,기모청바지,히트텍,"목도리, 장갑, 핫팩"
15,16,맑음,여,자켓,긴팔티,롱스커트,없음,없음
10,9,비,여,가디건,맨투맨,롱스커트,얇은 이너,"레인부츠, 우산"
7,6,흐림,여,코트,히트텍,기모치마,히트텍,없음
8,10,흐림,남,패딩,기모후드,기모바지,히트텍,없음
18,18,흐림,남,후드집업,맨투맨,면바지,얇은 이너,없음
10,11,맑음,여,자켓,긴팔티,청바지,없음,없음
2,0,흐림,남,코트,히트텍,기모바지,히트텍,"목도리, 장갑, 핫팩"
31,26,흐림,남,없음,반팔,면반바지,없음,"모자, 선글라스, 양산"
8,6,맑음,여,패딩,히트텍,기모치마,히트텍,없음
-5,-6,맑음,남,코트,히트텍,기모바지,히트텍,"목도리, 장갑, 핫팩"
-4,-1,맑음,남,코트,니트,기모바지,히트텍,"목도리, 장갑, 핫팩"
27,24,비,여,없음,민소매,치마,없음,"레인부츠, 모자, 선글라스, 양산, 우산"
23,21,비,여,자켓,후드티,롱스커트,없음,"레인부츠, 우산"
24,21,흐림,남,가디건,후드티,슬랙스,없음,없음
11,13,흐림,남,후드집업,긴팔티,면바지,얇은 이너,없음
21,22,흐림,남,자켓,맨투맨,청바지,없음,없음
19,17,눈,여,자켓,긴팔티,슬랙스,없음,"부츠, 장갑"
10,12,비,여,후드집업,긴팔티,롱스커트,얇은 이너,"레인부츠, 우산"
33,36,흐림,여,없음,민소매,치마,없음,"모자, 선글라스, 양산"
-1,2,비,여,패딩,히트텍,기모레깅스,히트텍,"레인부츠, 목도리, 우산, 장갑, 핫팩"
-3,-7,맑음,여,패딩,히트텍,기모치마,히트텍,"목도리, 장갑, 핫팩"
-2,-7,눈,여,패딩,히트텍,기모바지,히트텍,"목도리, 부츠, 장갑, 핫팩"
31,34,비,여,얇은 가디건,민소매,반바지,없음,"레인부츠, 모자, 선글라스, 양산, 우산"
4,0,흐림,남,롱패딩,니트,기모바지,히트텍,"목도리, 장갑, 핫팩"
11,8,비,여,자켓,맨투맨,롱스커트,얇은 이너,"레인부츠, 우산"
32,30,맑음,남,얇은 가디건,반팔,반바지,없음,"모자, 선글라스, 양산"
-6,-7,비,남,롱패딩,니트,기모청바지,히트텍,"레인부츠, 목도리, 우산, 장갑, 핫팩"
27,30,맑음,여,얇은 가디건,반팔,치마,없음,"모자, 선글라스, 양산"
1,-3,흐림,여,롱패딩,히트텍,기모바지,히트텍,"목도리, 장갑, 핫팩"
-9,-10,눈,남,롱패딩,히트텍,기모청바지,히트텍,"목도리, 부츠, 장갑, 핫팩"
-9,-14,눈,남,롱패딩,니트,기모청바지,히트텍,"목도리, 부츠, 장갑, 핫팩"
23,20,눈,남,가디건,긴팔티,슬랙스,얇은 이너,"부츠, 장갑"
21,16,눈,남,후드집업,긴팔티,슬랙스,없음,"부츠, 장갑"
8,9,맑음,여,코트,니트,기모레깅스,히트텍,없음
4,-1,눈,남,코트,히트텍,기모바지,히트텍,"목도리, 부츠, 장갑, 핫팩"
-8,-5,눈,남,롱패딩,니트,기모청바지,히트텍,"목도리, 부츠, 장갑, 핫팩"
9,11,맑음,남,롱패딩,기모후드,기모청바지,히트텍,없음
22,19,비,여,가디건,긴팔티,슬랙스,없음,"레인부츠, 우산"
-3,-6,눈,여,코트,히트텍,기모바지,히트텍,"목도리, 부츠, 장갑, 핫팩"
-8,-11,맑음,여,코트,기모후드,기모치마,히트텍,"목도리, 장갑, 핫팩"
6,7,맑음,남,코트,히트텍,기모바지,히트텍,없음
3,4,눈,여,롱패딩,기모후드,기모바지,히트텍,"목도리, 부츠, 장갑, 핫팩"
16,18,비,여,가디건,후드티,슬랙스,없음,"레인부츠, 우산"
-6,-5,맑음,남,코트,니트,기모바지,히트텍,"목도리, 장갑, 핫팩"
7,10,흐림,여,코트,니트,기모레깅스,히트텍,없음
7,2,맑음,여,롱패딩,히트텍,기모바지,히트텍,없음
24,25,눈,여,자켓,맨투맨,청바지,없음,"부츠, 장갑"
3,5,비,여,코트,니트,기모레깅스,히트텍,"레인부츠, 목도리, 우산, 장갑, 핫팩"
-1,1,비,여,코트,니트,기모레깅스,히트텍,"레인부츠, 목도리, 우산, 장갑, 핫팩"
11,11,눈,여,후드집업,맨투맨,롱스커트,없음,"부츠, 장갑"
28,30,맑음,남,얇은 가디건,민소매,반바지,없음,"모자, 선글라스, 양산"
31,33,맑음,여,없음,민소매,반바지,없음,"모자, 선글라스, 양산"
31,30,맑음,여,없음,반팔,치마,없음,"모자, 선글라스, 양산"
-3,0,눈,여,패딩,히트텍,기모치마,히트텍,"목도리, 부츠, 장갑, 핫팩"
-5,-10,눈,남,코트,기모후드,기모바지,히트텍,"목도리, 부츠, 장갑, 핫팩"
35,36,맑음,남,얇은 가디건,민소매,면반바지,없음,"모자, 선글라스, 양산"
-8,-9,맑음,여,롱패딩,히트텍,기모치마,히트텍,"목도리, 장갑, 핫팩"
31,33,비,남,얇은 가디건,반팔,면반바지,없음,"레인부츠, 모자, 선글라스, 양산, 우산"
24,25,비,여,가디건,후드티,청바지,얇은 이너,"레인부츠, 우산"
-4,-2,흐림,남,코트,기모후드,기모바지,히트텍,"목도리, 장갑, 핫팩"
6,6,비,여,패딩,히트텍,기모치마,히트텍,"레인부츠, 우산"
-2,-2,눈,남,롱패딩,히트텍,기모청바지,히트텍,"목도리, 부츠, 장갑, 핫팩"
26,21,맑음,여,얇은 가디건,반팔,반바지,없음,"모자, 선글라스, 양산"
-7,-12,비,남,롱패딩,니트,기모바지,히트텍,"레인부츠, 목도리, 우산, 장갑, 핫팩"
7,3,비,여,코트,기모후드,기모레깅스,히트텍,"레인부츠, 우산"
5,1,흐림,남,패딩,니트,기모바지,히트텍,"목도리, 장갑, 핫팩"
22,25,비,남,가디건,맨투맨,면바지,없음,"레인부츠, 우산"
-3,-7,맑음,여,패딩,히트텍,기모레깅스,히트텍,"목도리, 장갑, 핫팩"
1,4,비,남,코트,기모후드,기모청바지,히트텍,"레인부츠, 목도리, 우산, 장갑, 핫팩"
-8,-11,흐림,남,패딩,니트,기모바지,히트텍,"목도리, 장갑, 핫팩"
6,4,맑음,여,패딩,니트,기모치마,히트텍,없음
3,5,눈,남,롱패딩,니트,기모청바지,히트텍,"목도리, 부츠, 장갑, 핫팩"
22,17,맑음,여,자켓,후드티,롱스커트,얇은 이너,없음
10,10,눈,여,자켓,후드티,청바지,얇은 이너,"부츠, 장갑"
-8,-9,비,여,코트,기모후드,기모레깅스,히트텍,"레인부츠, 목도리, 우산, 장갑, 핫팩"
-3,-1,비,남,롱패딩,기모후드,기모바지,히트텍,"레인부츠, 목도리, 우산, 장갑, 핫팩"
13,9,흐림,여,가디건,맨투맨,롱스커트,얇은 이너,없음
14,15,눈,남,자켓,긴팔티,슬랙스,얇은 이너,"부츠, 장갑"
18,19,맑음,남,후드집업,긴팔티,슬랙스,얇은 이너,없음
34,35,맑음,남,얇은 가디건,민소매,반바지,없음,"모자, 선글라스, 양산"
11,9,눈,남,후드집업,후드티,청바지,없음,"부츠, 장갑"
-7,-8,비,여,코트,니트,기모치마,히트텍,"레인부츠, 목도리, 우산, 장갑, 핫팩"
32,29,비,남,얇은 가디건,반팔,반바지,없음,"레인부츠, 모자, 선글라스, 양산, 우산"
8,6,흐림,여,패딩,기모후드,기모레깅스,히트텍,없음
28,30,흐림,여,없음,민소매,반바지,없음,"모자, 선글라스, 양산"
30,31,흐림,여,얇은 가디건,민소매,치마,없음,"모자, 선글라스, 양산"
18,18,비,남,가디건,후드티,면바지,없음,"레인부츠, 우산"
-9,-12,눈,남,롱패딩,니트,기모청바지,히트텍,"목도리, 부츠, 장갑, 핫팩"
16,11,비,여,가디건,긴팔티,슬랙스,얇은 이너,"레인부츠, 우산"
6,2,맑음,남,패딩,기모후드,기모청바지,히트텍,없음
26,26,비,남,없음,반팔,면반바지,없음,"레인부츠, 모자, 선글라스, 양산, 우산"
17,18,흐림,여,후드집업,후드티,롱스커트,없음,없음
24,25,눈,여,후드집업,맨투맨,청바지,얇은 이너,"부츠, 장갑"
-7,-9,눈,남,패딩,니트,기모바지,히트텍,"목도리, 부츠, 장갑, 핫팩"
-3,-4,눈,남,롱패딩,니트,기모청바지,히트텍,"목도리, 부츠, 장갑, 핫팩"
-9,-11,맑음,남,코트,니트,기모청바지,히트텍,"목도리, 장갑, 핫팩"
28,27,흐림,남,얇은 가디건,민소매,면반바지,없음,"모자, 선글라스, 양산"
2,-3,눈,남,롱패딩,히트텍,기모바지,히트텍,"목도리, 부츠, 장갑, 핫팩"
10,7,흐림,여,가디건,맨투맨,청바지,없음,없음
26,29,비,남,없음,반팔,면반바지,없음,"레인부츠, 모자, 선글라스, 양산, 우산"
6,9,비,여,롱패딩,기모후드,기모레깅스,히트텍,"레인부츠, 우산"
5,6,비,여,롱패딩,기모후드,기모레깅스,히트텍,"레인부츠, 목도리, 우산, 장갑, 핫팩"
27,26,눈,여,없음,반팔,치마,없음,"모자, 부츠, 선글라스, 양산, 장갑"
35,36,비,남,없음,민소매,면반바지,없음,"레인부츠, 모자, 선글라스, 양산, 우산"
17,20,눈,남,가디건,긴팔티,청바지,없음,"부츠, 장갑"
-5,-3,흐림,남,롱패딩,기모후드,기모청바지,히트텍,"목도리, 장갑, 핫팩"
-4,-8,맑음,남,코트,히트텍,기모바지,히트텍,"목도리, 장갑, 핫팩"
0,3,비,여,코트,니트,기모바지,히트텍,"레인부츠, 목도리, 우산, 장갑, 핫팩"
-2,0,흐림,남,코트,니트,기모청바지,히트텍,"목도리, 장갑, 핫팩"
-1,0,맑음,남,롱패딩,히트텍,기모청바지,히트텍,"목도리, 장갑, 핫팩"
8,10,비,여,롱패딩,히트텍,기모레깅스,히트텍,"레인부츠, 우산"
-5,-5,비,여,패딩,기모후드,기모레깅스,히트텍,"레인부츠, 목도리, 우산, 장갑, 핫팩"
18,14,비,여,가디건,긴팔티,롱스커트,없음,"레인부츠, 우산"
27,24,눈,여,얇은 가디건,반팔,치마,없음,"모자, 부츠, 선글라스, 양산, 장갑"
25,25,맑음,여,없음,반팔,치마,없음,"모자, 선글라스, 양산"
13,14,비,남,후드집업,맨투맨,슬랙스,없음,"레인부츠, 우산"
-7,-4,맑음,남,패딩,기모후드,기모청바지,히트텍,"목도리, 장갑, 핫팩"
19,14,눈,남,자켓,후드티,슬랙스,얇은 이너,"부츠, 장갑"
18,19,맑음,남,가디건,긴팔티,슬랙스,얇은 이너,없음
-2,-2,맑음,남,패딩,기모후드,기모바지,히트텍,"목도리, 장갑, 핫팩"
13,15,비,남,가디건,후드티,슬랙스,얇은 이너,"레인부츠, 우산"
13,15,비,여,자켓,후드티,롱스커트,없음,"레인부츠, 우산"
32,34,흐림,남,얇은 가디건,민소매,면반바지,없음,"모자, 선글라스, 양산"
28,29,맑음,여,얇은 가디건,반팔,치마,없음,"모자, 선글라스, 양산"
20,18,눈,남,가디건,맨투맨,슬랙스,없음,"부츠, 장갑"
-3,-3,비,남,패딩,히트텍,기모바지,히트텍,"레인부츠, 목도리, 우산, 장갑, 핫팩"
12,7,맑음,여,자켓,긴팔티,롱스커트,없음,없음
-7,-12,눈,여,패딩,니트,기모치마,히트텍,"목도리, 부츠, 장갑, 핫팩"
4,2,맑음,여,롱패딩,기모후드,기모레깅스,히트텍,"목도리, 장갑, 핫팩"
32,34,비,남,얇은 가디건,반팔,반바지,없음,"레인부츠, 모자, 선글라스, 양산, 우산"
24,26,비,남,자켓,후드티,슬랙스,얇은 이너,"레인부츠, 우산"
25,25,눈,남,얇은 가디건,민소매,반바지,없음,"모자, 부츠, 선글라스, 양산, 장갑"
29,25,흐림,여,얇은 가디건,민소매,반바지,없음,"모자, 선글라스, 양산"
-9,-6,비,남,코트,니트,기모바지,히트텍,"레인부츠, 목도리, 우산, 장갑, 핫팩"
-8,-7,흐림,여,코트,히트텍,기모치마,히트텍,"목도리, 장갑, 핫팩"
34,32,비,남,얇은 가디건,반팔,반바지,없음,"레인부츠, 모자, 선글라스, 양산, 우산"
15,15,맑음,여,자켓,맨투맨,청바지,얇은 이너,없음
10,12,흐림,여,자켓,긴팔티,청바지,없음,없음
23,22,비,남,가디건,맨투맨,면바지,얇은 이너,"레인부츠, 우산"
29,24,눈,여,얇은 가디건,민소매,반바지,없음,"모자, 부츠, 선글라스, 양산, 장갑"
18,18,흐림,여,가디건,긴팔티,슬랙스,없음,없음
-2,-6,흐림,남,코트,기모후드,기모청바지,히트텍,"목도리, 장갑, 핫팩"
18,13,비,여,후드집업,맨투맨,슬랙스,없음,"레인부츠, 우산"
27,24,비,여,얇은 가디건,민소매,치마,없음,"레인부츠, 모자, 선글라스, 양산, 우산"
-2,-6,흐림,여,패딩,히트텍,기모치마,히트텍,"목도리, 장갑, 핫팩"
15,15,눈,여,후드집업,맨투맨,청바지,없음,"부츠, 장갑"
10,6,비,남,자켓,긴팔티,면바지,없음,"레인부츠, 우산"
0,0,흐림,남,패딩,히트텍,기모청바지,히트텍,"목도리, 장갑, 핫팩"
22,25,비,남,후드집업,후드티,청바지,얇은 이너,"레인부츠, 우산"
22,22,맑음,남,자켓,긴팔티,슬랙스,얇은 이너,없음
13,12,맑음,남,후드집업,맨투맨,면바지,없음,없음
-9,-10,흐림,여,롱패딩,기모후드,기모바지,히트텍,"목도리, 장갑, 핫팩"
16,12,맑음,여,가디건,후드티,롱스커트,없음,없음
23,22,흐림,여,자켓,후드티,슬랙스,없음,없음
25,28,눈,여,없음,반팔,치마,없음,"모자, 부츠, 선글라스, 양산, 장갑"
33,36,눈,남,없음,민소매,반바지,없음,"모자, 부츠, 선글라스, 양산, 장갑"
13,11,맑음,여,자켓,후드티,청바지,없음,없음
8,3,흐림,남,패딩,히트텍,기모청바지,히트텍,없음
-10,-10,비,여,코트,기모후드,기모바지,히트텍,"레인부츠, 목도리, 우산, 장갑, 핫팩"
-10,-14,비,남,패딩,니트,기모청바지,히트텍,"레인부츠, 목도리, 우산, 장갑, 핫팩"
-4,-9,비,남,코트,히트텍,기모청바지,히트텍,"레인부츠, 목도리, 우산, 장갑, 핫팩"
-2,-4,흐림,남,코트,니트,기모바지,히트텍,"목도리, 장갑, 핫팩"
15,16,눈,남,자켓,후드티,청바지,없음,"부츠, 장갑"
-3,-6,비,여,패딩,기모후드,기모치마,히트텍,"레인부츠, 목도리, 우산, 장갑, 핫팩"
30,29,흐림,남,없음,반팔,면반바지,없음,"모자, 선글라스, 양산"
0,2,비,남,코트,기모후드,기모청바지,히트텍,"레인부츠, 목도리, 우산, 장갑, 핫팩"
-2,-4,흐림,여,코트,히트텍,기모치마,히트텍,"목도리, 장갑, 핫팩"
-6,-7,비,여,패딩,히트텍,기모치마,히트텍,"레인부츠, 목도리, 우산, 장갑, 핫팩"
32,33,눈,남,없음,민소매,면반바지,없음,"모자, 부츠, 선글라스, 양산, 장갑"
14,16,눈,여,자켓,후드티,롱스커트,없음,"부츠, 장갑"
-6,-6,눈,남,패딩,히트텍,기모바지,히트텍,"목도리, 부츠, 장갑, 핫팩"
11,12,맑음,여,자켓,맨투맨,청바지,얇은 이너,없음
1,2,비,남,롱패딩,히트텍,기모청바지,히트텍,"레인부츠, 목도리, 우산, 장갑, 핫팩"
27,26,비,여,없음,민소매,반바지,없음,"레인부츠, 모자, 선글라스, 양산, 우산"
15,12,흐림,남,자켓,맨투맨,슬랙스,얇은 이너,없음
26,24,비,남,얇은 가디건,반팔,반바지,없음,"레인부츠, 모자, 선글라스, 양산, 우산"
3,6,비,남,패딩,히트텍,기모바지,히트텍,"레인부츠, 목도리, 우산, 장갑, 핫팩"
32,34,비,남,얇은 가디건,민소매,반바지,없음,"레인부츠, 모자, 선글라스, 양산, 우산"
-10,-9,눈,여,패딩,히트텍,기모레깅스,히트텍,"목도리, 부츠, 장갑, 핫팩"
21,18,맑음,여,자켓,맨투맨,청바지,얇은 이너,없음
7,9,비,남,코트,히트텍,기모청바지,히트텍,"레인부츠, 우산"
5,6,흐림,남,롱패딩,히트텍,기모청바지,히트텍,"목도리, 장갑, 핫팩"
25,28,맑음,남,없음,반팔,반바지,없음,"모자, 선글라스, 양산"
2,3,눈,남,패딩,기모후드,기모바지,히트텍,"목도리, 부츠, 장갑, 핫팩"
21,16,눈,남,가디건,긴팔티,면바지,없음,"부츠, 장갑"
0,0,눈,여,롱패딩,히트텍,기모레깅스,히트텍,"목도리, 부츠, 장갑, 핫팩"
15,14,비,여,자켓,긴팔티,청바지,얇은 이너,"레인부츠, 우산"
11,12,흐림,여,자켓,후드티,슬랙스,없음,없음
9,8,눈,여,코트,기모후드,기모레깅스,히트텍,"부츠, 장갑"
-7,-11,눈,여,코트,니트,기모치마,히트텍,"목도리, 부츠, 장갑, 핫팩"
1,1,흐림,여,패딩,니트,기모레깅스,히트텍,"목도리, 장갑, 핫팩"
12,12,맑음,남,가디건,후드티,청바지,없음,없음
20,17,맑음,여,후드집업,긴팔티,롱스커트,얇은 이너,없음
6,8,맑음,남,코트,니트,기모바지,히트텍,없음
25,27,눈,남,얇은 가디건,반팔,면반바지,없음,"모자, 부츠, 선글라스, 양산, 장갑"
-6,-5,맑음,여,패딩,니트,기모바지,히트텍,"목도리, 장갑, 핫팩"
-8,-7,비,남,코트,니트,기모바지,히트텍,"레인부츠, 목도리, 우산, 장갑, 핫팩"
29,24,맑음,여,얇은 가디건,민소매,반바지,없음,"모자, 선글라스, 양산"
13,11,맑음,여,자켓,긴팔티,슬랙스,얇은 이너,없음
27,24,비,여,얇은 가디건,민소매,반바지,없음,"레인부츠, 모자, 선글라스, 양산, 우산"
-6,-8,맑음,여,코트,기모후드,기모바지,히트텍,"목도리, 장갑, 핫팩"
-10,-14,비,여,롱패딩,니트,기모바지,히트텍,"레인부츠, 목도리, 우산, 장갑, 핫팩"
26,22,비,남,없음,반팔,반바지,없음,"레인부츠, 모자, 선글라스, 양산, 우산"
26,22,흐림,여,얇은 가디건,민소매,반바지,없음,"모자, 선글라스, 양산"
-1,-1,눈,여,롱패딩,니트,기모치마,히트텍,"목도리, 부츠, 장갑, 핫팩"
24,22,흐림,여,후드집업,긴팔티,슬랙스,없음,없음
33,34,흐림,남,없음,민소매,반바지,없음,"모자, 선글라스, 양산"
32,33,비,남,얇은 가디건,민소매,반바지,없음,"레인부츠, 모자, 선글라스, 양산, 우산"
-2,-7,눈,남,코트,히트텍,기모청바지,히트텍,"목도리, 부츠, 장갑, 핫팩"
9,12,흐림,여,패딩,기모후드,기모치마,히트텍,없음
0,0,맑음,남,패딩,니트,기모청바지,히트텍,"목도리, 장갑, 핫팩"
3,0,맑음,여,코트,기모후드,기모레깅스,히트텍,"목도리, 장갑, 핫팩"
14,11,맑음,여,가디건,긴팔티,롱스커트,얇은 이너,없음
-8,-9,비,여,롱패딩,니트,기모치마,히트텍,"레인부츠, 목도리, 우산, 장갑, 핫팩"
5,1,눈,여,패딩,히트텍,기모레깅스,히트텍,"목도리, 부츠, 장갑, 핫팩"
4,2,눈,남,롱패딩,히트텍,기모바지,히트텍,"목도리, 부츠, 장갑, 핫팩"
1,4,눈,여,롱패딩,기모후드,기모바지,히트텍,"목도리, 부츠, 장갑, 핫팩"
2,-2,눈,남,패딩,기모후드,기모청바지,히트텍,"목도리, 부츠, 장갑, 핫팩"
28,23,눈,여,없음,민소매,치마,없음,"모자, 부츠, 선글라스, 양산, 장갑"
8,5,맑음,남,롱패딩,니트,기모바지,히트텍,없음
-9,-11,비,여,패딩,니트,기모레깅스,히트텍,"레인부츠, 목도리, 우산, 장갑, 핫팩"
-6,-11,비,여,롱패딩,니트,기모치마,히트텍,"레인부츠, 목도리, 우산, 장갑, 핫팩"
6,4,비,여,롱패딩,히트텍,기모치마,히트텍,"레인부츠, 우산"
8,8,비,남,롱패딩,히트텍,기모청바지,히트텍,"레인부츠, 우산"
-9,-10,눈,여,코트,니트,기모레깅스,히트텍,"목도리, 부츠, 장갑, 핫팩"
14,10,눈,여,후드집업,맨투맨,슬랙스,없음,"부츠, 장갑"
14,14,눈,여,후드집업,후드티,청바지,없음,"부츠, 장갑"
24,20,눈,남,자켓,맨투맨,청바지,없음,"부츠, 장갑"
4,-1,맑음,남,코트,니트,기모바지,히트텍,"목도리, 장갑, 핫팩"
33,31,눈,여,얇은 가디건,민소매,반바지,없음,"모자, 부츠, 선글라스, 양산, 장갑"
13,11,비,여,후드집업,맨투맨,롱스커트,얇은 이너,"레인부츠, 우산"
-6,-5,비,여,코트,기모후드,기모바지,히트텍,"레인부츠, 목도리, 우산, 장갑, 핫팩"
24,27,맑음,여,후드집업,긴팔티,슬랙스,얇은 이너,없음
8,11,눈,여,롱패딩,히트텍,기모레깅스,히트텍,"부츠, 장갑"
29,27,흐림,여,얇은 가디건,민소매,반바지,없음,"모자, 선글라스, 양산"
22,23,맑음,남,가디건,후드티,면바지,얇은 이너,없음
14,14,눈,여,가디건,긴팔티,청바지,없음,"부츠, 장갑"
24,25,맑음,남,후드집업,맨투맨,청바지,없음,없음
5,8,맑음,여,패딩,니트,기모바지,히트텍,"목도리, 장갑, 핫팩"
21,17,맑음,남,자켓,후드티,청바지,얇은 이너,없음
-4,-5,맑음,여,코트,니트,기모치마,히트텍,"목도리, 장갑, 핫팩"
20,17,맑음,여,후드집업,긴팔티,청바지,얇은 이너,없음
11,8,눈,여,가디건,맨투맨,청바지,없음,"부츠, 장갑"
-2,1,비,여,패딩,니트,기모바지,히트텍,"레인부츠, 목도리, 우산, 장갑, 핫팩"
16,14,맑음,여,가디건,맨투맨,롱스커트,얇은 이너,없음
11,11,맑음,여,가디건,후드티,롱스커트,얇은 이너,없음
5,7,눈,남,코트,기모후드,기모바지,히트텍,"목도리, 부츠, 장갑, 핫팩"
30,25,흐림,남,얇은 가디건,반팔,면반바지,없음,"모자, 선글라스, 양산"
16,19,눈,남,자켓,후드티,청바지,얇은 이너,"부츠, 장갑"
1,0,비,남,롱패딩,니트,기모바지,히트텍,"레인부츠, 목도리, 우산, 장갑, 핫팩"
13,14,흐림,남,후드집업,긴팔티,면바지,없음,없음
-10,-13,눈,남,코트,히트텍,기모청바지,히트텍,"목도리, 부츠, 장갑, 핫팩"
-3,-3,맑음,남,코트,히트텍,기모청바지,히트텍,"목도리, 장갑, 핫팩"
29,29,비,남,없음,민소매,반바지,없음,"레인부츠, 모자, 선글라스, 양산, 우산"
27,30,흐림,남,없음,반팔,면반바지,없음,"모자, 선글라스, 양산"
24,21,눈,남,후드집업,긴팔티,청바지,얇은 이너,"부츠, 장갑"
-2,-3,눈,남,코트,니트,기모바지,히트텍,"목도리, 부츠, 장갑, 핫팩"
24,27,맑음,여,자켓,맨투맨,슬랙스,얇은 이너,없음
23,21,맑음,남,가디건,긴팔티,면바지,얇은 이너,없음
-1,1,흐림,여,롱패딩,기모후드,기모치마,히트텍,"목도리, 장갑, 핫팩"
33,30,흐림,남,없음,민소매,면반바지,없음,"모자, 선글라스, 양산"
9,9,비,여,롱패딩,히트텍,기모레깅스,히트텍,"레인부츠, 우산"
26,27,비,여,없음,반팔,반바지,없음,"레인부츠, 모자, 선글라스, 양산, 우산"
1,3,흐림,여,코트,니트,기모치마,히트텍,"목도리, 장갑, 핫팩"
8,9,맑음,여,패딩,니트,기모레깅스,히트텍,없음
9,11,흐림,여,코트,기모후드,기모레깅스,히트텍,없음
19,20,비,남,후드집업,맨투맨,청바지,얇은 이너,"레인부츠, 우산"
-9,-14,비,남,패딩,니트,기모바지,히트텍,"레인부츠, 목도리, 우산, 장갑, 핫팩"
3,6,눈,남,코트,히트텍,기모바지,히트텍,"목도리, 부츠, 장갑, 핫팩"
26,23,흐림,여,얇은 가디건,민소매,반바지,없음,"모자, 선글라스, 양산"
15,14,맑음,여,가디건,후드티,청바지,없음,없음
33,36,비,남,얇은 가디건,반팔,반바지,없음,"레인부츠, 모자, 선글라스, 양산, 우산"
-2,1,흐림,여,패딩,히트텍,기모레깅스,히트텍,"목도리, 장갑, 핫팩"
-3,-3,눈,남,롱패딩,니트,기모청바지,히트텍,"목도리, 부츠, 장갑, 핫팩"
15,13,맑음,여,후드집업,후드티,슬랙스,없음,없음
26,21,비,여,얇은 가디건,반팔,반바지,없음,"레인부츠, 모자, 선글라스, 양산, 우산"
25,26,흐림,남,얇은 가디건,반팔,면반바지,없음,"모자, 선글라스, 양산"
35,36,흐림,여,없음,민소매,치마,없음,"모자, 선글라스, 양산"
19,19,흐림,여,가디건,맨투맨,슬랙스,얇은 이너,없음
-4,-2,눈,남,롱패딩,히트텍,기모청바지,히트텍,"목도리, 부츠, 장갑, 핫팩"
33,28,비,여,얇은 가디건,반팔,치마,없음,"레인부츠, 모자, 선글라스, 양산, 우산"
33,28,흐림,여,얇은 가디건,반팔,치마,없음,"모자, 선글라스, 양산"
8,10,흐림,여,롱패딩,히트텍,기모바지,히트텍,없음
3,5,비,남,롱패딩,기모후드,기모바지,히트텍,"레인부츠, 목도리, 우산, 장갑, 핫팩"
12,12,흐림,여,후드집업,긴팔티,슬랙스,얇은 이너,없음
5,7,비,남,코트,기모후드,기모바지,히트텍,"레인부츠, 목도리, 우산, 장갑, 핫팩"
12,15,눈,여,자켓,후드티,슬랙스,얇은 이너,"부츠, 장갑"
13,16,맑음,여,가디건,긴팔티,청바지,얇은 이너,없음
3,0,비,여,패딩,히트텍,기모치마,히트텍,"레인부츠, 목도리, 우산, 장갑, 핫팩"
16,14,흐림,남,자켓,긴팔티,슬랙스,얇은 이너,없음
-2,-3,맑음,여,롱패딩,히트텍,기모바지,히트텍,"목도리, 장갑, 핫팩"
18,13,흐림,남,후드집업,긴팔티,청바지,얇은 이너,없음
31,32,맑음,여,없음,민소매,치마,없음,"모자, 선글라스, 양산"
-9,-14,흐림,여,롱패딩,히트텍,기모치마,히트텍,"목도리, 장갑, 핫팩"
25,27,맑음,여,없음,반팔,반바지,없음,"모자, 선글라스, 양산"
30,30,흐림,남,없음,민소매,면반바지,없음,"모자, 선글라스, 양산"
19,21,맑음,여,자켓,후드티,청바지,없음,없음
-10,-8,맑음,남,롱패딩,기모후드,기모청바지,히트텍,"목도리, 장갑, 핫팩"
20,22,비,여,자켓,후드티,슬랙스,없음,"레인부츠, 우산"
21,22,비,여,후드집업,후드티,롱스커트,얇은 이너,"레인부츠, 우산"
10,13,맑음,여,자켓,긴팔티,롱스커트,없음,없음
0,-5,비,여,패딩,니트,기모바지,히트텍,"레인부츠, 목도리, 우산, 장갑, 핫팩"
17,12,맑음,남,가디건,후드티,청바지,얇은 이너,없음
-10,-7,맑음,남,코트,니트,기모바지,히트텍,"목도리, 장갑, 핫팩"
11,7,눈,여,자켓,후드티,슬랙스,얇은 이너,"부츠, 장갑"
2,-1,흐림,여,패딩,기모후드,기모바지,히트텍,"목도리, 장갑, 핫팩"
6,7,흐림,남,코트,니트,기모청바지,히트텍,없음
8,3,비,여,코트,니트,기모레깅스,히트텍,"레인부츠, 우산"
23,19,비,여,가디건,후드티,청바지,얇은 이너,"레인부츠, 우산"
12,8,비,여,가디건,맨투맨,슬랙스,얇은 이너,"레인부츠, 우산"
31,29,비,남,없음,민소매,반바지,없음,"레인부츠, 모자, 선글라스, 양산, 우산"
5,4,맑음,남,패딩,니트,기모청바지,히트텍,"목도리, 장갑, 핫팩"
33,36,비,남,없음,반팔,면반바지,없음,"레인부츠, 모자, 선글라스, 양산, 우산"
23,26,맑음,남,후드집업,맨투맨,슬랙스,얇은 이너,없음
23,21,맑음,여,자켓,맨투맨,청바지,얇은 이너,없음
-6,-7,맑음,여,코트,히트텍,기모바지,히트텍,"목도리, 장갑, 핫팩"
2,1,눈,남,코트,니트,기모청바지,히트텍,"목도리, 부츠, 장갑, 핫팩"
24,20,흐림,여,자켓,긴팔티,롱스커트,없음,없음
-5,-4,눈,남,패딩,히트텍,기모바지,히트텍,"목도리, 부츠, 장갑, 핫팩"
24,26,흐림,남,가디건,긴팔티,슬랙스,없음,없음
16,19,비,남,자켓,맨투맨,면바지,얇은 이너,"레인부츠, 우산"
32,35,맑음,남,없음,민소매,반바지,없음,"모자, 선글라스, 양산"
35,31,눈,남,얇은 가디건,민소매,면반바지,없음,"모자, 부츠, 선글라스, 양산, 장갑"
-10,-8,비,여,코트,니트,기모바지,히트텍,"레인부츠, 목도리, 우산, 장갑, 핫팩"
-10,-12,흐림,여,패딩,니트,기모치마,히트텍,"목도리, 장갑, 핫팩"
4,7,맑음,남,코트,니트,기모바지,히트텍,"목도리, 장갑, 핫팩"
-6,-7,맑음,여,패딩,기모후드,기모바지,히트텍,"목도리, 장갑, 핫팩"
-10,-8,맑음,남,롱패딩,히트텍,기모청바지,히트텍,"목도리, 장갑, 핫팩"
17,13,눈,여,후드집업,맨투맨,청바지,없음,"부츠, 장갑"
6,1,비,여,롱패딩,니트,기모바지,히트텍,"레인부츠, 우산"
35,32,흐림,여,얇은 가디건,반팔,반바지,없음,"모자, 선글라스, 양산"
25,24,비,남,얇은 가디건,반팔,면반바지,없음,"레인부츠, 모자, 선글라스, 양산, 우산"
24,21,맑음,여,자켓,후드티,롱스커트,얇은 이너,없음
1,0,흐림,여,코트,히트텍,기모레깅스,히트텍,"목도리, 장갑, 핫팩"
-6,-5,맑음,남,롱패딩,기모후드,기모청바지,히트텍,"목도리, 장갑, 핫팩"
32,33,흐림,여,없음,민소매,치마,없음,"모자, 선글라스, 양산"
-9,-8,눈,남,롱패딩,기모후드,기모바지,히트텍,"목도리, 부츠, 장갑, 핫팩"
33,29,눈,남,얇은 가디건,민소매,면반바지,없음,"모자, 부츠, 선글라스, 양산, 장갑"
14,11,비,남,후드집업,맨투맨,면바지,없음,"레인부츠, 우산"
34,34,흐림,남,없음,민소매,면반바지,없음,"모자, 선글라스, 양산"
15,11,흐림,남,후드집업,맨투맨,슬랙스,얇은 이너,없음
27,27,눈,여,얇은 가디건,반팔,치마,없음,"모자, 부츠, 선글라스, 양산, 장갑"
5,3,흐림,남,패딩,니트,기모바지,히트텍,"목도리, 장갑, 핫팩"
-3,-2,흐림,남,코트,니트,기모바지,히트텍,"목도리, 장갑, 핫팩"
26,21,맑음,여,없음,민소매,반바지,없음,"모자, 선글라스, 양산"
27,29,흐림,남,얇은 가디건,반팔,반바지,없음,"모자, 선글라스, 양산"
-6,-11,흐림,남,코트,히트텍,기모바지,히트텍,"목도리, 장갑, 핫팩"
16,16,비,여,가디건,후드티,슬랙스,없음,"레인부츠, 우산"
-9,-9,눈,남,롱패딩,기모후드,기모청바지,히트텍,"목도리, 부츠, 장갑, 핫팩"
28,29,흐림,남,없음,반팔,면반바지,없음,"모자, 선글라스, 양산"
16,19,흐림,여,자켓,후드티,슬랙스,얇은 이너,없음
-8,-6,비,여,롱패딩,니트,기모바지,히트텍,"레인부츠, 목도리, 우산, 장갑, 핫팩"
27,23,눈,남,얇은 가디건,반팔,면반바지,없음,"모자, 부츠, 선글라스, 양산, 장갑"
6,9,흐림,여,패딩,니트,기모바지,히트텍,없음
16,13,비,여,자켓,긴팔티,슬랙스,없음,"레인부츠, 우산"
17,15,맑음,남,후드집업,후드티,슬랙스,없음,없음
0,-5,맑음,남,패딩,니트,기모바지,히트텍,"목도리, 장갑, 핫팩"
16,15,맑음,남,자켓,긴팔티,면바지,없음,없음
26,25,맑음,남,얇은 가디건,반팔,면반바지,없음,"모자, 선글라스, 양산"
32,32,흐림,남,얇은 가디건,민소매,반바지,없음,"모자, 선글라스, 양산"
24,24,눈,여,가디건,후드티,청바지,얇은 이너,"부츠, 장갑"
4,1,맑음,여,코트,기모후드,기모바지,히트텍,"목도리, 장갑, 핫팩"
-1,-3,비,여,코트,기모후드,기모레깅스,히트텍,"레인부츠, 목도리, 우산, 장갑, 핫팩"
4,2,흐림,남,패딩,니트,기모청바지,히트텍,"목도리, 장갑, 핫팩"
21,22,맑음,남,후드집업,맨투맨,슬랙스,얇은 이너,없음
23,21,맑음,여,가디건,맨투맨,청바지,얇은 이너,없음
29,26,눈,남,얇은 가디건,반팔,반바지,없음,"모자, 부츠, 선글라스, 양산, 장갑"
-3,-6,흐림,여,롱패딩,기모후드,기모치마,히트텍,"목도리, 장갑, 핫팩"
33,33,비,남,없음,반팔,반바지,없음,"레인부츠, 모자, 선글라스, 양산, 우산"
-4,-9,흐림,여,롱패딩,기모후드,기모바지,히트텍,"목도리, 장갑, 핫팩"
-9,-14,비,남,패딩,히트텍,기모바지,히트텍,"레인부츠, 목도리, 우산, 장갑, 핫팩"
1,-2,맑음,남,코트,니트,기모청바지,히트텍,"목도리, 장갑, 핫팩"
-8,-11,맑음,여,패딩,히트텍,기모치마,히트텍,"목도리, 장갑, 핫팩"
17,14,눈,남,자켓,긴팔티,면바지,없음,"부츠, 장갑"
-9,-14,흐림,남,롱패딩,히트텍,기모바지,히트텍,"목도리, 장갑, 핫팩"
-6,-7,맑음,남,코트,니트,기모청바지,히트텍,"목도리, 장갑, 핫팩"
22,18,비,남,후드집업,긴팔티,청바지,없음,"레인부츠, 우산"
4,0,눈,여,패딩,히트텍,기모레깅스,히트텍,"목도리, 부츠, 장갑, 핫팩"
4,6,비,남,코트,니트,기모청바지,히트텍,"레인부츠, 목도리, 우산, 장갑, 핫팩"
31,28,눈,남,얇은 가디건,민소매,면반바지,없음,"모자, 부츠, 선글라스, 양산, 장갑"
34,32,눈,남,없음,민소매,면반바지,없음,"모자, 부츠, 선글라스, 양산, 장갑"
7,8,맑음,남,코트,니트,기모청바지,히트텍,없음
-6,-5,비,남,코트,기모후드,기모바지,히트텍,"레인부츠, 목도리, 우산, 장갑, 핫팩"
-10,-9,비,여,패딩,기모후드,기모레깅스,히트텍,"레인부츠, 목도리, 우산, 장갑, 핫팩"
5,0,맑음,여,코트,기모후드,기모레깅스,히트텍,"목도리, 장갑, 핫팩"
4,5,흐림,남,롱패딩,니트,기모바지,히트텍,"목도리, 장갑, 핫팩"
35,34,흐림,여,얇은 가디건,반팔,치마,없음,"모자, 선글라스, 양산"
19,17,흐림,남,가디건,맨투맨,슬랙스,얇은 이너,없음
2,-3,맑음,남,롱패딩,히트텍,기모청바지,히트텍,"목도리, 장갑, 핫팩"
-10,-14,눈,여,코트,기모후드,기모바지,히트텍,"목도리, 부츠, 장갑, 핫팩"
-1,1,맑음,여,코트,니트,기모바지,히트텍,"목도리, 장갑, 핫팩"
1,2,비,여,롱패딩,기모후드,기모레깅스,히트텍,"레인부츠, 목도리, 우산, 장갑, 핫팩"
-9,-8,맑음,여,코트,히트텍,기모레깅스,히트텍,"목도리, 장갑, 핫팩"
-2,0,비,여,코트,니트,기모바지,히트텍,"레인부츠, 목도리, 우산, 장갑, 핫팩"
-8,-13,눈,여,코트,히트텍,기모치마,히트텍,"목도리, 부츠, 장갑, 핫팩"
-9,-8,맑음,여,패딩,기모후드,기모치마,히트텍,"목도리, 장갑, 핫팩"
30,28,맑음,남,없음,민소매,면반바지,없음,"모자, 선글라스, 양산"
7,10,흐림,여,롱패딩,히트텍,기모치마,히트텍,없음
-5,-10,눈,여,롱패딩,기모후드,기모바지,히트텍,"목도리, 부츠, 장갑, 핫팩"
2,3,눈,여,패딩,히트텍,기모레깅스,히트텍,"목도리, 부츠, 장갑, 핫팩"
19,21,흐림,남,가디건,긴팔티,면바지,없음,없음
-4,-5,흐림,여,롱패딩,니트,기모레깅스,히트텍,"목도리, 장갑, 핫팩"
-3,-2,맑음,남,롱패딩,기모후드,기모청바지,히트텍,"목도리, 장갑, 핫팩"
24,21,비,여,후드집업,후드티,슬랙스,얇은 이너,"레인부츠, 우산"
11,7,흐림,여,후드집업,맨투맨,롱스커트,없음,없음
23,23,비,여,후드집업,긴팔티,청바지,없음,"레인부츠, 우산"
21,23,비,남,자켓,맨투맨,슬랙스,없음,"레인부츠, 우산"
18,21,비,여,자켓,긴팔티,청바지,얇은 이너,"레인부츠, 우산"
35,33,맑음,남,없음,민소매,면반바지,없음,"모자, 선글라스, 양산"
12,12,눈,남,후드집업,맨투맨,슬랙스,얇은 이너,"부츠, 장갑"
15,11,비,여,자켓,후드티,청바지,얇은 이너,"레인부츠, 우산"
31,29,비,남,얇은 가디건,민소매,반바지,없음,"레인부츠, 모자, 선글라스, 양산, 우산"
25,23,맑음,여,얇은 가디건,민소매,치마,없음,"모자, 선글라스, 양산"
-2,0,비,남,코트,기모후드,기모청바지,히트텍,"레인부츠, 목도리, 우산, 장갑, 핫팩"
32,34,눈,여,없음,민소매,반바지,없음,"모자, 부츠, 선글라스, 양산, 장갑"
31,32,눈,남,얇은 가디건,민소매,반바지,없음,"모자, 부츠, 선글라스, 양산, 장갑"
1,2,비,남,코트,히트텍,기모청바지,히트텍,"레인부츠, 목도리, 우산, 장갑, 핫팩"
7,7,비,남,롱패딩,기모후드,기모청바지,히트텍,"레인부츠, 우산"
27,27,비,여,얇은 가디건,민소매,치마,없음,"레인부츠, 모자, 선글라스, 양산, 우산"
11,6,비,남,가디건,긴팔티,면바지,얇은 이너,"레인부츠, 우산"
34,33,맑음,여,얇은 가디건,반팔,반바지,없음,"모자, 선글라스, 양산"
32,27,비,여,없음,반팔,치마,없음,"레인부츠, 모자, 선글라스, 양산, 우산"
35,33,눈,남,없음,민소매,반바지,없음,"모자, 부츠, 선글라스, 양산, 장갑"
-9,-7,눈,남,롱패딩,니트,기모청바지,히트텍,"목도리, 부츠, 장갑, 핫팩"
26,26,비,남,없음,반팔,반바지,없음,"레인부츠, 모자, 선글라스, 양산, 우산"
9,8,맑음,남,코트,히트텍,기모바지,히트텍,없음
12,9,맑음,남,자켓,맨투맨,슬랙스,없음,없음
4,2,흐림,남,코트,히트텍,기모청바지,히트텍,"목도리, 장갑, 핫팩"
-4,-4,비,여,패딩,니트,기모바지,히트텍,"레인부츠, 목도리, 우산, 장갑, 핫팩"
11,9,흐림,남,후드집업,후드티,슬랙스,없음,없음
29,26,맑음,여,얇은 가디건,민소매,치마,없음,"모자, 선글라스, 양산"
24,27,눈,남,자켓,맨투맨,면바지,얇은 이너,"부츠, 장갑"
20,18,흐림,남,자켓,후드티,슬랙스,없음,없음
6,8,눈,여,패딩,기모후드,기모치마,히트텍,"부츠, 장갑"
28,29,흐림,남,없음,반팔,반바지,없음,"모자, 선글라스, 양산"
3,0,눈,남,패딩,히트텍,기모바지,히트텍,"목도리, 부츠, 장갑, 핫팩"
16,18,흐림,여,후드집업,후드티,롱스커트,얇은 이너,없음
1,-3,비,남,코트,니트,기모청바지,히트텍,"레인부츠, 목도리, 우산, 장갑, 핫팩"
13,9,맑음,남,자켓,후드티,슬랙스,없음,없음
23,24,눈,남,후드집업,후드티,면바지,없음,"부츠, 장갑"
24,25,흐림,여,자켓,맨투맨,롱스커트,얇은 이너,없음
25,24,흐림,남,없음,민소매,반바지,없음,"모자, 선글라스, 양산"
6,9,비,여,패딩,히트텍,기모치마,히트텍,"레인부츠, 우산"
2,-2,흐림,여,코트,니트,기모바지,히트텍,"목도리, 장갑, 핫팩"
-6,-5,눈,여,롱패딩,히트텍,기모바지,히트텍,"목도리, 부츠, 장갑, 핫팩"
20,20,눈,남,후드집업,맨투맨,면바지,없음,"부츠, 장갑"
30,29,흐림,여,얇은 가디건,반팔,반바지,없음,"모자, 선글라스, 양산"
0,1,눈,남,코트,니트,기모바지,히트텍,"목도리, 부츠, 장갑, 핫팩"
-8,-5,맑음,남,패딩,기모후드,기모바지,히트텍,"목도리, 장갑, 핫팩"
15,12,맑음,여,자켓,긴팔티,슬랙스,없음,없음
11,13,맑음,남,후드집업,맨투맨,면바지,얇은 이너,없음
35,36,눈,여,얇은 가디건,반팔,치마,없음,"모자, 부츠, 선글라스, 양산, 장갑"
14,14,흐림,남,후드집업,후드티,슬랙스,얇은 이너,없음
-8,-12,흐림,남,패딩,히트텍,기모청바지,히트텍,"목도리, 장갑, 핫팩"
21,19,눈,여,자켓,맨투맨,슬랙스,없음,"부츠, 장갑"
32,29,맑음,여,얇은 가디건,반팔,반바지,없음,"모자, 선글라스, 양산"
4,6,눈,남,패딩,히트텍,기모청바지,히트텍,"목도리, 부츠, 장갑, 핫팩"
10,13,눈,남,가디건,맨투맨,면바지,없음,"부츠, 장갑"
32,30,맑음,여,없음,반팔,반바지,없음,"모자, 선글라스, 양산"
13,10,흐림,여,가디건,맨투맨,슬랙스,없음,없음
35,37,눈,여,없음,민소매,반바지,없음,"모자, 부츠, 선글라스, 양산, 장갑"
2,-1,비,여,패딩,히트텍,기모바지,히트텍,"레인부츠, 목도리, 우산, 장갑, 핫팩"
-9,-13,흐림,남,코트,히트텍,기모청바지,히트텍,"목도리, 장갑, 핫팩"
10,13,맑음,여,후드집업,긴팔티,청바지,얇은 이너,없음
5,0,눈,남,코트,기모후드,기모바지,히트텍,"목도리, 부츠, 장갑, 핫팩"
35,35,맑음,남,없음,반팔,반바지,없음,"모자, 선글라스, 양산"
29,29,맑음,여,없음,반팔,치마,없음,"모자, 선글라스, 양산"
17,13,흐림,여,자켓,후드티,청바지,없음,없음
10,13,흐림,남,후드집업,긴팔티,슬랙스,없음,없음
35,38,눈,여,얇은 가디건,반팔,치마,없음,"모자, 부츠, 선글라스, 양산, 장갑"
3,5,눈,여,패딩,히트텍,기모레깅스,히트텍,"목도리, 부츠, 장갑, 핫팩"
33,36,비,여,얇은 가디건,반팔,반바지,없음,"레인부츠, 모자, 선글라스, 양산, 우산"
-9,-10,눈,여,패딩,니트,기모치마,히트텍,"목도리, 부츠, 장갑, 핫팩"
21,19,흐림,여,후드집업,맨투맨,슬랙스,얇은 이너,없음
13,14,눈,여,가디건,후드티,청바지,없음,"부츠, 장갑"
3,-1,흐림,남,코트,기모후드,기모바지,히트텍,"목도리, 장갑, 핫팩"
0,3,눈,여,패딩,기모후드,기모레깅스,히트텍,"목도리, 부츠, 장갑, 핫팩"
5,2,맑음,여,코트,히트텍,기모바지,히트텍,"목도리, 장갑, 핫팩"
9,8,맑음,남,롱패딩,기모후드,기모청바지,히트텍,없음
35,36,비,여,없음,반팔,반바지,없음,"레인부츠, 모자, 선글라스, 양산, 우산"
16,15,눈,남,후드집업,긴팔티,슬랙스,없음,"부츠, 장갑"
27,25,눈,여,얇은 가디건,민소매,반바지,없음,"모자, 부츠, 선글라스, 양산, 장갑"
20,15,맑음,여,가디건,긴팔티,롱스커트,없음,없음
25,22,맑음,여,얇은 가디건,반팔,반바지,없음,"모자, 선글라스, 양산"
35,33,맑음,남,없음,민소매,반바지,없음,"모자, 선글라스, 양산"
8,4,비,남,패딩,니트,기모청바지,히트텍,"레인부츠, 우산"
0,-4,흐림,남,롱패딩,기모후드,기모청바지,히트텍,"목도리, 장갑, 핫팩"
-3,-3,흐림,남,롱패딩,기모후드,기모바지,히트텍,"목도리, 장갑, 핫팩"
24,19,맑음,남,후드집업,긴팔티,면바지,얇은 이너,없음
-8,-5,맑음,남,코트,기모후드,기모청바지,히트텍,"목도리, 장갑, 핫팩"
9,7,맑음,남,롱패딩,히트텍,기모바지,히트텍,없음
5,5,흐림,남,롱패딩,기모후드,기모바지,히트텍,"목도리, 장갑, 핫팩"
23,22,비,여,가디건,긴팔티,슬랙스,없음,"레인부츠, 우산"
5,5,비,남,패딩,히트텍,기모청바지,히트텍,"레인부츠, 목도리, 우산, 장갑, 핫팩"
25,24,맑음,여,얇은 가디건,반팔,치마,없음,"모자, 선글라스, 양산"
-7,-7,흐림,남,코트,니트,기모바지,히트텍,"목도리, 장갑, 핫팩"
31,33,흐림,남,얇은 가디건,반팔,반바지,없음,"모자, 선글라스, 양산"
5,5,흐림,남,롱패딩,히트텍,기모바지,히트텍,"목도리, 장갑, 핫팩"
1,-2,흐림,여,코트,히트텍,기모레깅스,히트텍,"목도리, 장갑, 핫팩"
21,19,비,여,가디건,후드티,롱스커트,얇은 이너,"레인부츠, 우산"
-1,-4,비,남,코트,기모후드,기모바지,히트텍,"레인부츠, 목도리, 우산, 장갑, 핫팩"
23,20,비,여,자켓,맨투맨,롱스커트,얇은 이너,"레인부츠, 우산"
17,14,맑음,여,자켓,맨투맨,청바지,얇은 이너,없음
28,26,맑음,여,얇은 가디건,민소매,반바지,없음,"모자, 선글라스, 양산"
12,7,맑음,여,자켓,후드티,슬랙스,얇은 이너,없음
-7,-9,맑음,남,패딩,기모후드,기모청바지,히트텍,"목도리, 장갑, 핫팩"
20,15,흐림,여,후드집업,맨투맨,청바지,얇은 이너,없음
5,0,맑음,남,롱패딩,히트텍,기모청바지,히트텍,"목도리, 장갑, 핫팩"
5,0,맑음,남,롱패딩,니트,기모청바지,히트텍,"목도리, 장갑, 핫팩"
10,12,맑음,여,자켓,맨투맨,슬랙스,없음,없음
15,12,흐림,남,후드집업,후드티,슬랙스,얇은 이너,없음
0,-2,맑음,남,롱패딩,니트,기모바지,히트텍,"목도리, 장갑, 핫팩"
27,24,흐림,남,없음,민소매,면반바지,없음,"모자, 선글라스, 양산"
27,25,눈,남,얇은 가디건,민소매,반바지,없음,"모자, 부츠, 선글라스, 양산, 장갑"
23,26,눈,여,자켓,긴팔티,청바지,얇은 이너,"부츠, 장갑"
8,11,흐림,여,코트,니트,기모레깅스,히트텍,없음
27,28,비,남,얇은 가디건,민소매,반바지,없음,"레인부츠, 모자, 선글라스, 양산, 우산"
4,5,맑음,여,코트,기모후드,기모바지,히트텍,"목도리, 장갑, 핫팩"
9,10,눈,여,롱패딩,기모후드,기모레깅스,히트텍,"부츠, 장갑"
-4,-2,맑음,남,코트,히트텍,기모바지,히트텍,"목도리, 장갑, 핫팩"
15,17,눈,여,자켓,맨투맨,롱스커트,얇은 이너,"부츠, 장갑"
-4,-5,비,남,롱패딩,기모후드,기모청바지,히트텍,"레인부츠, 목도리, 우산, 장갑, 핫팩"
-10,-15,맑음,남,코트,기모후드,기모바지,히트텍,"목도리, 장갑, 핫팩"
-10,-13,비,여,롱패딩,기모후드,기모바지,히트텍,"레인부츠, 목도리, 우산, 장갑, 핫팩"
16,19,흐림,남,자켓,긴팔티,슬랙스,없음,없음
27,27,맑음,남,얇은 가디건,민소매,면반바지,없음,"모자, 선글라스, 양산"
8,10,흐림,남,패딩,히트텍,기모청바지,히트텍,없음
20,17,비,남,가디건,맨투맨,청바지,얇은 이너,"레인부츠, 우산"
8,3,비,여,롱패딩,니트,기모치마,히트텍,"레인부츠, 우산"
25,20,비,여,얇은 가디건,민소매,반바지,없음,"레인부츠, 모자, 선글라스, 양산, 우산"
-9,-12,비,남,패딩,기모후드,기모청바지,히트텍,"레인부츠, 목도리, 우산, 장갑, 핫팩"
21,23,맑음,남,가디건,긴팔티,면바지,얇은 이너,없음
-9,-11,눈,여,패딩,기모후드,기모치마,히트텍,"목도리, 부츠, 장갑, 핫팩"
30,33,눈,여,없음,민소매,치마,없음,"모자, 부츠, 선글라스, 양산, 장갑"
4,0,눈,남,패딩,기모후드,기모바지,히트텍,"목도리, 부츠, 장갑, 핫팩"
-3,-3,눈,여,패딩,히트텍,기모치마,히트텍,"목도리, 부츠, 장갑, 핫팩"
9,4,흐림,여,롱패딩,니트,기모치마,히트텍,없음
31,26,흐림,남,없음,민소매,면반바지,없음,"모자, 선글라스, 양산"
17,12,눈,남,가디건,긴팔티,면바지,없음,"부츠, 장갑"
24,19,눈,여,가디건,긴팔티,롱스커트,없음,"부츠, 장갑"
23,26,비,여,자켓,긴팔티,슬랙스,얇은 이너,"레인부츠, 우산"
-10,-10,맑음,여,패딩,니트,기모바지,히트텍,"목도리, 장갑, 핫팩"
6,7,흐림,남,코트,니트,기모청바지,히트텍,없음
28,31,맑음,여,없음,민소매,반바지,없음,"모자, 선글라스, 양산"
23,25,맑음,여,후드집업,후드티,롱스커트,없음,없음
-3,-5,눈,남,코트,기모후드,기모청바지,히트텍,"목도리, 부츠, 장갑, 핫팩"
9,10,눈,남,패딩,히트텍,기모바지,히트텍,"부츠, 장갑"
3,2,비,여,코트,니트,기모바지,히트텍,"레인부츠, 목도리, 우산, 장갑, 핫팩"
23,24,눈,남,후드집업,맨투맨,슬랙스,없음,"부츠, 장갑"
20,22,눈,여,후드집업,후드티,롱스커트,얇은 이너,"부츠, 장갑"
9,8,비,남,패딩,니트,기모청바지,히트텍,"레인부츠, 우산"
24,22,맑음,여,후드집업,긴팔티,슬랙스,얇은 이너,없음
5,6,맑음,남,코트,기모후드,기모청바지,히트텍,"목도리, 장갑, 핫팩"
20,18,비,여,가디건,맨투맨,롱스커트,없음,"레인부츠, 우산"
21,23,흐림,여,가디건,후드티,슬랙스,없음,없음
6,6,흐림,여,코트,니트,기모바지,히트텍,없음
30,27,흐림,여,없음,민소매,반바지,없음,"모자, 선글라스, 양산"
5,4,맑음,여,코트,기모후드,기모치마,히트텍,"목도리, 장갑, 핫팩"
30,25,눈,남,없음,민소매,면반바지,없음,"모자, 부츠, 선글라스, 양산, 장갑"
-8,-9,흐림,여,코트,기모후드,기모레깅스,히트텍,"목도리, 장갑, 핫팩"
-7,-4,맑음,여,패딩,히트텍,기모치마,히트텍,"목도리, 장갑, 핫팩"
22,25,흐림,남,후드집업,긴팔티,청바지,얇은 이너,없음
-1,2,맑음,남,패딩,기모후드,기모바지,히트텍,"목도리, 장갑, 핫팩"
31,28,흐림,남,없음,민소매,반바지,없음,"모자, 선글라스, 양산"
11,7,비,남,자켓,맨투맨,청바지,없음,"레인부츠, 우산"
-3,-3,흐림,여,코트,기모후드,기모레깅스,히트텍,"목도리, 장갑, 핫팩"
-4,-1,흐림,남,롱패딩,기모후드,기모바지,히트텍,"목도리, 장갑, 핫팩"
11,7,비,남,자켓,긴팔티,청바지,없음,"레인부츠, 우산"
3,-1,비,남,롱패딩,기모후드,기모바지,히트텍,"레인부츠, 목도리, 우산, 장갑, 핫팩"
3,5,비,남,패딩,히트텍,기모바지,히트텍,"레인부츠, 목도리, 우산, 장갑, 핫팩"
14,15,눈,남,가디건,긴팔티,청바지,없음,"부츠, 장갑"
8,4,맑음,남,롱패딩,히트텍,기모청바지,히트텍,없음
22,17,비,여,후드집업,맨투맨,슬랙스,얇은 이너,"레인부츠, 우산"
7,9,눈,남,코트,기모후드,기모바지,히트텍,"부츠, 장갑"
0,-2,흐림,여,코트,히트텍,기모레깅스,히트텍,"목도리, 장갑, 핫팩"
20,21,맑음,여,가디건,후드티,롱스커트,없음,없음
12,11,비,남,자켓,후드티,면바지,얇은 이너,"레인부츠, 우산"
-1,-1,눈,여,롱패딩,히트텍,기모치마,히트텍,"목도리, 부츠, 장갑, 핫팩"
6,6,눈,남,패딩,히트텍,기모바지,히트텍,"부츠, 장갑"
9,6,눈,남,패딩,기모후드,기모바지,히트텍,"부츠, 장갑"
35,38,흐림,남,얇은 가디건,반팔,반바지,없음,"모자, 선글라스, 양산"
-3,-6,눈,여,패딩,기모후드,기모레깅스,히트텍,"목도리, 부츠, 장갑, 핫팩"
26,23,비,남,얇은 가디건,민소매,반바지,없음,"레인부츠, 모자, 선글라스, 양산, 우산"
-5,-9,맑음,여,코트,기모후드,기모바지,히트텍,"목도리, 장갑, 핫팩"
-8,-5,비,남,롱패딩,니트,기모바지,히트텍,"레인부츠, 목도리, 우산, 장갑, 핫팩"
21,24,비,여,가디건,후드티,슬랙스,없음,"레인부츠, 우산"
28,25,맑음,여,얇은 가디건,민소매,치마,없음,"모자, 선글라스, 양산"
6,5,비,여,패딩,기모후드,기모레깅스,히트텍,"레인부츠, 우산"
10,12,맑음,남,가디건,긴팔티,청바지,얇은 이너,없음
30,25,눈,여,없음,반팔,반바지,없음,"모자, 부츠, 선글라스, 양산, 장갑"
23,25,맑음,여,후드집업,긴팔티,슬랙스,없음,없음
0,0,눈,남,롱패딩,히트텍,기모바지,히트텍,"목도리, 부츠, 장갑, 핫팩"
-7,-9,흐림,여,코트,히트텍,기모치마,히트텍,"목도리, 장갑, 핫팩"
11,8,비,남,가디건,긴팔티,면바지,없음,"레인부츠, 우산"
22,17,흐림,여,가디건,긴팔티,슬랙스,없음,없음
34,29,흐림,여,얇은 가디건,민소매,치마,없음,"모자, 선글라스, 양산"
2,-2,비,남,패딩,기모후드,기모바지,히트텍,"레인부츠, 목도리, 우산, 장갑, 핫팩"
24,22,맑음,여,자켓,후드티,롱스커트,없음,없음
-5,-7,눈,남,패딩,히트텍,기모바지,히트텍,"목도리, 부츠, 장갑, 핫팩"
-5,-8,맑음,남,코트,니트,기모청바지,히트텍,"목도리, 장갑, 핫팩"
26,24,흐림,여,없음,민소매,반바지,없음,"모자, 선글라스, 양산"
6,8,맑음,남,코트,니트,기모바지,히트텍,없음
17,17,흐림,여,자켓,긴팔티,롱스커트,없음,없음
-6,-3,눈,여,패딩,기모후드,기모치마,히트텍,"목도리, 부츠, 장갑, 핫팩"
23,24,흐림,여,자켓,후드티,청바지,얇은 이너,없음
4,7,맑음,여,패딩,기모후드,기모바지,히트텍,"목도리, 장갑, 핫팩"
16,11,흐림,남,가디건,후드티,청바지,없음,없음
19,17,비,남,자켓,맨투맨,면바지,없음,"레인부츠, 우산"
30,31,흐림,남,없음,반팔,반바지,없음,"모자, 선글라스, 양산"
-1,-4,맑음,남,롱패딩,니트,기모청바지,히트텍,"목도리, 장갑, 핫팩"
10,10,맑음,남,후드집업,긴팔티,청바지,얇은 이너,없음
24,22,눈,남,가디건,후드티,청바지,얇은 이너,"부츠, 장갑"
14,10,맑음,남,가디건,후드티,면바지,얇은 이너,없음
0,-2,맑음,여,롱패딩,니트,기모레깅스,히트텍,"목도리, 장갑, 핫팩"
8,7,눈,여,롱패딩,히트텍,기모레깅스,히트텍,"부츠, 장갑"
35,33,비,여,얇은 가디건,반팔,치마,없음,"레인부츠, 모자, 선글라스, 양산, 우산"
18,21,맑음,남,후드집업,후드티,면바지,없음,없음
26,26,맑음,여,얇은 가디건,반팔,반바지,없음,"모자, 선글라스, 양산"
18,14,눈,남,가디건,맨투맨,청바지,얇은 이너,"부츠, 장갑"
-4,-1,맑음,남,코트,기모후드,기모바지,히트텍,"목도리, 장갑, 핫팩"
22,19,눈,남,자켓,맨투맨,슬랙스,없음,"부츠, 장갑"
34,37,비,여,없음,민소매,반바지,없음,"레인부츠, 모자, 선글라스, 양산, 우산"
11,12,흐림,여,자켓,맨투맨,청바지,얇은 이너,없음
24,23,비,여,자켓,긴팔티,슬랙스,없음,"레인부츠, 우산"
32,31,눈,여,얇은 가디건,반팔,반바지,없음,"모자, 부츠, 선글라스, 양산, 장갑"
13,16,맑음,남,자켓,후드티,슬랙스,얇은 이너,없음
-2,-3,눈,남,패딩,기모후드,기모바지,히트텍,"목도리, 부츠, 장갑, 핫팩"
25,27,눈,여,없음,반팔,치마,없음,"모자, 부츠, 선글라스, 양산, 장갑"
21,17,맑음,남,자켓,후드티,슬랙스,없음,없음
34,30,눈,남,없음,민소매,반바지,없음,"모자, 부츠, 선글라스, 양산, 장갑"
25,27,흐림,남,없음,민소매,면반바지,없음,"모자, 선글라스, 양산"
-6,-8,비,남,패딩,니트,기모바지,히트텍,"레인부츠, 목도리, 우산, 장갑, 핫팩"
10,13,비,여,자켓,후드티,슬랙스,얇은 이너,"레인부츠, 우산"
-5,-6,눈,여,코트,기모후드,기모레깅스,히트텍,"목도리, 부츠, 장갑, 핫팩"
-7,-10,맑음,남,롱패딩,기모후드,기모바지,히트텍,"목도리, 장갑, 핫팩"
32,27,비,여,얇은 가디건,반팔,반바지,없음,"레인부츠, 모자, 선글라스, 양산, 우산"
26,27,비,여,얇은 가디건,반팔,치마,없음,"레인부츠, 모자, 선글라스, 양산, 우산"
4,0,비,여,패딩,기모후드,기모치마,히트텍,"레인부츠, 목도리, 우산, 장갑, 핫팩"
16,15,비,여,자켓,맨투맨,롱스커트,없음,"레인부츠, 우산"
9,7,비,여,코트,히트텍,기모치마,히트텍,"레인부츠, 우산"
8,7,흐림,여,코트,히트텍,기모바지,히트텍,없음
-2,-7,비,남,코트,기모후드,기모청바지,히트텍,"레인부츠, 목도리, 우산, 장갑, 핫팩"
24,26,비,남,자켓,맨투맨,청바지,얇은 이너,"레인부츠, 우산"
11,11,맑음,여,가디건,후드티,롱스커트,없음,없음
5,8,비,여,코트,니트,기모바지,히트텍,"레인부츠, 목도리, 우산, 장갑, 핫팩"
27,23,흐림,남,없음,민소매,면반바지,없음,"모자, 선글라스, 양산"
2,4,눈,여,코트,기모후드,기모바지,히트텍,"목도리, 부츠, 장갑, 핫팩"
-5,-3,눈,남,코트,니트,기모청바지,히트텍,"목도리, 부츠, 장갑, 핫팩"
10,7,맑음,여,후드집업,긴팔티,청바지,없음,없음
11,9,맑음,여,가디건,긴팔티,슬랙스,없음,없음
23,21,비,남,가디건,긴팔티,슬랙스,얇은 이너,"레인부츠, 우산"
13,11,흐림,여,후드집업,긴팔티,슬랙스,얇은 이너,없음
21,19,눈,남,후드집업,긴팔티,슬랙스,얇은 이너,"부츠, 장갑"
-10,-11,맑음,여,패딩,기모후드,기모치마,히트텍,"목도리, 장갑, 핫팩"
25,21,맑음,여,얇은 가디건,반팔,반바지,없음,"모자, 선글라스, 양산"
9,7,비,여,롱패딩,기모후드,기모치마,히트텍,"레인부츠, 우산"
18,19,맑음,여,후드집업,후드티,슬랙스,없음,없음
15,18,눈,여,가디건,후드티,롱스커트,얇은 이너,"부츠, 장갑"
1,-4,비,여,패딩,히트텍,기모바지,히트텍,"레인부츠, 목도리, 우산, 장갑, 핫팩"
30,26,눈,남,없음,민소매,반바지,없음,"모자, 부츠, 선글라스, 양산, 장갑"
12,9,흐림,남,가디건,맨투맨,슬랙스,얇은 이너,없음
9,8,눈,남,패딩,니트,기모청바지,히트텍,"부츠, 장갑"
35,35,눈,여,얇은 가디건,반팔,반바지,없음,"모자, 부츠, 선글라스, 양산, 장갑"
16,19,비,여,가디건,맨투맨,롱스커트,얇은 이너,"레인부츠, 우산"
20,22,흐림,여,후드집업,후드티,슬랙스,없음,없음
23,23,비,남,가디건,긴팔티,청바지,얇은 이너,"레인부츠, 우산"
5,3,눈,여,패딩,히트텍,기모레깅스,히트텍,"목도리, 부츠, 장갑, 핫팩"
2,5,비,여,패딩,니트,기모바지,히트텍,"레인부츠, 목도리, 우산, 장갑, 핫팩"
7,3,비,남,롱패딩,기모후드,기모청바지,히트텍,"레인부츠, 우산"
23,24,비,남,자켓,후드티,면바지,없음,"레인부츠, 우산"
1,4,흐림,여,롱패딩,기모후드,기모치마,히트텍,"목도리, 장갑, 핫팩"
34,29,비,여,얇은 가디건,반팔,치마,없음,"레인부츠, 모자, 선글라스, 양산, 우산"
12,8,맑음,여,자켓,후드티,롱스커트,얇은 이너,없음
10,7,비,여,가디건,긴팔티,슬랙스,얇은 이너,"레인부츠, 우산"
7,9,맑음,남,롱패딩,니트,기모청바지,히트텍,없음
19,16,비,남,자켓,후드티,슬랙스,없음,"레인부츠, 우산"
29,27,비,여,얇은 가디건,민소매,치마,없음,"레인부츠, 모자, 선글라스, 양산, 우산"
0,2,비,여,코트,히트텍,기모치마,히트텍,"레인부츠, 목도리, 우산, 장갑, 핫팩"
35,30,흐림,여,얇은 가디건,민소매,반바지,없음,"모자, 선글라스, 양산"
12,14,비,남,자켓,긴팔티,슬랙스,없음,"레인부츠, 우산"
13,11,눈,여,후드집업,맨투맨,슬랙스,얇은 이너,"부츠, 장갑"
-4,-9,눈,남,코트,히트텍,기모바지,히트텍,"목도리, 부츠, 장갑, 핫팩"
28,26,흐림,여,얇은 가디건,민소매,치마,없음,"모자, 선글라스, 양산"
1,1,맑음,남,롱패딩,기모후드,기모바지,히트텍,"목도리, 장갑, 핫팩"
19,14,눈,여,후드집업,후드티,슬랙스,없음,"부츠, 장갑"
30,28,흐림,남,없음,민소매,반바지,없음,"모자, 선글라스, 양산"
8,4,흐림,남,패딩,기모후드,기모바지,히트텍,없음
35,36,눈,남,없음,민소매,면반바지,없음,"모자, 부츠, 선글라스, 양산, 장갑"
15,15,눈,남,후드집업,후드티,청바지,얇은 이너,"부츠, 장갑"
5,6,맑음,여,코트,히트텍,기모바지,히트텍,"목도리, 장갑, 핫팩"
14,9,흐림,남,자켓,맨투맨,청바지,없음,없음
10,9,흐림,여,후드집업,맨투맨,청바지,없음,없음
25,20,눈,남,없음,민소매,면반바지,없음,"모자, 부츠, 선글라스, 양산, 장갑"
31,28,흐림,남,얇은 가디건,반팔,반바지,없음,"모자, 선글라스, 양산"
-3,-3,흐림,여,패딩,히트텍,기모바지,히트텍,"목도리, 장갑, 핫팩"
10,13,비,여,자켓,후드티,롱스커트,얇은 이너,"레인부츠, 우산"
33,33,비,남,얇은 가디건,민소매,면반바지,없음,"레인부츠, 모자, 선글라스, 양산, 우산"
-6,-10,흐림,남,패딩,기모후드,기모바지,히트텍,"목도리, 장갑, 핫팩"
14,9,비,여,후드집업,긴팔티,롱스커트,없음,"레인부츠, 우산"
3,6,비,여,코트,기모후드,기모레깅스,히트텍,"레인부츠, 목도리, 우산, 장갑, 핫팩"
12,7,비,남,가디건,맨투맨,면바지,없음,"레인부츠, 우산"
32,33,눈,남,없음,반팔,반바지,없음,"모자, 부츠, 선글라스, 양산, 장갑"
4,3,맑음,남,코트,니트,기모바지,히트텍,"목도리, 장갑, 핫팩"
16,16,맑음,여,자켓,맨투맨,청바지,없음,없음
3,0,흐림,남,코트,니트,기모청바지,히트텍,"목도리, 장갑, 핫팩"
30,26,흐림,남,없음,민소매,반바지,없음,"모자, 선글라스, 양산"
0,-4,맑음,남,패딩,니트,기모청바지,히트텍,"목도리, 장갑, 핫팩"
-9,-13,비,남,코트,히트텍,기모바지,히트텍,"레인부츠, 목도리, 우산, 장갑, 핫팩"
6,9,비,남,패딩,니트,기모청바지,히트텍,"레인부츠, 우산"
29,32,눈,여,얇은 가디건,민소매,반바지,없음,"모자, 부츠, 선글라스, 양산, 장갑"
24,23,비,여,후드집업,맨투맨,슬랙스,없음,"레인부츠, 우산"
18,13,흐림,남,후드집업,후드티,슬랙스,없음,없음
3,-1,흐림,여,패딩,니트,기모레깅스,히트텍,"목도리, 장갑, 핫팩"
34,32,흐림,여,없음,반팔,반바지,없음,"모자, 선글라스, 양산"
19,19,맑음,남,가디건,맨투맨,면바지,얇은 이너,없음
29,29,흐림,여,얇은 가디건,민소매,치마,없음,"모자, 선글라스, 양산"
12,15,눈,남,가디건,후드티,청바지,없음,"부츠, 장갑"
35,33,맑음,여,얇은 가디건,반팔,치마,없음,"모자, 선글라스, 양산"
23,18,눈,여,후드집업,후드티,슬랙스,없음,"부츠, 장갑"
6,3,맑음,남,코트,기모후드,기모바지,히트텍,없음
20,22,비,여,자켓,맨투맨,슬랙스,얇은 이너,"레인부츠, 우산"
9,9,맑음,남,롱패딩,히트텍,기모바지,히트텍,없음
-1,2,흐림,남,롱패딩,니트,기모바지,히트텍,"목도리, 장갑, 핫팩"
-1,-1,흐림,남,패딩,히트텍,기모청바지,히트텍,"목도리, 장갑, 핫팩"
-3,-3,비,여,패딩,니트,기모레깅스,히트텍,"레인부츠, 목도리, 우산, 장갑, 핫팩"
6,1,맑음,남,롱패딩,기모후드,기모청바지,히트텍,없음
2,3,비,여,롱패딩,히트텍,기모바지,히트텍,"레인부츠, 목도리, 우산, 장갑, 핫팩"
33,28,맑음,남,얇은 가디건,반팔,반바지,없음,"모자, 선글라스, 양산"
18,18,눈,남,자켓,맨투맨,청바지,얇은 이너,"부츠, 장갑"
12,7,흐림,남,자켓,후드티,슬랙스,얇은 이너,없음
0,2,맑음,남,패딩,니트,기모청바지,히트텍,"목도리, 장갑, 핫팩"
22,24,눈,여,가디건,긴팔티,슬랙스,얇은 이너,"부츠, 장갑"
29,31,흐림,여,얇은 가디건,민소매,치마,없음,"모자, 선글라스, 양산"
-1,1,맑음,남,코트,기모후드,기모청바지,히트텍,"목도리, 장갑, 핫팩"
32,30,맑음,여,없음,민소매,반바지,없음,"모자, 선글라스, 양산"
10,6,흐림,여,후드집업,긴팔티,슬랙스,얇은 이너,없음
3,2,흐림,남,패딩,기모후드,기모청바지,히트텍,"목도리, 장갑, 핫팩"
-5,-10,맑음,남,코트,히트텍,기모청바지,히트텍,"목도리, 장갑, 핫팩"
-5,-2,눈,남,패딩,니트,기모청바지,히트텍,"목도리, 부츠, 장갑, 핫팩"
34,36,흐림,여,얇은 가디건,반팔,반바지,없음,"모자, 선글라스, 양산"
7,2,흐림,남,패딩,니트,기모청바지,히트텍,없음
20,17,눈,남,자켓,맨투맨,면바지,얇은 이너,"부츠, 장갑"
19,19,비,남,후드집업,맨투맨,면바지,없음,"레인부츠, 우산"
-10,-10,맑음,여,롱패딩,히트텍,기모레깅스,히트텍,"목도리, 장갑, 핫팩"
7,6,비,남,롱패딩,히트텍,기모바지,히트텍,"레인부츠, 우산"
0,2,맑음,남,코트,히트텍,기모바지,히트텍,"목도리, 장갑, 핫팩"
17,15,비,여,가디건,긴팔티,롱스커트,얇은 이너,"레인부츠, 우산"
14,17,흐림,남,후드집업,긴팔티,슬랙스,없음,없음
1,4,눈,남,패딩,니트,기모청바지,히트텍,"목도리, 부츠, 장갑, 핫팩"
1,-4,눈,여,패딩,기모후드,기모바지,히트텍,"목도리, 부츠, 장갑, 핫팩"
11,9,흐림,남,자켓,맨투맨,청바지,없음,없음
10,5,비,여,가디건,맨투맨,청바지,없음,"레인부츠, 우산"
12,9,흐림,여,가디건,후드티,슬랙스,없음,없음
30,26,흐림,여,얇은 가디건,반팔,치마,없음,"모자, 선글라스, 양산"
22,18,비,남,자켓,후드티,면바지,없음,"레인부츠, 우산"
28,25,비,남,없음,민소매,면반바지,없음,"레인부츠, 모자, 선글라스, 양산, 우산"
5,0,흐림,남,롱패딩,니트,기모바지,히트텍,"목도리, 장갑, 핫팩"
18,20,맑음,여,가디건,긴팔티,롱스커트,얇은 이너,없음
29,25,눈,여,없음,반팔,치마,없음,"모자, 부츠, 선글라스, 양산, 장갑"
28,30,비,남,없음,민소매,면반바지,없음,"레인부츠, 모자, 선글라스, 양산, 우산"
29,25,눈,남,없음,반팔,반바지,없음,"모자, 부츠, 선글라스, 양산, 장갑"
16,13,비,여,가디건,후드티,청바지,없음,"레인부츠, 우산"
16,19,눈,남,가디건,긴팔티,면바지,얇은 이너,"부츠, 장갑"
26,23,맑음,남,없음,반팔,반바지,없음,"모자, 선글라스, 양산"
13,12,눈,남,자켓,맨투맨,청바지,얇은 이너,"부츠, 장갑"
-5,-4,비,남,롱패딩,기모후드,기모청바지,히트텍,"레인부츠, 목도리, 우산, 장갑, 핫팩"
11,8,흐림,여,자켓,맨투맨,청바지,없음,없음
8,8,맑음,여,패딩,기모후드,기모바지,히트텍,없음
9,6,비,남,롱패딩,기모후드,기모청바지,히트텍,"레인부츠, 우산"
-8,-12,비,남,코트,히트텍,기모바지,히트텍,"레인부츠, 목도리, 우산, 장갑, 핫팩"
-2,-5,맑음,남,패딩,기모후드,기모바지,히트텍,"목도리, 장갑, 핫팩"
0,2,맑음,남,롱패딩,기모후드,기모바지,히트텍,"목도리, 장갑, 핫팩"
24,23,맑음,여,후드집업,후드티,청바지,없음,없음
31,29,눈,남,얇은 가디건,반팔,반바지,없음,"모자, 부츠, 선글라스, 양산, 장갑"
-9,-13,흐림,남,패딩,기모후드,기모청바지,히트텍,"목도리, 장갑, 핫팩"
25,26,눈,남,얇은 가디건,민소매,반바지,없음,"모자, 부츠, 선글라스, 양산, 장갑"
-9,-6,맑음,여,패딩,니트,기모바지,히트텍,"목도리, 장갑, 핫팩"
27,23,눈,남,얇은 가디건,반팔,반바지,없음,"모자, 부츠, 선글라스, 양산, 장갑"
6,7,비,남,롱패딩,기모후드,기모바지,히트텍,"레인부츠, 우산"
34,30,비,여,없음,반팔,치마,없음,"레인부츠, 모자, 선글라스, 양산, 우산"
30,31,눈,여,없음,반팔,치마,없음,"모자, 부츠, 선글라스, 양산, 장갑"
27,25,흐림,여,없음,반팔,반바지,없음,"모자, 선글라스, 양산"
10,13,흐림,남,후드집업,후드티,면바지,얇은 이너,없음
18,15,맑음,여,자켓,후드티,청바지,없음,없음
31,26,눈,남,얇은 가디건,반팔,반바지,없음,"모자, 부츠, 선글라스, 양산, 장갑"
0,2,흐림,남,패딩,히트텍,기모청바지,히트텍,"목도리, 장갑, 핫팩"
-9,-11,비,여,롱패딩,기모후드,기모레깅스,히트텍,"레인부츠, 목도리, 우산, 장갑, 핫팩"
10,6,흐림,남,자켓,긴팔티,면바지,얇은 이너,없음
-2,-5,비,남,패딩,니트,기모바지,히트텍,"레인부츠, 목도리, 우산, 장갑, 핫팩"
1,1,눈,여,패딩,히트텍,기모바지,히트텍,"목도리, 부츠, 장갑, 핫팩"
-1,-3,맑음,남,롱패딩,히트텍,기모바지,히트텍,"목도리, 장갑, 핫팩"
16,16,맑음,남,가디건,맨투맨,면바지,얇은 이너,없음
6,9,비,남,패딩,히트텍,기모바지,히트텍,"레인부츠, 우산"
18,16,눈,여,후드집업,맨투맨,슬랙스,없음,"부츠, 장갑"
24,19,맑음,여,후드집업,맨투맨,청바지,얇은 이너,없음
5,8,눈,남,패딩,니트,기모청바지,히트텍,"목도리, 부츠, 장갑, 핫팩"
-7,-12,비,여,패딩,히트텍,기모레깅스,히트텍,"레인부츠, 목도리, 우산, 장갑, 핫팩"
8,3,눈,남,패딩,기모후드,기모바지,히트텍,"부츠, 장갑"
31,28,흐림,남,없음,반팔,반바지,없음,"모자, 선글라스, 양산"
9,5,흐림,남,패딩,기모후드,기모청바지,히트텍,없음
6,7,눈,남,패딩,니트,기모청바지,히트텍,"부츠, 장갑"
13,8,흐림,남,가디건,긴팔티,슬랙스,없음,없음
4,5,흐림,여,롱패딩,니트,기모레깅스,히트텍,"목도리, 장갑, 핫팩"
-3,0,비,여,코트,니트,기모바지,히트텍,"레인부츠, 목도리, 우산, 장갑, 핫팩"
27,28,눈,남,없음,반팔,반바지,없음,"모자, 부츠, 선글라스, 양산, 장갑"
33,28,흐림,여,얇은 가디건,반팔,반바지,없음,"모자, 선글라스, 양산"
35,32,눈,여,없음,민소매,반바지,없음,"모자, 부츠, 선글라스, 양산, 장갑"
2,-2,맑음,남,롱패딩,기모후드,기모바지,히트텍,"목도리, 장갑, 핫팩"
-3,-4,흐림,남,코트,히트텍,기모청바지,히트텍,"목도리, 장갑, 핫팩"
35,36,흐림,여,얇은 가디건,반팔,반바지,없음,"모자, 선글라스, 양산"
12,15,맑음,남,후드집업,긴팔티,면바지,얇은 이너,없음
-8,-12,비,여,패딩,니트,기모레깅스,히트텍,"레인부츠, 목도리, 우산, 장갑, 핫팩"
5,6,맑음,여,패딩,히트텍,기모레깅스,히트텍,"목도리, 장갑, 핫팩"
-6,-9,맑음,남,코트,히트텍,기모바지,히트텍,"목도리, 장갑, 핫팩"
23,19,눈,남,가디건,맨투맨,슬랙스,없음,"부츠, 장갑"
19,16,비,여,후드집업,후드티,롱스커트,없음,"레인부츠, 우산"
20,15,흐림,여,자켓,후드티,청바지,얇은 이너,없음
26,21,흐림,여,얇은 가디건,반팔,반바지,없음,"모자, 선글라스, 양산"
35,30,비,여,얇은 가디건,반팔,치마,없음,"레인부츠, 모자, 선글라스, 양산, 우산"
8,5,맑음,여,롱패딩,기모후드,기모바지,히트텍,없음
11,7,눈,남,자켓,맨투맨,면바지,없음,"부츠, 장갑"
-8,-5,맑음,남,패딩,니트,기모청바지,히트텍,"목도리, 장갑, 핫팩"
21,24,비,여,가디건,후드티,슬랙스,얇은 이너,"레인부츠, 우산"
26,22,눈,여,없음,민소매,치마,없음,"모자, 부츠, 선글라스, 양산, 장갑"
-7,-11,흐림,여,코트,히트텍,기모바지,히트텍,"목도리, 장갑, 핫팩"
13,9,눈,남,가디건,긴팔티,청바지,얇은 이너,"부츠, 장갑"
1,1,흐림,남,패딩,기모후드,기모바지,히트텍,"목도리, 장갑, 핫팩"
18,16,눈,여,가디건,후드티,슬랙스,없음,"부츠, 장갑"
12,9,맑음,여,가디건,후드티,청바지,없음,없음
28,27,흐림,남,없음,반팔,면반바지,없음,"모자, 선글라스, 양산"
6,1,맑음,남,패딩,히트텍,기모바지,히트텍,없음
16,18,맑음,여,가디건,긴팔티,롱스커트,없음,없음
5,8,맑음,남,코트,히트텍,기모청바지,히트텍,"목도리, 장갑, 핫팩"
25,20,비,여,얇은 가디건,반팔,치마,없음,"레인부츠, 모자, 선글라스, 양산, 우산"
23,25,흐림,여,가디건,후드티,롱스커트,얇은 이너,없음
27,29,흐림,여,얇은 가디건,민소매,치마,없음,"모자, 선글라스, 양산"
-2,-4,맑음,남,패딩,히트텍,기모청바지,히트텍,"목도리, 장갑, 핫팩"
-6,-7,흐림,남,롱패딩,기모후드,기모바지,히트텍,"목도리, 장갑, 핫팩"
9,12,맑음,여,코트,기모후드,기모치마,히트텍,없음
16,12,비,여,후드집업,맨투맨,슬랙스,없음,"레인부츠, 우산"
3,1,눈,남,코트,기모후드,기모청바지,히트텍,"목도리, 부츠, 장갑, 핫팩"
-5,-4,눈,여,패딩,기모후드,기모치마,히트텍,"목도리, 부츠, 장갑, 핫팩"
-10,-12,눈,여,코트,히트텍,기모레깅스,히트텍,"목도리, 부츠, 장갑, 핫팩"
0,0,눈,남,롱패딩,니트,기모바지,히트텍,"목도리, 부츠, 장갑, 핫팩"
20,17,비,여,가디건,후드티,청바지,얇은 이너,"레인부츠, 우산"
29,26,눈,여,없음,반팔,치마,없음,"모자, 부츠, 선글라스, 양산, 장갑"
11,6,흐림,여,자켓,긴팔티,슬랙스,없음,없음
4,4,흐림,여,패딩,니트,기모레깅스,히트텍,"목도리, 장갑, 핫팩"
22,25,비,여,후드집업,후드티,롱스커트,없음,"레인부츠, 우산"
10,5,눈,남,후드집업,후드티,청바지,얇은 이너,"부츠, 장갑"
14,15,맑음,여,후드집업,맨투맨,슬랙스,없음,없음
32,33,눈,남,얇은 가디건,반팔,반바지,없음,"모자, 부츠, 선글라스, 양산, 장갑"
33,28,흐림,여,없음,민소매,반바지,없음,"모자, 선글라스, 양산"
9,8,흐림,남,롱패딩,히트텍,기모청바지,히트텍,없음
13,8,흐림,남,가디건,후드티,청바지,얇은 이너,없음
34,36,비,남,없음,민소매,면반바지,없음,"레인부츠, 모자, 선글라스, 양산, 우산"
2,4,눈,남,패딩,히트텍,기모청바지,히트텍,"목도리, 부츠, 장갑, 핫팩"
33,36,흐림,여,얇은 가디건,민소매,치마,없음,"모자, 선글라스, 양산"
-2,0,흐림,남,코트,기모후드,기모바지,히트텍,"목도리, 장갑, 핫팩"
23,21,비,남,자켓,맨투맨,슬랙스,없음,"레인부츠, 우산"
-5,-4,맑음,남,롱패딩,니트,기모바지,히트텍,"목도리, 장갑, 핫팩"
-10,-9,비,여,코트,니트,기모치마,히트텍,"레인부츠, 목도리, 우산, 장갑, 핫팩"
27,23,비,남,얇은 가디건,민소매,면반바지,없음,"레인부츠, 모자, 선글라스, 양산, 우산"
-4,-5,흐림,남,롱패딩,기모후드,기모바지,히트텍,"목도리, 장갑, 핫팩"
-3,-8,맑음,여,롱패딩,히트텍,기모바지,히트텍,"목도리, 장갑, 핫팩"
8,3,눈,여,패딩,기모후드,기모레깅스,히트텍,"부츠, 장갑"
-3,-7,맑음,여,코트,니트,기모레깅스,히트텍,"목도리, 장갑, 핫팩"
27,23,눈,여,없음,반팔,치마,없음,"모자, 부츠, 선글라스, 양산, 장갑"
18,17,눈,여,후드집업,후드티,슬랙스,없음,"부츠, 장갑"
21,16,흐림,남,자켓,맨투맨,청바지,얇은 이너,없음
-1,-2,맑음,남,패딩,니트,기모바지,히트텍,"목도리, 장갑, 핫팩"
24,24,비,남,후드집업,맨투맨,슬랙스,얇은 이너,"레인부츠, 우산"
17,15,맑음,남,자켓,긴팔티,슬랙스,얇은 이너,없음
1,-4,비,여,패딩,히트텍,기모레깅스,히트텍,"레인부츠, 목도리, 우산, 장갑, 핫팩"
23,25,눈,남,후드집업,맨투맨,면바지,없음,"부츠, 장갑"
34,30,눈,여,얇은 가디건,민소매,반바지,없음,"모자, 부츠, 선글라스, 양산, 장갑"
0,0,눈,여,패딩,기모후드,기모바지,히트텍,"목도리, 부츠, 장갑, 핫팩"
-1,2,흐림,여,코트,기모후드,기모치마,히트텍,"목도리, 장갑, 핫팩"
5,2,맑음,남,롱패딩,니트,기모청바지,히트텍,"목도리, 장갑, 핫팩"
-6,-7,눈,남,패딩,히트텍,기모청바지,히트텍,"목도리, 부츠, 장갑, 핫팩"
22,18,흐림,여,후드집업,맨투맨,롱스커트,없음,없음
33,30,눈,여,없음,민소매,치마,없음,"모자, 부츠, 선글라스, 양산, 장갑"
13,13,흐림,여,후드집업,맨투맨,청바지,얇은 이너,없음
17,12,맑음,여,후드집업,후드티,슬랙스,없음,없음
9,8,눈,남,롱패딩,히트텍,기모청바지,히트텍,"부츠, 장갑"
26,25,흐림,여,얇은 가디건,민소매,반바지,없음,"모자, 선글라스, 양산"
31,30,눈,여,없음,반팔,반바지,없음,"모자, 부츠, 선글라스, 양산, 장갑"
21,21,눈,남,후드집업,후드티,슬랙스,없음,"부츠, 장갑"
14,9,흐림,남,후드집업,맨투맨,면바지,없음,없음
35,36,비,여,없음,반팔,치마,없음,"레인부츠, 모자, 선글라스, 양산, 우산"
18,16,비,남,후드집업,후드티,청바지,없음,"레인부츠, 우산"
30,25,눈,여,없음,민소매,치마,없음,"모자, 부츠, 선글라스, 양산, 장갑"
16,12,흐림,남,자켓,후드티,슬랙스,얇은 이너,없음
4,7,비,남,롱패딩,니트,기모바지,히트텍,"레인부츠, 목도리, 우산, 장갑, 핫팩"
10,6,비,남,가디건,맨투맨,청바지,얇은 이너,"레인부츠, 우산"
-1,-2,흐림,여,패딩,니트,기모레깅스,히트텍,"목도리, 장갑, 핫팩"
7,8,맑음,남,롱패딩,니트,기모청바지,히트텍,없음
16,19,비,남,가디건,긴팔티,슬랙스,얇은 이너,"레인부츠, 우산"
4,3,흐림,여,코트,히트텍,기모치마,히트텍,"목도리, 장갑, 핫팩"
34,29,흐림,남,얇은 가디건,민소매,반바지,없음,"모자, 선글라스, 양산"
30,32,눈,여,없음,민소매,치마,없음,"모자, 부츠, 선글라스, 양산, 장갑"
5,8,비,여,롱패딩,기모후드,기모치마,히트텍,"레인부츠, 목도리, 우산, 장갑, 핫팩"
28,30,맑음,남,얇은 가디건,반팔,면반바지,없음,"모자, 선글라스, 양산"
15,12,눈,여,후드집업,후드티,슬랙스,얇은 이너,"부츠, 장갑"
-7,-6,맑음,남,패딩,히트텍,기모바지,히트텍,"목도리, 장갑, 핫팩"
17,16,눈,여,후드집업,긴팔티,슬랙스,얇은 이너,"부츠, 장갑"
21,22,흐림,남,자켓,긴팔티,슬랙스,없음,없음
3,0,눈,남,패딩,기모후드,기모바지,히트텍,"목도리, 부츠, 장갑, 핫팩"
32,32,눈,여,얇은 가디건,민소매,반바지,없음,"모자, 부츠, 선글라스, 양산, 장갑"
14,14,눈,남,자켓,긴팔티,청바지,없음,"부츠, 장갑"
34,35,눈,여,없음,민소매,반바지,없음,"모자, 부츠, 선글라스, 양산, 장갑"
-3,-8,비,남,패딩,히트텍,기모청바지,히트텍,"레인부츠, 목도리, 우산, 장갑, 핫팩"
7,3,맑음,여,코트,히트텍,기모치마,히트텍,없음
-1,-2,흐림,남,패딩,히트텍,기모바지,히트텍,"목도리, 장갑, 핫팩"
13,11,흐림,남,가디건,긴팔티,면바지,없음,없음
33,32,맑음,여,없음,민소매,반바지,없음,"모자, 선글라스, 양산"
1,3,맑음,여,롱패딩,기모후드,기모치마,히트텍,"목도리, 장갑, 핫팩"
6,4,흐림,여,패딩,기모후드,기모바지,히트텍,없음
31,29,맑음,남,얇은 가디건,민소매,반바지,없음,"모자, 선글라스, 양산"
-5,-8,눈,남,롱패딩,니트,기모청바지,히트텍,"목도리, 부츠, 장갑, 핫팩"
19,18,맑음,남,자켓,맨투맨,슬랙스,없음,없음
-1,-2,흐림,남,패딩,니트,기모바지,히트텍,"목도리, 장갑, 핫팩"
23,20,흐림,남,자켓,맨투맨,슬랙스,얇은 이너,없음
9,11,맑음,여,패딩,히트텍,기모레깅스,히트텍,없음
8,6,흐림,남,코트,기모후드,기모청바지,히트텍,없음
1,-3,흐림,여,롱패딩,니트,기모레깅스,히트텍,"목도리, 장갑, 핫팩"
-9,-13,눈,여,패딩,히트텍,기모레깅스,히트텍,"목도리, 부츠, 장갑, 핫팩"
4,5,눈,남,롱패딩,니트,기모바지,히트텍,"목도리, 부츠, 장갑, 핫팩"
22,25,비,여,가디건,긴팔티,롱스커트,얇은 이너,"레인부츠, 우산"
16,14,눈,남,자켓,맨투맨,면바지,얇은 이너,"부츠, 장갑"
34,30,눈,여,없음,반팔,치마,없음,"모자, 부츠, 선글라스, 양산, 장갑"
3,2,눈,여,롱패딩,기모후드,기모레깅스,히트텍,"목도리, 부츠, 장갑, 핫팩"
24,21,맑음,여,후드집업,후드티,롱스커트,얇은 이너,없음
7,3,맑음,여,롱패딩,니트,기모바지,히트텍,없음
26,25,비,남,없음,민소매,반바지,없음,"레인부츠, 모자, 선글라스, 양산, 우산"
3,0,눈,남,패딩,히트텍,기모바지,히트텍,"목도리, 부츠, 장갑, 핫팩"
-4,-8,눈,여,패딩,히트텍,기모레깅스,히트텍,"목도리, 부츠, 장갑, 핫팩"
-7,-12,흐림,남,코트,히트텍,기모바지,히트텍,"목도리, 장갑, 핫팩"
14,14,맑음,남,자켓,맨투맨,슬랙스,얇은 이너,없음
-6,-8,눈,남,코트,히트텍,기모청바지,히트텍,"목도리, 부츠, 장갑, 핫팩"
32,30,맑음,여,얇은 가디건,민소매,반바지,없음,"모자, 선글라스, 양산"
23,25,비,여,가디건,긴팔티,롱스커트,얇은 이너,"레인부츠, 우산"
12,14,흐림,여,자켓,맨투맨,롱스커트,없음,없음
29,29,비,여,없음,반팔,치마,없음,"레인부츠, 모자, 선글라스, 양산, 우산"
19,14,맑음,여,가디건,후드티,롱스커트,없음,없음
-7,-12,비,남,코트,기모후드,기모청바지,히트텍,"레인부츠, 목도리, 우산, 장갑, 핫팩"
19,15,맑음,남,자켓,맨투맨,청바지,없음,없음
16,15,흐림,남,자켓,후드티,슬랙스,없음,없음
11,7,눈,여,후드집업,맨투맨,롱스커트,얇은 이너,"부츠, 장갑"
1,3,눈,여,롱패딩,니트,기모치마,히트텍,"목도리, 부츠, 장갑, 핫팩"
-9,-9,눈,여,패딩,기모후드,기모바지,히트텍,"목도리, 부츠, 장갑, 핫팩"
21,20,비,남,자켓,후드티,면바지,없음,"레인부츠, 우산"
25,27,흐림,여,없음,반팔,반바지,없음,"모자, 선글라스, 양산"
23,26,맑음,여,가디건,긴팔티,롱스커트,없음,없음
24,19,맑음,남,자켓,후드티,면바지,얇은 이너,없음
16,18,맑음,여,가디건,긴팔티,롱스커트,없음,없음
21,18,비,남,후드집업,후드티,면바지,없음,"레인부츠, 우산"
32,34,맑음,남,없음,민소매,반바지,없음,"모자, 선글라스, 양산"
0,3,흐림,여,롱패딩,기모후드,기모바지,히트텍,"목도리, 장갑, 핫팩"
14,12,맑음,남,후드집업,후드티,슬랙스,얇은 이너,없음
20,21,비,여,자켓,긴팔티,청바지,없음,"레인부츠, 우산"
-1,-6,흐림,남,코트,히트텍,기모청바지,히트텍,"목도리, 장갑, 핫팩"
12,14,눈,여,후드집업,맨투맨,청바지,없음,"부츠, 장갑"
24,21,눈,여,자켓,긴팔티,슬랙스,없음,"부츠, 장갑"
22,25,눈,여,자켓,긴팔티,슬랙스,얇은 이너,"부츠, 장갑"
-2,-5,흐림,여,코트,니트,기모레깅스,히트텍,"목도리, 장갑, 핫팩"
10,5,흐림,여,가디건,후드티,슬랙스,없음,없음
31,28,비,여,없음,반팔,반바지,없음,"레인부츠, 모자, 선글라스, 양산, 우산"
0,-5,비,여,코트,기모후드,기모레깅스,히트텍,"레인부츠, 목도리, 우산, 장갑, 핫팩"
35,33,맑음,남,얇은 가디건,반팔,반바지,없음,"모자, 선글라스, 양산"
1,-1,맑음,여,코트,히트텍,기모바지,히트텍,"목도리, 장갑, 핫팩"
31,30,맑음,여,얇은 가디건,민소매,반바지,없음,"모자, 선글라스, 양산"
20,19,눈,남,후드집업,후드티,면바지,얇은 이너,"부츠, 장갑"
20,23,흐림,남,후드집업,후드티,슬랙스,얇은 이너,없음
-1,-4,비,여,패딩,기모후드,기모바지,히트텍,"레인부츠, 목도리, 우산, 장갑, 핫팩"
4,2,흐림,남,패딩,니트,기모바지,히트텍,"목도리, 장갑, 핫팩"
32,30,비,남,없음,민소매,면반바지,없음,"레인부츠, 모자, 선글라스, 양산, 우산"
15,11,흐림,남,후드집업,긴팔티,청바지,얇은 이너,없음
21,21,비,남,자켓,긴팔티,청바지,없음,"레인부츠, 우산"
22,17,흐림,남,가디건,맨투맨,슬랙스,얇은 이너,없음
-5,-2,맑음,남,패딩,니트,기모바지,히트텍,"목도리, 장갑, 핫팩"
-8,-9,비,남,패딩,니트,기모바지,히트텍,"레인부츠, 목도리, 우산, 장갑, 핫팩"
-2,-5,맑음,여,패딩,히트텍,기모치마,히트텍,"목도리, 장갑, 핫팩"
6,7,맑음,여,롱패딩,기모후드,기모레깅스,히트텍,없음
16,13,맑음,남,자켓,맨투맨,슬랙스,얇은 이너,없음
0,-4,맑음,남,롱패딩,히트텍,기모바지,히트텍,"목도리, 장갑, 핫팩"
-8,-13,눈,남,코트,니트,기모청바지,히트텍,"목도리, 부츠, 장갑, 핫팩"
-7,-6,흐림,여,코트,히트텍,기모치마,히트텍,"목도리, 장갑, 핫팩"
29,27,눈,남,없음,민소매,면반바지,없음,"모자, 부츠, 선글라스, 양산, 장갑"
27,30,비,여,얇은 가디건,반팔,치마,없음,"레인부츠, 모자, 선글라스, 양산, 우산"
33,29,눈,남,없음,반팔,반바지,없음,"모자, 부츠, 선글라스, 양산, 장갑"
15,17,흐림,여,후드집업,후드티,청바지,없음,없음
8,7,눈,여,롱패딩,기모후드,기모바지,히트텍,"부츠, 장갑"
1,3,눈,여,롱패딩,기모후드,기모레깅스,히트텍,"목도리, 부츠, 장갑, 핫팩"
25,25,비,남,없음,민소매,면반바지,없음,"레인부츠, 모자, 선글라스, 양산, 우산"
29,28,비,여,얇은 가디건,민소매,반바지,없음,"레인부츠, 모자, 선글라스, 양산, 우산"
27,25,흐림,남,없음,민소매,면반바지,없음,"모자, 선글라스, 양산"
6,5,흐림,남,롱패딩,히트텍,기모청바지,히트텍,없음
18,15,맑음,남,후드집업,후드티,청바지,없음,없음
32,32,눈,여,없음,민소매,치마,없음,"모자, 부츠, 선글라스, 양산, 장갑"
7,7,비,남,패딩,히트텍,기모바지,히트텍,"레인부츠, 우산"
14,9,맑음,여,자켓,후드티,롱스커트,얇은 이너,없음
3,5,맑음,남,패딩,니트,기모청바지,히트텍,"목도리, 장갑, 핫팩"
5,7,맑음,여,패딩,히트텍,기모바지,히트텍,"목도리, 장갑, 핫팩"
25,25,비,남,없음,반팔,반바지,없음,"레인부츠, 모자, 선글라스, 양산, 우산"
26,27,눈,여,없음,민소매,치마,없음,"모자, 부츠, 선글라스, 양산, 장갑"
28,23,흐림,여,없음,반팔,반바지,없음,"모자, 선글라스, 양산"
0,2,맑음,남,패딩,히트텍,기모청바지,히트텍,"목도리, 장갑, 핫팩"
24,25,흐림,여,후드집업,후드티,롱스커트,없음,없음
17,12,비,남,자켓,맨투맨,면바지,없음,"레인부츠, 우산"
12,12,비,남,자켓,후드티,슬랙스,얇은 이너,"레인부츠, 우산"
35,35,맑음,여,얇은 가디건,반팔,치마,없음,"모자, 선글라스, 양산"
-2,-1,맑음,남,패딩,히트텍,기모청바지,히트텍,"목도리, 장갑, 핫팩"
12,13,눈,남,후드집업,후드티,면바지,얇은 이너,"부츠, 장갑"
12,13,비,여,자켓,긴팔티,청바지,얇은 이너,"레인부츠, 우산"
11,6,흐림,여,가디건,긴팔티,롱스커트,없음,없음
17,16,흐림,여,후드집업,맨투맨,슬랙스,없음,없음
4,4,흐림,여,코트,기모후드,기모치마,히트텍,"목도리, 장갑, 핫팩"
19,14,비,남,가디건,맨투맨,면바지,얇은 이너,"레인부츠, 우산"
4,-1,눈,남,코트,니트,기모청바지,히트텍,"목도리, 부츠, 장갑, 핫팩"
18,14,비,남,가디건,후드티,슬랙스,얇은 이너,"레인부츠, 우산"
17,17,눈,여,가디건,후드티,슬랙스,없음,"부츠, 장갑"
9,10,맑음,여,롱패딩,기모후드,기모바지,히트텍,없음
31,30,눈,여,없음,민소매,치마,없음,"모자, 부츠, 선글라스, 양산, 장갑"
2,0,흐림,남,롱패딩,니트,기모청바지,히트텍,"목도리, 장갑, 핫팩"
5,3,비,남,롱패딩,니트,기모바지,히트텍,"레인부츠, 목도리, 우산, 장갑, 핫팩"
21,21,맑음,여,자켓,후드티,청바지,얇은 이너,없음
31,26,비,남,얇은 가디건,민소매,면반바지,없음,"레인부츠, 모자, 선글라스, 양산, 우산"
2,4,맑음,남,코트,니트,기모바지,히트텍,"목도리, 장갑, 핫팩"
16,11,흐림,남,가디건,맨투맨,청바지,얇은 이너,없음
10,11,비,여,자켓,맨투맨,슬랙스,없음,"레인부츠, 우산"
10,5,눈,여,가디건,후드티,청바지,없음,"부츠, 장갑"
0,3,비,여,롱패딩,히트텍,기모바지,히트텍,"레인부츠, 목도리, 우산, 장갑, 핫팩"
9,4,맑음,여,코트,기모후드,기모치마,히트텍,없음
17,17,비,남,후드집업,후드티,청바지,얇은 이너,"레인부츠, 우산"
3,-1,비,여,패딩,니트,기모레깅스,히트텍,"레인부츠, 목도리, 우산, 장갑, 핫팩"
16,17,맑음,남,자켓,후드티,슬랙스,없음,없음
21,24,눈,남,후드집업,후드티,면바지,얇은 이너,"부츠, 장갑"
17,15,맑음,여,가디건,맨투맨,슬랙스,얇은 이너,없음
5,1,눈,여,패딩,니트,기모레깅스,히트텍,"목도리, 부츠, 장갑, 핫팩"
1,-2,비,여,롱패딩,니트,기모치마,히트텍,"레인부츠, 목도리, 우산, 장갑, 핫팩"
18,18,눈,남,가디건,긴팔티,청바지,얇은 이너,"부츠, 장갑"
4,2,맑음,여,패딩,니트,기모바지,히트텍,"목도리, 장갑, 핫팩"
23,20,눈,여,자켓,맨투맨,청바지,얇은 이너,"부츠, 장갑"
34,36,비,남,얇은 가디건,민소매,면반바지,없음,"레인부츠, 모자, 선글라스, 양산, 우산"
6,2,눈,남,롱패딩,기모후드,기모청바지,히트텍,"부츠, 장갑"
16,14,흐림,여,자켓,긴팔티,청바지,없음,없음
-5,-8,흐림,여,롱패딩,히트텍,기모치마,히트텍,"목도리, 장갑, 핫팩"
-3,-1,맑음,여,패딩,니트,기모치마,히트텍,"목도리, 장갑, 핫팩"
31,34,눈,남,없음,민소매,면반바지,없음,"모자, 부츠, 선글라스, 양산, 장갑"
1,-4,흐림,여,코트,히트텍,기모레깅스,히트텍,"목도리, 장갑, 핫팩"
-6,-10,눈,여,패딩,니트,기모레깅스,히트텍,"목도리, 부츠, 장갑, 핫팩"
-4,-2,맑음,남,롱패딩,히트텍,기모청바지,히트텍,"목도리, 장갑, 핫팩"
34,32,눈,여,얇은 가디건,민소매,치마,없음,"모자, 부츠, 선글라스, 양산, 장갑"
16,15,흐림,여,자켓,긴팔티,청바지,얇은 이너,없음
19,14,비,여,후드집업,맨투맨,슬랙스,얇은 이너,"레인부츠, 우산"
-7,-4,흐림,여,롱패딩,기모후드,기모레깅스,히트텍,"목도리, 장갑, 핫팩"
11,11,맑음,남,후드집업,긴팔티,슬랙스,얇은 이너,없음
20,20,흐림,여,자켓,후드티,청바지,없음,없음
27,22,비,여,얇은 가디건,민소매,치마,없음,"레인부츠, 모자, 선글라스, 양산, 우산"
23,19,비,여,자켓,긴팔티,롱스커트,얇은 이너,"레인부츠, 우산"
27,30,눈,남,얇은 가디건,반팔,반바지,없음,"모자, 부츠, 선글라스, 양산, 장갑"
23,24,흐림,여,가디건,후드티,슬랙스,얇은 이너,없음
0,-2,흐림,남,패딩,기모후드,기모바지,히트텍,"목도리, 장갑, 핫팩"
18,19,맑음,남,가디건,후드티,면바지,없음,없음
22,22,흐림,여,가디건,맨투맨,슬랙스,없음,없음
3,-1,비,여,코트,히트텍,기모치마,히트텍,"레인부츠, 목도리, 우산, 장갑, 핫팩"
-10,-8,눈,남,패딩,니트,기모바지,히트텍,"목도리, 부츠, 장갑, 핫팩"
-2,-1,눈,남,롱패딩,니트,기모바지,히트텍,"목도리, 부츠, 장갑, 핫팩"
20,16,눈,여,자켓,긴팔티,슬랙스,얇은 이너,"부츠, 장갑"
28,24,맑음,여,얇은 가디건,반팔,치마,없음,"모자, 선글라스, 양산"
4,-1,눈,여,패딩,히트텍,기모바지,히트텍,"목도리, 부츠, 장갑, 핫팩"
22,22,비,여,가디건,맨투맨,롱스커트,없음,"레인부츠, 우산"
9,6,흐림,여,롱패딩,니트,기모바지,히트텍,없음
27,27,눈,남,없음,반팔,면반바지,없음,"모자, 부츠, 선글라스, 양산, 장갑"
27,25,비,남,얇은 가디건,민소매,면반바지,없음,"레인부츠, 모자, 선글라스, 양산, 우산"
35,38,눈,여,얇은 가디건,민소매,반바지,없음,"모자, 부츠, 선글라스, 양산, 장갑"
6,2,맑음,남,롱패딩,기모후드,기모바지,히트텍,없음
6,6,흐림,남,코트,히트텍,기모청바지,히트텍,없음
24,20,흐림,남,자켓,긴팔티,청바지,얇은 이너,없음
4,2,눈,남,패딩,니트,기모바지,히트텍,"목도리, 부츠, 장갑, 핫팩"
26,28,비,남,얇은 가디건,반팔,면반바지,없음,"레인부츠, 모자, 선글라스, 양산, 우산"
2,-3,맑음,남,패딩,기모후드,기모청바지,히트텍,"목도리, 장갑, 핫팩"
0,2,흐림,남,롱패딩,기모후드,기모청바지,히트텍,"목도리, 장갑, 핫팩"
-3,-1,비,남,패딩,기모후드,기모바지,히트텍,"레인부츠, 목도리, 우산, 장갑, 핫팩"
16,11,흐림,여,후드집업,후드티,롱스커트,얇은 이너,없음
9,5,맑음,남,패딩,히트텍,기모청바지,히트텍,없음
15,13,비,여,가디건,긴팔티,청바지,없음,"레인부츠, 우산"
8,5,흐림,남,롱패딩,히트텍,기모바지,히트텍,없음
31,30,눈,남,없음,민소매,면반바지,없음,"모자, 부츠, 선글라스, 양산, 장갑"
35,32,흐림,여,얇은 가디건,민소매,치마,없음,"모자, 선글라스, 양산"
30,25,흐림,남,얇은 가디건,민소매,면반바지,없음,"모자, 선글라스, 양산"
-6,-5,맑음,남,패딩,히트텍,기모바지,히트텍,"목도리, 장갑, 핫팩"
9,11,흐림,남,코트,니트,기모바지,히트텍,없음
8,4,흐림,여,코트,히트텍,기모레깅스,히트텍,없음
-9,-9,맑음,남,코트,니트,기모청바지,히트텍,"목도리, 장갑, 핫팩"
3,4,흐림,남,코트,히트텍,기모청바지,히트텍,"목도리, 장갑, 핫팩"
30,26,맑음,남,얇은 가디건,반팔,반바지,없음,"모자, 선글라스, 양산"
35,34,흐림,여,얇은 가디건,민소매,반바지,없음,"모자, 선글라스, 양산"
16,16,맑음,남,후드집업,긴팔티,청바지,없음,없음
12,7,눈,여,후드집업,맨투맨,슬랙스,없음,"부츠, 장갑"
16,16,눈,여,자켓,후드티,청바지,얇은 이너,"부츠, 장갑"
-10,-9,눈,여,코트,니트,기모레깅스,히트텍,"목도리, 부츠, 장갑, 핫팩"
-9,-8,맑음,남,롱패딩,히트텍,기모청바지,히트텍,"목도리, 장갑, 핫팩"
-4,-8,흐림,남,패딩,히트텍,기모청바지,히트텍,"목도리, 장갑, 핫팩"
-10,-12,눈,남,코트,니트,기모청바지,히트텍,"목도리, 부츠, 장갑, 핫팩"
3,6,맑음,여,롱패딩,기모후드,기모레깅스,히트텍,"목도리, 장갑, 핫팩"
-3,-1,맑음,여,코트,니트,기모레깅스,히트텍,"목도리, 장갑, 핫팩"
26,21,비,남,없음,민소매,면반바지,없음,"레인부츠, 모자, 선글라스, 양산, 우산"
12,12,눈,남,가디건,후드티,슬랙스,얇은 이너,"부츠, 장갑"
33,29,비,남,없음,반팔,반바지,없음,"레인부츠, 모자, 선글라스, 양산, 우산"
22,23,맑음,여,후드집업,맨투맨,슬랙스,없음,없음
27,28,눈,여,얇은 가디건,민소매,치마,없음,"모자, 부츠, 선글라스, 양산, 장갑"
-6,-10,비,남,코트,니트,기모바지,히트텍,"레인부츠, 목도리, 우산, 장갑, 핫팩"
10,7,흐림,남,자켓,긴팔티,청바지,얇은 이너,없음
24,19,흐림,남,자켓,긴팔티,면바지,없음,없음
35,37,비,남,얇은 가디건,반팔,면반바지,없음,"레인부츠, 모자, 선글라스, 양산, 우산"
25,27,흐림,여,얇은 가디건,민소매,치마,없음,"모자, 선글라스, 양산"
0,-1,흐림,남,코트,니트,기모바지,히트텍,"목도리, 장갑, 핫팩"
35,37,눈,여,없음,민소매,반바지,없음,"모자, 부츠, 선글라스, 양산, 장갑"
7,8,눈,여,패딩,기모후드,기모바지,히트텍,"부츠, 장갑"
10,9,비,남,자켓,맨투맨,청바지,얇은 이너,"레인부츠, 우산"
0,-1,흐림,여,패딩,기모후드,기모치마,히트텍,"목도리, 장갑, 핫팩"
-5,-2,비,여,롱패딩,기모후드,기모바지,히트텍,"레인부츠, 목도리, 우산, 장갑, 핫팩"
13,14,맑음,여,후드집업,맨투맨,청바지,없음,없음
0,2,흐림,남,패딩,히트텍,기모바지,히트텍,"목도리, 장갑, 핫팩"
18,19,흐림,여,가디건,후드티,롱스커트,없음,없음
-2,-4,비,여,코트,기모후드,기모바지,히트텍,"레인부츠, 목도리, 우산, 장갑, 핫팩"
-7,-8,비,남,코트,기모후드,기모청바지,히트텍,"레인부츠, 목도리, 우산, 장갑, 핫팩"
12,11,흐림,여,후드집업,후드티,롱스커트,얇은 이너,없음
-3,-8,흐림,여,롱패딩,니트,기모바지,히트텍,"목도리, 장갑, 핫팩"
12,7,비,남,가디건,맨투맨,청바지,얇은 이너,"레인부츠, 우산"
-7,-9,비,여,코트,히트텍,기모바지,히트텍,"레인부츠, 목도리, 우산, 장갑, 핫팩"
31,26,맑음,남,얇은 가디건,민소매,반바지,없음,"모자, 선글라스, 양산"
-8,-9,눈,여,패딩,기모후드,기모레깅스,히트텍,"목도리, 부츠, 장갑, 핫팩"
35,30,흐림,여,없음,반팔,반바지,없음,"모자, 선글라스, 양산"
-5,-3,눈,남,롱패딩,기모후드,기모청바지,히트텍,"목도리, 부츠, 장갑, 핫팩"
9,7,비,남,패딩,히트텍,기모바지,히트텍,"레인부츠, 우산"
12,8,비,남,가디건,맨투맨,슬랙스,얇은 이너,"레인부츠, 우산"
19,19,비,남,가디건,긴팔티,슬랙스,얇은 이너,"레인부츠, 우산"
18,14,흐림,여,후드집업,맨투맨,청바지,얇은 이너,없음
10,10,흐림,남,자켓,긴팔티,청바지,얇은 이너,없음
25,28,비,남,없음,반팔,반바지,없음,"레인부츠, 모자, 선글라스, 양산, 우산"
-3,-8,맑음,여,패딩,히트텍,기모레깅스,히트텍,"목도리, 장갑, 핫팩"
32,31,맑음,남,없음,민소매,반바지,없음,"모자, 선글라스, 양산"
30,27,눈,남,없음,반팔,반바지,없음,"모자, 부츠, 선글라스, 양산, 장갑"
23,21,흐림,남,후드집업,긴팔티,청바지,없음,없음
17,15,비,여,자켓,후드티,롱스커트,얇은 이너,"레인부츠, 우산"
-2,-6,비,남,패딩,기모후드,기모바지,히트텍,"레인부츠, 목도리, 우산, 장갑, 핫팩"
14,9,맑음,남,자켓,맨투맨,슬랙스,얇은 이너,없음
9,4,맑음,남,롱패딩,기모후드,기모바지,히트텍,없음
-2,-5,눈,여,코트,기모후드,기모바지,히트텍,"목도리, 부츠, 장갑, 핫팩"
-10,-11,비,남,롱패딩,히트텍,기모청바지,히트텍,"레인부츠, 목도리, 우산, 장갑, 핫팩"
30,33,눈,여,없음,민소매,치마,없음,"모자, 부츠, 선글라스, 양산, 장갑"
22,17,흐림,여,후드집업,후드티,청바지,없음,없음
23,22,맑음,여,자켓,맨투맨,슬랙스,없음,없음
11,13,흐림,남,가디건,맨투맨,슬랙스,없음,없음
-8,-12,흐림,여,패딩,기모후드,기모레깅스,히트텍,"목도리, 장갑, 핫팩"
-2,-6,눈,여,롱패딩,기모후드,기모치마,히트텍,"목도리, 부츠, 장갑, 핫팩"
26,23,눈,여,없음,반팔,반바지,없음,"모자, 부츠, 선글라스, 양산, 장갑"
33,34,맑음,여,없음,민소매,반바지,없음,"모자, 선글라스, 양산"
11,7,맑음,여,후드집업,긴팔티,롱스커트,얇은 이너,없음
8,7,맑음,여,코트,히트텍,기모바지,히트텍,없음
21,22,맑음,여,가디건,긴팔티,청바지,얇은 이너,없음
0,0,눈,여,코트,니트,기모바지,히트텍,"목도리, 부츠, 장갑, 핫팩"
6,6,흐림,남,코트,기모후드,기모바지,히트텍,없음
-7,-5,비,여,롱패딩,히트텍,기모치마,히트텍,"레인부츠, 목도리, 우산, 장갑, 핫팩"
-8,-7,눈,여,코트,니트,기모치마,히트텍,"목도리, 부츠, 장갑, 핫팩"
14,9,비,여,후드집업,긴팔티,청바지,없음,"레인부츠, 우산"
34,33,흐림,남,얇은 가디건,반팔,반바지,없음,"모자, 선글라스, 양산"
35,34,눈,남,얇은 가디건,반팔,면반바지,없음,"모자, 부츠, 선글라스, 양산, 장갑"
-5,-10,눈,남,롱패딩,히트텍,기모바지,히트텍,"목도리, 부츠, 장갑, 핫팩"
22,21,흐림,여,자켓,맨투맨,롱스커트,얇은 이너,없음
13,12,눈,남,후드집업,후드티,면바지,없음,"부츠, 장갑"
31,28,비,남,없음,반팔,면반바지,없음,"레인부츠, 모자, 선글라스, 양산, 우산"
8,7,흐림,남,롱패딩,기모후드,기모청바지,히트텍,없음
17,14,맑음,남,후드집업,후드티,면바지,얇은 이너,없음
23,23,눈,남,후드집업,맨투맨,면바지,없음,"부츠, 장갑"
24,20,눈,여,가디건,맨투맨,청바지,없음,"부츠, 장갑"
24,20,비,여,자켓,후드티,청바지,없음,"레인부츠, 우산"
17,14,흐림,여,가디건,긴팔티,슬랙스,없음,없음
21,22,눈,여,자켓,긴팔티,청바지,없음,"부츠, 장갑"
21,16,맑음,여,자켓,맨투맨,청바지,얇은 이너,없음
35,30,흐림,여,얇은 가디건,반팔,치마,없음,"모자, 선글라스, 양산"
-5,-9,흐림,남,패딩,히트텍,기모바지,히트텍,"목도리, 장갑, 핫팩"
16,13,맑음,여,후드집업,긴팔티,청바지,얇은 이너,없음
-8,-13,흐림,여,패딩,니트,기모바지,히트텍,"목도리, 장갑, 핫팩"
-9,-14,비,남,패딩,니트,기모바지,히트텍,"레인부츠, 목도리, 우산, 장갑, 핫팩"
-4,-1,맑음,여,롱패딩,니트,기모바지,히트텍,"목도리, 장갑, 핫팩"
17,17,흐림,남,가디건,맨투맨,면바지,얇은 이너,없음
12,15,흐림,여,후드집업,긴팔티,롱스커트,없음,없음
12,7,눈,여,후드집업,맨투맨,청바지,없음,"부츠, 장갑"
5,0,흐림,여,코트,히트텍,기모레깅스,히트텍,"목도리, 장갑, 핫팩"
35,37,흐림,남,없음,반팔,면반바지,없음,"모자, 선글라스, 양산"
-6,-5,눈,남,코트,니트,기모바지,히트텍,"목도리, 부츠, 장갑, 핫팩"
11,6,흐림,여,가디건,긴팔티,청바지,없음,없음
29,24,비,남,얇은 가디건,민소매,반바지,없음,"레인부츠, 모자, 선글라스, 양산, 우산"
2,4,비,여,롱패딩,기모후드,기모치마,히트텍,"레인부츠, 목도리, 우산, 장갑, 핫팩"
17,20,맑음,여,자켓,맨투맨,청바지,얇은 이너,없음
0,0,맑음,남,코트,기모후드,기모청바지,히트텍,"목도리, 장갑, 핫팩"
7,2,눈,남,롱패딩,니트,기모청바지,히트텍,"부츠, 장갑"
0,3,비,여,코트,니트,기모레깅스,히트텍,"레인부츠, 목도리, 우산, 장갑, 핫팩"
7,7,눈,여,코트,기모후드,기모레깅스,히트텍,"부츠, 장갑"
34,36,비,여,얇은 가디건,민소매,반바지,없음,"레인부츠, 모자, 선글라스, 양산, 우산"
30,30,흐림,여,얇은 가디건,반팔,치마,없음,"모자, 선글라스, 양산"
5,7,비,남,롱패딩,니트,기모청바지,히트텍,"레인부츠, 목도리, 우산, 장갑, 핫팩"
3,-1,눈,남,코트,니트,기모청바지,히트텍,"목도리, 부츠, 장갑, 핫팩"
23,26,눈,여,후드집업,후드티,롱스커트,없음,"부츠, 장갑"
5,4,흐림,여,패딩,히트텍,기모치마,히트텍,"목도리, 장갑, 핫팩"
-1,0,맑음,남,패딩,히트텍,기모바지,히트텍,"목도리, 장갑, 핫팩"
-2,1,맑음,남,패딩,니트,기모청바지,히트텍,"목도리, 장갑, 핫팩"
7,4,눈,남,롱패딩,기모후드,기모청바지,히트텍,"부츠, 장갑"
23,19,비,남,자켓,후드티,면바지,없음,"레인부츠, 우산"
19,19,비,여,가디건,맨투맨,롱스커트,없음,"레인부츠, 우산"
-5,-7,비,남,롱패딩,니트,기모바지,히트텍,"레인부츠, 목도리, 우산, 장갑, 핫팩"
18,13,비,여,후드집업,긴팔티,청바지,얇은 이너,"레인부츠, 우산"
29,30,비,여,없음,반팔,반바지,없음,"레인부츠, 모자, 선글라스, 양산, 우산"
0,-2,눈,여,패딩,니트,기모바지,히트텍,"목도리, 부츠, 장갑, 핫팩"
3,-1,흐림,남,패딩,히트텍,기모청바지,히트텍,"목도리, 장갑, 핫팩"
26,25,흐림,여,없음,민소매,반바지,없음,"모자, 선글라스, 양산"
5,2,비,여,패딩,기모후드,기모바지,히트텍,"레인부츠, 목도리, 우산, 장갑, 핫팩"
22,20,맑음,여,자켓,맨투맨,롱스커트,얇은 이너,없음
23,24,비,남,가디건,긴팔티,슬랙스,얇은 이너,"레인부츠, 우산"
8,11,눈,여,코트,니트,기모치마,히트텍,"부츠, 장갑"
-2,-2,맑음,남,패딩,기모후드,기모바지,히트텍,"목도리, 장갑, 핫팩"
13,10,눈,여,후드집업,후드티,슬랙스,얇은 이너,"부츠, 장갑"
3,1,맑음,여,롱패딩,기모후드,기모레깅스,히트텍,"목도리, 장갑, 핫팩"
18,20,흐림,남,가디건,긴팔티,슬랙스,없음,없음
19,18,비,남,자켓,후드티,면바지,얇은 이너,"레인부츠, 우산"
16,17,흐림,여,자켓,긴팔티,슬랙스,없음,없음
35,37,흐림,여,없음,민소매,치마,없음,"모자, 선글라스, 양산"
27,22,비,남,얇은 가디건,민소매,면반바지,없음,"레인부츠, 모자, 선글라스, 양산, 우산"
1,-1,눈,여,롱패딩,니트,기모바지,히트텍,"목도리, 부츠, 장갑, 핫팩"
34,32,흐림,남,얇은 가디건,민소매,면반바지,없음,"모자, 선글라스, 양산"
4,7,흐림,남,코트,히트텍,기모청바지,히트텍,"목도리, 장갑, 핫팩"
-3,-3,비,남,패딩,니트,기모청바지,히트텍,"레인부츠, 목도리, 우산, 장갑, 핫팩"
28,29,흐림,여,없음,반팔,치마,없음,"모자, 선글라스, 양산"
34,33,비,남,없음,민소매,면반바지,없음,"레인부츠, 모자, 선글라스, 양산, 우산"
3,5,비,여,롱패딩,기모후드,기모치마,히트텍,"레인부츠, 목도리, 우산, 장갑, 핫팩"
14,15,맑음,남,후드집업,후드티,면바지,얇은 이너,없음
31,33,흐림,여,없음,반팔,치마,없음,"모자, 선글라스, 양산"
12,14,흐림,여,후드집업,맨투맨,슬랙스,없음,없음
5,6,맑음,남,패딩,니트,기모청바지,히트텍,"목도리, 장갑, 핫팩"
25,22,눈,남,얇은 가디건,반팔,면반바지,없음,"모자, 부츠, 선글라스, 양산, 장갑"
25,23,맑음,남,얇은 가디건,반팔,반바지,없음,"모자, 선글라스, 양산"
-4,-5,흐림,여,롱패딩,히트텍,기모바지,히트텍,"목도리, 장갑, 핫팩"
31,29,눈,여,없음,반팔,반바지,없음,"모자, 부츠, 선글라스, 양산, 장갑"
28,25,눈,여,없음,반팔,치마,없음,"모자, 부츠, 선글라스, 양산, 장갑"
0,3,흐림,남,코트,기모후드,기모청바지,히트텍,"목도리, 장갑, 핫팩"
-3,-8,맑음,여,코트,히트텍,기모레깅스,히트텍,"목도리, 장갑, 핫팩"
26,29,눈,여,얇은 가디건,반팔,치마,없음,"모자, 부츠, 선글라스, 양산, 장갑"
25,22,눈,여,얇은 가디건,반팔,치마,없음,"모자, 부츠, 선글라스, 양산, 장갑"
19,22,눈,여,자켓,긴팔티,청바지,없음,"부츠, 장갑"
20,15,맑음,여,가디건,긴팔티,청바지,얇은 이너,없음
-7,-12,비,여,코트,기모후드,기모레깅스,히트텍,"레인부츠, 목도리, 우산, 장갑, 핫팩"
-5,-3,눈,남,패딩,히트텍,기모바지,히트텍,"목도리, 부츠, 장갑, 핫팩"
-1,2,맑음,남,패딩,니트,기모청바지,히트텍,"목도리, 장갑, 핫팩"
-5,-3,맑음,남,코트,니트,기모청바지,히트텍,"목도리, 장갑, 핫팩"
-10,-13,눈,남,롱패딩,니트,기모청바지,히트텍,"목도리, 부츠, 장갑, 핫팩"
21,16,맑음,남,자켓,맨투맨,면바지,없음,없음
26,28,흐림,여,없음,반팔,치마,없음,"모자, 선글라스, 양산"
33,33,맑음,남,얇은 가디건,반팔,반바지,없음,"모자, 선글라스, 양산"
17,16,눈,여,후드집업,긴팔티,롱스커트,얇은 이너,"부츠, 장갑"
-5,-4,맑음,남,롱패딩,기모후드,기모청바지,히트텍,"목도리, 장갑, 핫팩"
26,24,비,남,없음,반팔,면반바지,없음,"레인부츠, 모자, 선글라스, 양산, 우산"
24,22,맑음,남,자켓,후드티,면바지,얇은 이너,없음
0,2,눈,남,코트,기모후드,기모청바지,히트텍,"목도리, 부츠, 장갑, 핫팩"
13,16,흐림,남,자켓,긴팔티,면바지,얇은 이너,없음
16,14,비,여,자켓,후드티,롱스커트,얇은 이너,"레인부츠, 우산"
27,27,흐림,남,없음,민소매,반바지,없음,"모자, 선글라스, 양산"
14,17,흐림,여,자켓,긴팔티,청바지,얇은 이너,없음
24,24,흐림,여,가디건,맨투맨,청바지,얇은 이너,없음
29,29,눈,여,없음,반팔,반바지,없음,"모자, 부츠, 선글라스, 양산, 장갑"
-5,-4,비,남,롱패딩,니트,기모바지,히트텍,"레인부츠, 목도리, 우산, 장갑, 핫팩"
34,31,맑음,남,없음,반팔,면반바지,없음,"모자, 선글라스, 양산"
17,18,눈,여,후드집업,긴팔티,청바지,얇은 이너,"부츠, 장갑"
-8,-5,비,남,롱패딩,기모후드,기모청바지,히트텍,"레인부츠, 목도리, 우산, 장갑, 핫팩"
31,28,눈,남,없음,반팔,반바지,없음,"모자, 부츠, 선글라스, 양산, 장갑"
26,28,비,여,얇은 가디건,민소매,치마,없음,"레인부츠, 모자, 선글라스, 양산, 우산"
33,36,흐림,여,얇은 가디건,민소매,반바지,없음,"모자, 선글라스, 양산"
17,13,눈,남,가디건,후드티,슬랙스,없음,"부츠, 장갑"
28,23,비,남,얇은 가디건,반팔,면반바지,없음,"레인부츠, 모자, 선글라스, 양산, 우산"
2,-1,맑음,남,코트,니트,기모청바지,히트텍,"목도리, 장갑, 핫팩"
4,2,맑음,여,코트,히트텍,기모레깅스,히트텍,"목도리, 장갑, 핫팩"
28,24,흐림,여,없음,반팔,반바지,없음,"모자, 선글라스, 양산"
18,14,흐림,여,후드집업,맨투맨,청바지,없음,없음
8,3,맑음,여,롱패딩,니트,기모치마,히트텍,없음
22,18,흐림,남,가디건,맨투맨,슬랙스,얇은 이너,없음
2,4,눈,여,롱패딩,기모후드,기모레깅스,히트텍,"목도리, 부츠, 장갑, 핫팩"
15,10,흐림,여,후드집업,맨투맨,슬랙스,없음,없음
-3,-3,흐림,남,코트,히트텍,기모청바지,히트텍,"목도리, 장갑, 핫팩"
12,10,눈,여,자켓,후드티,슬랙스,얇은 이너,"부츠, 장갑"
8,11,눈,여,패딩,기모후드,기모치마,히트텍,"부츠, 장갑"
13,13,눈,여,후드집업,후드티,청바지,얇은 이너,"부츠, 장갑"
11,9,맑음,남,자켓,후드티,청바지,얇은 이너,없음
22,19,흐림,여,후드집업,긴팔티,슬랙스,없음,없음
4,7,맑음,여,코트,니트,기모바지,히트텍,"목도리, 장갑, 핫팩"
15,18,맑음,여,자켓,긴팔티,슬랙스,얇은 이너,없음
15,10,눈,여,가디건,후드티,롱스커트,없음,"부츠, 장갑"
4,1,흐림,여,롱패딩,히트텍,기모레깅스,히트텍,"목도리, 장갑, 핫팩"
35,34,맑음,남,없음,민소매,면반바지,없음,"모자, 선글라스, 양산"
31,27,흐림,남,얇은 가디건,반팔,반바지,없음,"모자, 선글라스, 양산"
-7,-7,눈,남,코트,기모후드,기모바지,히트텍,"목도리, 부츠, 장갑, 핫팩"
15,14,맑음,남,자켓,후드티,슬랙스,얇은 이너,없음
7,10,비,여,코트,니트,기모치마,히트텍,"레인부츠, 우산"
30,31,맑음,여,없음,반팔,반바지,없음,"모자, 선글라스, 양산"
34,31,눈,남,없음,민소매,면반바지,없음,"모자, 부츠, 선글라스, 양산, 장갑"
26,27,눈,남,얇은 가디건,민소매,면반바지,없음,"모자, 부츠, 선글라스, 양산, 장갑"
34,33,흐림,여,없음,반팔,치마,없음,"모자, 선글라스, 양산"
5,2,눈,남,코트,기모후드,기모청바지,히트텍,"목도리, 부츠, 장갑, 핫팩"
5,4,눈,남,롱패딩,니트,기모청바지,히트텍,"목도리, 부츠, 장갑, 핫팩"
10,8,눈,여,가디건,맨투맨,슬랙스,없음,"부츠, 장갑"
27,23,눈,여,얇은 가디건,반팔,반바지,없음,"모자, 부츠, 선글라스, 양산, 장갑"
33,33,비,여,없음,민소매,치마,없음,"레인부츠, 모자, 선글라스, 양산, 우산"
22,20,눈,여,가디건,후드티,슬랙스,얇은 이너,"부츠, 장갑"
-10,-15,맑음,남,롱패딩,니트,기모청바지,히트텍,"목도리, 장갑, 핫팩"
3,4,비,여,롱패딩,기모후드,기모바지,히트텍,"레인부츠, 목도리, 우산, 장갑, 핫팩"
-5,-5,비,남,롱패딩,히트텍,기모청바지,히트텍,"레인부츠, 목도리, 우산, 장갑, 핫팩"
-9,-10,흐림,남,코트,기모후드,기모바지,히트텍,"목도리, 장갑, 핫팩"
-3,-2,눈,여,패딩,히트텍,기모레깅스,히트텍,"목도리, 부츠, 장갑, 핫팩"
19,19,맑음,남,가디건,긴팔티,청바지,없음,없음
-8,-6,흐림,남,롱패딩,히트텍,기모청바지,히트텍,"목도리, 장갑, 핫팩"
14,11,눈,남,자켓,맨투맨,슬랙스,얇은 이너,"부츠, 장갑"
0,-1,비,남,패딩,니트,기모바지,히트텍,"레인부츠, 목도리, 우산, 장갑, 핫팩"
31,32,흐림,여,얇은 가디건,민소매,반바지,없음,"모자, 선글라스, 양산"
27,28,흐림,남,얇은 가디건,반팔,면반바지,없음,"모자, 선글라스, 양산"
33,29,흐림,남,얇은 가디건,반팔,면반바지,없음,"모자, 선글라스, 양산"
3,3,눈,여,코트,니트,기모레깅스,히트텍,"목도리, 부츠, 장갑, 핫팩"
31,27,비,여,없음,민소매,반바지,없음,"레인부츠, 모자, 선글라스, 양산, 우산"
18,19,눈,남,자켓,맨투맨,슬랙스,얇은 이너,"부츠, 장갑"
9,6,비,남,패딩,니트,기모청바지,히트텍,"레인부츠, 우산"
0,1,맑음,남,패딩,기모후드,기모바지,히트텍,"목도리, 장갑, 핫팩"
27,29,비,여,없음,민소매,반바지,없음,"레인부츠, 모자, 선글라스, 양산, 우산"
2,-1,흐림,여,롱패딩,히트텍,기모바지,히트텍,"목도리, 장갑, 핫팩"
14,14,흐림,남,자켓,맨투맨,슬랙스,없음,없음
27,27,눈,남,없음,민소매,반바지,없음,"모자, 부츠, 선글라스, 양산, 장갑"
20,18,눈,남,후드집업,후드티,면바지,없음,"부츠, 장갑"
15,12,비,여,자켓,후드티,롱스커트,없음,"레인부츠, 우산"
8,4,맑음,남,코트,니트,기모청바지,히트텍,없음
35,34,흐림,남,없음,반팔,면반바지,없음,"모자, 선글라스, 양산"
5,0,비,여,패딩,히트텍,기모레깅스,히트텍,"레인부츠, 목도리, 우산, 장갑, 핫팩"
22,24,맑음,남,후드집업,후드티,면바지,없음,없음
-10,-14,흐림,남,패딩,니트,기모바지,히트텍,"목도리, 장갑, 핫팩"
13,15,맑음,남,후드집업,맨투맨,면바지,얇은 이너,없음
9,7,맑음,남,코트,기모후드,기모바지,히트텍,없음
11,10,비,여,자켓,긴팔티,슬랙스,얇은 이너,"레인부츠, 우산"
-9,-9,흐림,여,패딩,히트텍,기모치마,히트텍,"목도리, 장갑, 핫팩"
7,9,눈,여,코트,기모후드,기모레깅스,히트텍,"부츠, 장갑"
23,18,맑음,남,자켓,긴팔티,청바지,없음,없음
-5,-6,흐림,남,패딩,히트텍,기모청바지,히트텍,"목도리, 장갑, 핫팩"
-4,-8,흐림,남,코트,니트,기모청바지,히트텍,"목도리, 장갑, 핫팩"
5,8,맑음,남,패딩,니트,기모바지,히트텍,"목도리, 장갑, 핫팩"
33,36,흐림,남,없음,민소매,반바지,없음,"모자, 선글라스, 양산"
12,14,비,남,자켓,후드티,면바지,얇은 이너,"레인부츠, 우산"
23,25,눈,여,가디건,후드티,슬랙스,없음,"부츠, 장갑"
32,27,눈,여,얇은 가디건,민소매,치마,없음,"모자, 부츠, 선글라스, 양산, 장갑"
-9,-13,맑음,남,코트,니트,기모청바지,히트텍,"목도리, 장갑, 핫팩"
4,4,흐림,여,롱패딩,기모후드,기모치마,히트텍,"목도리, 장갑, 핫팩"
5,8,맑음,남,롱패딩,히트텍,기모바지,히트텍,"목도리, 장갑, 핫팩"
-5,-7,맑음,남,롱패딩,니트,기모바지,히트텍,"목도리, 장갑, 핫팩"
8,5,맑음,남,코트,니트,기모청바지,히트텍,없음
29,26,비,여,얇은 가디건,민소매,반바지,없음,"레인부츠, 모자, 선글라스, 양산, 우산"
9,10,흐림,남,코트,기모후드,기모청바지,히트텍,없음
15,16,비,여,가디건,긴팔티,청바지,얇은 이너,"레인부츠, 우산"
28,26,비,남,얇은 가디건,반팔,면반바지,없음,"레인부츠, 모자, 선글라스, 양산, 우산"
35,34,비,남,없음,반팔,반바지,없음,"레인부츠, 모자, 선글라스, 양산, 우산"
-4,-6,맑음,남,코트,히트텍,기모바지,히트텍,"목도리, 장갑, 핫팩"
19,16,흐림,남,가디건,후드티,슬랙스,얇은 이너,없음
33,28,흐림,남,없음,민소매,반바지,없음,"모자, 선글라스, 양산"
-6,-4,흐림,여,롱패딩,히트텍,기모바지,히트텍,"목도리, 장갑, 핫팩"
-7,-9,비,여,패딩,히트텍,기모바지,히트텍,"레인부츠, 목도리, 우산, 장갑, 핫팩"
2,4,맑음,남,롱패딩,기모후드,기모바지,히트텍,"목도리, 장갑, 핫팩"
20,23,맑음,여,가디건,긴팔티,슬랙스,없음,없음
11,10,맑음,여,후드집업,긴팔티,슬랙스,얇은 이너,없음
17,15,눈,남,후드집업,긴팔티,슬랙스,없음,"부츠, 장갑"
30,29,눈,남,얇은 가디건,반팔,면반바지,없음,"모자, 부츠, 선글라스, 양산, 장갑"
23,20,눈,여,후드집업,후드티,청바지,얇은 이너,"부츠, 장갑"
23,24,비,남,가디건,맨투맨,면바지,없음,"레인부츠, 우산"
-1,-6,비,남,코트,니트,기모청바지,히트텍,"레인부츠, 목도리, 우산, 장갑, 핫팩"
20,21,맑음,남,후드집업,긴팔티,면바지,얇은 이너,없음
25,21,맑음,남,없음,민소매,반바지,없음,"모자, 선글라스, 양산"
20,21,눈,남,자켓,맨투맨,슬랙스,없음,"부츠, 장갑"
-10,-15,흐림,여,코트,기모후드,기모레깅스,히트텍,"목도리, 장갑, 핫팩"
35,32,비,남,얇은 가디건,반팔,반바지,없음,"레인부츠, 모자, 선글라스, 양산, 우산"
3,4,눈,여,롱패딩,기모후드,기모치마,히트텍,"목도리, 부츠, 장갑, 핫팩"
15,13,눈,남,가디건,후드티,슬랙스,얇은 이너,"부츠, 장갑"
-10,-15,맑음,남,패딩,니트,기모청바지,히트텍,"목도리, 장갑, 핫팩"
-4,-5,눈,남,패딩,기모후드,기모바지,히트텍,"목도리, 부츠, 장갑, 핫팩"
-6,-8,눈,남,코트,히트텍,기모바지,히트텍,"목도리, 부츠, 장갑, 핫팩"
3,3,눈,여,패딩,기모후드,기모레깅스,히트텍,"목도리, 부츠, 장갑, 핫팩"
11,8,비,여,후드집업,후드티,슬랙스,얇은 이너,"레인부츠, 우산"
24,25,눈,남,후드집업,맨투맨,청바지,얇은 이너,"부츠, 장갑"
-7,-10,눈,여,코트,기모후드,기모레깅스,히트텍,"목도리, 부츠, 장갑, 핫팩"
6,8,맑음,남,패딩,히트텍,기모청바지,히트텍,없음
19,21,비,여,후드집업,맨투맨,슬랙스,얇은 이너,"레인부츠, 우산"
28,26,눈,여,얇은 가디건,반팔,반바지,없음,"모자, 부츠, 선글라스, 양산, 장갑"
23,18,흐림,여,가디건,후드티,청바지,얇은 이너,없음
10,8,맑음,남,자켓,맨투맨,청바지,없음,없음
-6,-5,비,여,패딩,니트,기모레깅스,히트텍,"레인부츠, 목도리, 우산, 장갑, 핫팩"
25,25,비,남,얇은 가디건,반팔,면반바지,없음,"레인부츠, 모자, 선글라스, 양산, 우산"
3,0,비,남,패딩,히트텍,기모청바지,히트텍,"레인부츠, 목도리, 우산, 장갑, 핫팩"
-8,-7,맑음,남,코트,기모후드,기모청바지,히트텍,"목도리, 장갑, 핫팩"
-1,1,흐림,남,패딩,기모후드,기모청바지,히트텍,"목도리, 장갑, 핫팩"
35,34,맑음,남,얇은 가디건,반팔,면반바지,없음,"모자, 선글라스, 양산"
23,18,눈,여,자켓,긴팔티,슬랙스,없음,"부츠, 장갑"
7,9,비,남,코트,니트,기모청바지,히트텍,"레인부츠, 우산"
5,4,눈,여,패딩,기모후드,기모레깅스,히트텍,"목도리, 부츠, 장갑, 핫팩"
33,35,흐림,여,얇은 가디건,민소매,반바지,없음,"모자, 선글라스, 양산"
31,33,맑음,남,얇은 가디건,민소매,반바지,없음,"모자, 선글라스, 양산"
26,21,흐림,남,얇은 가디건,반팔,면반바지,없음,"모자, 선글라스, 양산"
-3,-2,흐림,여,롱패딩,기모후드,기모치마,히트텍,"목도리, 장갑, 핫팩"
-5,-7,흐림,여,코트,히트텍,기모치마,히트텍,"목도리, 장갑, 핫팩"
3,-2,흐림,남,패딩,기모후드,기모바지,히트텍,"목도리, 장갑, 핫팩"
21,20,비,남,후드집업,맨투맨,면바지,없음,"레인부츠, 우산"
-3,-1,맑음,남,롱패딩,히트텍,기모청바지,히트텍,"목도리, 장갑, 핫팩"
-6,-3,눈,남,코트,니트,기모청바지,히트텍,"목도리, 부츠, 장갑, 핫팩"
-4,-5,맑음,남,패딩,히트텍,기모바지,히트텍,"목도리, 장갑, 핫팩"
17,17,맑음,남,후드집업,긴팔티,청바지,얇은 이너,없음
20,21,눈,남,가디건,후드티,면바지,없음,"부츠, 장갑"
8,7,비,여,롱패딩,니트,기모치마,히트텍,"레인부츠, 우산"
13,16,비,여,자켓,긴팔티,청바지,얇은 이너,"레인부츠, 우산"
23,24,맑음,남,자켓,맨투맨,면바지,얇은 이너,없음
23,25,비,남,자켓,후드티,청바지,없음,"레인부츠, 우산"
-7,-7,흐림,여,패딩,니트,기모치마,히트텍,"목도리, 장갑, 핫팩"
-5,-2,흐림,여,패딩,히트텍,기모바지,히트텍,"목도리, 장갑, 핫팩"
-7,-9,맑음,남,패딩,니트,기모청바지,히트텍,"목도리, 장갑, 핫팩"
12,9,맑음,남,가디건,맨투맨,면바지,얇은 이너,없음
26,25,맑음,남,얇은 가디건,민소매,반바지,없음,"모자, 선글라스, 양산"
14,17,흐림,남,자켓,후드티,슬랙스,얇은 이너,없음
31,31,눈,남,얇은 가디건,민소매,반바지,없음,"모자, 부츠, 선글라스, 양산, 장갑"
22,20,맑음,남,후드집업,맨투맨,청바지,없음,없음
28,26,비,남,없음,민소매,반바지,없음,"레인부츠, 모자, 선글라스, 양산, 우산"
-7,-8,눈,여,코트,니트,기모바지,히트텍,"목도리, 부츠, 장갑, 핫팩"
10,8,눈,여,후드집업,맨투맨,청바지,없음,"부츠, 장갑"
35,35,눈,여,없음,민소매,치마,없음,"모자, 부츠, 선글라스, 양산, 장갑"
27,29,비,여,얇은 가디건,반팔,치마,없음,"레인부츠, 모자, 선글라스, 양산, 우산"
1,1,맑음,여,패딩,기모후드,기모치마,히트텍,"목도리, 장갑, 핫팩"
-2,-4,비,남,롱패딩,기모후드,기모바지,히트텍,"레인부츠, 목도리, 우산, 장갑, 핫팩"
34,35,맑음,남,얇은 가디건,민소매,면반바지,없음,"모자, 선글라스, 양산"
22,17,눈,여,후드집업,후드티,슬랙스,얇은 이너,"부츠, 장갑"
20,19,비,남,후드집업,후드티,면바지,없음,"레인부츠, 우산"
23,25,비,여,자켓,후드티,청바지,없음,"레인부츠, 우산"
-2,0,눈,남,롱패딩,니트,기모바지,히트텍,"목도리, 부츠, 장갑, 핫팩"
-5,-8,비,남,패딩,니트,기모청바지,히트텍,"레인부츠, 목도리, 우산, 장갑, 핫팩"
17,17,맑음,여,자켓,맨투맨,롱스커트,얇은 이너,없음
29,31,눈,남,얇은 가디건,반팔,면반바지,없음,"모자, 부츠, 선글라스, 양산, 장갑"
0,-1,눈,여,패딩,히트텍,기모치마,히트텍,"목도리, 부츠, 장갑, 핫팩"
-3,-4,맑음,남,패딩,기모후드,기모바지,히트텍,"목도리, 장갑, 핫팩"
9,8,흐림,남,패딩,기모후드,기모바지,히트텍,없음
14,10,흐림,여,자켓,후드티,슬랙스,얇은 이너,없음
-9,-13,맑음,남,코트,히트텍,기모청바지,히트텍,"목도리, 장갑, 핫팩"
3,-1,흐림,남,롱패딩,히트텍,기모바지,히트텍,"목도리, 장갑, 핫팩"
-7,-6,맑음,남,롱패딩,기모후드,기모바지,히트텍,"목도리, 장갑, 핫팩"
-7,-12,눈,여,코트,히트텍,기모치마,히트텍,"목도리, 부츠, 장갑, 핫팩"
21,17,흐림,여,가디건,후드티,슬랙스,없음,없음
3,0,눈,남,코트,니트,기모바지,히트텍,"목도리, 부츠, 장갑, 핫팩"
-4,-1,맑음,남,코트,니트,기모청바지,히트텍,"목도리, 장갑, 핫팩"
8,5,눈,여,코트,히트텍,기모치마,히트텍,"부츠, 장갑"
25,25,흐림,여,얇은 가디건,반팔,치마,없음,"모자, 선글라스, 양산"
-3,-7,눈,남,롱패딩,히트텍,기모바지,히트텍,"목도리, 부츠, 장갑, 핫팩"
7,10,눈,여,패딩,니트,기모치마,히트텍,"부츠, 장갑"
-3,-5,비,남,코트,히트텍,기모청바지,히트텍,"레인부츠, 목도리, 우산, 장갑, 핫팩"
13,16,맑음,남,자켓,맨투맨,면바지,없음,없음
14,10,눈,남,자켓,긴팔티,청바지,없음,"부츠, 장갑"
30,32,비,여,얇은 가디건,민소매,치마,없음,"레인부츠, 모자, 선글라스, 양산, 우산"
6,6,흐림,남,코트,히트텍,기모바지,히트텍,없음
19,19,흐림,남,가디건,후드티,슬랙스,얇은 이너,없음
35,31,비,여,얇은 가디건,반팔,반바지,없음,"레인부츠, 모자, 선글라스, 양산, 우산"
25,20,맑음,남,없음,민소매,반바지,없음,"모자, 선글라스, 양산"
15,12,흐림,남,가디건,후드티,면바지,없음,없음
13,8,비,남,자켓,맨투맨,면바지,없음,"레인부츠, 우산"
26,29,맑음,여,없음,반팔,반바지,없음,"모자, 선글라스, 양산"
-3,-4,흐림,여,패딩,기모후드,기모치마,히트텍,"목도리, 장갑, 핫팩"
-3,-4,눈,여,패딩,니트,기모치마,히트텍,"목도리, 부츠, 장갑, 핫팩"
30,28,비,여,얇은 가디건,민소매,반바지,없음,"레인부츠, 모자, 선글라스, 양산, 우산"
4,4,비,남,코트,기모후드,기모바지,히트텍,"레인부츠, 목도리, 우산, 장갑, 핫팩"
22,19,맑음,남,자켓,긴팔티,면바지,얇은 이너,없음
21,20,눈,여,가디건,후드티,롱스커트,없음,"부츠, 장갑"
25,26,맑음,여,얇은 가디건,민소매,치마,없음,"모자, 선글라스, 양산"
34,33,눈,여,얇은 가디건,민소매,치마,없음,"모자, 부츠, 선글라스, 양산, 장갑"
24,26,흐림,여,자켓,긴팔티,슬랙스,없음,없음
-1,-3,흐림,여,패딩,기모후드,기모레깅스,히트텍,"목도리, 장갑, 핫팩"
25,23,맑음,남,없음,반팔,면반바지,없음,"모자, 선글라스, 양산"
18,17,흐림,여,가디건,긴팔티,롱스커트,얇은 이너,없음
-10,-10,눈,여,패딩,기모후드,기모바지,히트텍,"목도리, 부츠, 장갑, 핫팩"
16,14,맑음,여,자켓,후드티,슬랙스,얇은 이너,없음
-3,-5,비,남,패딩,기모후드,기모바지,히트텍,"레인부츠, 목도리, 우산, 장갑, 핫팩"
4,1,맑음,여,패딩,니트,기모치마,히트텍,"목도리, 장갑, 핫팩"
-4,-3,비,남,롱패딩,히트텍,기모바지,히트텍,"레인부츠, 목도리, 우산, 장갑, 핫팩"
34,30,맑음,남,없음,민소매,반바지,없음,"모자, 선글라스, 양산"
9,11,흐림,여,코트,니트,기모레깅스,히트텍,없음
14,9,비,여,가디건,후드티,롱스커트,없음,"레인부츠, 우산"
30,33,눈,여,없음,반팔,반바지,없음,"모자, 부츠, 선글라스, 양산, 장갑"
6,8,비,남,패딩,히트텍,기모바지,히트텍,"레인부츠, 우산"
10,7,눈,여,후드집업,후드티,슬랙스,얇은 이너,"부츠, 장갑"
-1,0,맑음,남,코트,니트,기모바지,히트텍,"목도리, 장갑, 핫팩"
29,27,눈,남,얇은 가디건,반팔,반바지,없음,"모자, 부츠, 선글라스, 양산, 장갑"
24,24,눈,여,후드집업,후드티,롱스커트,얇은 이너,"부츠, 장갑"
3,6,맑음,여,패딩,니트,기모치마,히트텍,"목도리, 장갑, 핫팩"
19,21,눈,여,가디건,맨투맨,슬랙스,없음,"부츠, 장갑"
30,26,비,여,얇은 가디건,민소매,반바지,없음,"레인부츠, 모자, 선글라스, 양산, 우산"
-9,-6,맑음,여,패딩,니트,기모바지,히트텍,"목도리, 장갑, 핫팩"
-2,-3,흐림,여,패딩,히트텍,기모바지,히트텍,"목도리, 장갑, 핫팩"
32,29,맑음,남,얇은 가디건,민소매,반바지,없음,"모자, 선글라스, 양산"
12,13,맑음,남,자켓,후드티,청바지,없음,없음
6,5,비,여,롱패딩,히트텍,기모바지,히트텍,"레인부츠, 우산"
7,8,흐림,여,패딩,히트텍,기모레깅스,히트텍,없음
9,5,흐림,남,코트,기모후드,기모바지,히트텍,없음
16,19,비,남,후드집업,후드티,청바지,얇은 이너,"레인부츠, 우산"
33,32,눈,남,얇은 가디건,민소매,반바지,없음,"모자, 부츠, 선글라스, 양산, 장갑"
13,9,맑음,남,가디건,긴팔티,면바지,얇은 이너,없음
-2,-4,비,남,코트,히트텍,기모바지,히트텍,"레인부츠, 목도리, 우산, 장갑, 핫팩"
10,5,눈,남,후드집업,후드티,청바지,얇은 이너,"부츠, 장갑"
1,-4,맑음,남,코트,히트텍,기모바지,히트텍,"목도리, 장갑, 핫팩"
31,31,비,여,없음,민소매,치마,없음,"레인부츠, 모자, 선글라스, 양산, 우산"
13,14,흐림,남,후드집업,후드티,슬랙스,없음,없음
18,14,비,남,자켓,맨투맨,청바지,얇은 이너,"레인부츠, 우산"
12,7,맑음,여,가디건,긴팔티,슬랙스,없음,없음
8,8,비,여,패딩,기모후드,기모레깅스,히트텍,"레인부츠, 우산"
27,29,흐림,여,없음,반팔,치마,없음,"모자, 선글라스, 양산"
21,17,맑음,남,자켓,후드티,슬랙스,얇은 이너,없음
11,14,흐림,여,가디건,후드티,슬랙스,없음,없음
-5,-2,맑음,여,롱패딩,히트텍,기모치마,히트텍,"목도리, 장갑, 핫팩"
1,-3,흐림,남,패딩,기모후드,기모바지,히트텍,"목도리, 장갑, 핫팩"
-6,-5,비,남,롱패딩,히트텍,기모청바지,히트텍,"레인부츠, 목도리, 우산, 장갑, 핫팩"
-10,-7,비,남,코트,기모후드,기모청바지,히트텍,"레인부츠, 목도리, 우산, 장갑, 핫팩"
-7,-4,흐림,남,패딩,기모후드,기모바지,히트텍,"목도리, 장갑, 핫팩"
14,17,맑음,여,후드집업,후드티,슬랙스,얇은 이너,없음
34,34,흐림,남,얇은 가디건,반팔,면반바지,없음,"모자, 선글라스, 양산"
15,14,흐림,남,후드집업,맨투맨,면바지,얇은 이너,없음
35,30,비,남,없음,반팔,면반바지,없음,"레인부츠, 모자, 선글라스, 양산, 우산"
13,11,눈,남,후드집업,맨투맨,청바지,얇은 이너,"부츠, 장갑"
-6,-5,흐림,남,패딩,니트,기모청바지,히트텍,"목도리, 장갑, 핫팩"
9,8,맑음,남,패딩,히트텍,기모바지,히트텍,없음
15,13,흐림,남,자켓,후드티,슬랙스,없음,없음
24,24,눈,남,후드집업,후드티,청바지,없음,"부츠, 장갑"
32,35,비,여,얇은 가디건,민소매,치마,없음,"레인부츠, 모자, 선글라스, 양산, 우산"
18,19,비,남,자켓,후드티,면바지,없음,"레인부츠, 우산"
20,22,맑음,남,자켓,후드티,면바지,없음,없음
-9,-10,흐림,남,패딩,니트,기모청바지,히트텍,"목도리, 장갑, 핫팩"
23,23,눈,여,후드집업,후드티,롱스커트,얇은 이너,"부츠, 장갑"
26,25,맑음,여,얇은 가디건,반팔,치마,없음,"모자, 선글라스, 양산"
13,10,눈,남,가디건,긴팔티,면바지,얇은 이너,"부츠, 장갑"
11,9,비,여,자켓,긴팔티,슬랙스,얇은 이너,"레인부츠, 우산"
31,29,비,여,얇은 가디건,반팔,치마,없음,"레인부츠, 모자, 선글라스, 양산, 우산"
-6,-7,비,남,롱패딩,니트,기모바지,히트텍,"레인부츠, 목도리, 우산, 장갑, 핫팩"
30,30,흐림,여,없음,민소매,치마,없음,"모자, 선글라스, 양산"
24,19,눈,여,후드집업,후드티,슬랙스,얇은 이너,"부츠, 장갑"
24,26,눈,여,후드집업,긴팔티,슬랙스,얇은 이너,"부츠, 장갑"
35,36,눈,남,얇은 가디건,민소매,반바지,없음,"모자, 부츠, 선글라스, 양산, 장갑"
20,23,흐림,남,가디건,맨투맨,청바지,얇은 이너,없음
-7,-10,눈,여,패딩,기모후드,기모치마,히트텍,"목도리, 부츠, 장갑, 핫팩"
26,21,비,남,얇은 가디건,반팔,면반바지,없음,"레인부츠, 모자, 선글라스, 양산, 우산"
16,12,눈,여,가디건,맨투맨,슬랙스,얇은 이너,"부츠, 장갑"
12,10,흐림,여,후드집업,맨투맨,청바지,얇은 이너,없음
22,25,눈,여,가디건,맨투맨,슬랙스,없음,"부츠, 장갑"
33,33,맑음,남,없음,민소매,반바지,없음,"모자, 선글라스, 양산"
1,4,비,여,코트,히트텍,기모레깅스,히트텍,"레인부츠, 목도리, 우산, 장갑, 핫팩"
-7,-11,맑음,남,패딩,히트텍,기모바지,히트텍,"목도리, 장갑, 핫팩"
26,21,흐림,여,없음,민소매,치마,없음,"모자, 선글라스, 양산"
-9,-11,흐림,남,롱패딩,기모후드,기모청바지,히트텍,"목도리, 장갑, 핫팩"
11,10,흐림,남,후드집업,긴팔티,청바지,얇은 이너,없음
8,10,흐림,남,패딩,기모후드,기모청바지,히트텍,없음
30,30,맑음,남,얇은 가디건,민소매,면반바지,없음,"모자, 선글라스, 양산"
4,-1,흐림,남,롱패딩,니트,기모청바지,히트텍,"목도리, 장갑, 핫팩"
28,24,맑음,여,없음,민소매,치마,없음,"모자, 선글라스, 양산"
-3,-5,비,여,코트,니트,기모치마,히트텍,"레인부츠, 목도리, 우산, 장갑, 핫팩"
25,23,비,남,없음,반팔,면반바지,없음,"레인부츠, 모자, 선글라스, 양산, 우산"
14,16,맑음,남,후드집업,맨투맨,면바지,얇은 이너,없음
-6,-10,흐림,남,코트,히트텍,기모청바지,히트텍,"목도리, 장갑, 핫팩"
10,10,맑음,남,가디건,긴팔티,면바지,없음,없음
14,16,흐림,남,자켓,맨투맨,청바지,없음,없음
15,13,비,여,후드집업,후드티,청바지,얇은 이너,"레인부츠, 우산"
-10,-12,비,남,패딩,기모후드,기모바지,히트텍,"레인부츠, 목도리, 우산, 장갑, 핫팩"
34,34,흐림,남,없음,민소매,반바지,없음,"모자, 선글라스, 양산"
23,25,눈,여,후드집업,후드티,롱스커트,얇은 이너,"부츠, 장갑"
34,34,비,남,없음,반팔,면반바지,없음,"레인부츠, 모자, 선글라스, 양산, 우산"
15,11,흐림,여,가디건,맨투맨,청바지,없음,없음
24,21,흐림,남,가디건,후드티,슬랙스,얇은 이너,없음
24,21,비,여,후드집업,후드티,슬랙스,얇은 이너,"레인부츠, 우산"
14,10,비,여,가디건,긴팔티,롱스커트,얇은 이너,"레인부츠, 우산"
31,26,맑음,여,없음,반팔,치마,없음,"모자, 선글라스, 양산"
22,19,맑음,여,후드집업,긴팔티,롱스커트,없음,없음
16,12,비,여,후드집업,맨투맨,청바지,얇은 이너,"레인부츠, 우산"
5,7,비,남,패딩,니트,기모청바지,히트텍,"레인부츠, 목도리, 우산, 장갑, 핫팩"
34,32,흐림,여,얇은 가디건,민소매,반바지,없음,"모자, 선글라스, 양산"
24,25,비,여,후드집업,후드티,청바지,없음,"레인부츠, 우산"
12,9,눈,여,가디건,맨투맨,롱스커트,얇은 이너,"부츠, 장갑"
21,18,맑음,여,후드집업,후드티,청바지,얇은 이너,없음
28,26,눈,여,없음,민소매,치마,없음,"모자, 부츠, 선글라스, 양산, 장갑"
17,12,맑음,여,가디건,후드티,슬랙스,없음,없음
27,30,맑음,남,얇은 가디건,반팔,면반바지,없음,"모자, 선글라스, 양산"
25,28,눈,남,얇은 가디건,반팔,반바지,없음,"모자, 부츠, 선글라스, 양산, 장갑"
26,24,흐림,남,없음,반팔,면반바지,없음,"모자, 선글라스, 양산"
-1,1,비,남,롱패딩,니트,기모청바지,히트텍,"레인부츠, 목도리, 우산, 장갑, 핫팩"
16,15,비,남,가디건,후드티,청바지,없음,"레인부츠, 우산"
21,18,눈,남,후드집업,후드티,슬랙스,얇은 이너,"부츠, 장갑"
20,17,눈,여,자켓,후드티,청바지,얇은 이너,"부츠, 장갑"
9,7,흐림,남,롱패딩,히트텍,기모청바지,히트텍,없음
-7,-8,맑음,남,패딩,니트,기모바지,히트텍,"목도리, 장갑, 핫팩"
3,3,맑음,여,패딩,히트텍,기모치마,히트텍,"목도리, 장갑, 핫팩"
-2,-7,눈,여,패딩,니트,기모치마,히트텍,"목도리, 부츠, 장갑, 핫팩"
14,12,흐림,남,자켓,맨투맨,청바지,얇은 이너,없음
14,11,눈,여,가디건,후드티,청바지,없음,"부츠, 장갑"
24,26,눈,여,자켓,긴팔티,롱스커트,얇은 이너,"부츠, 장갑"
11,12,흐림,남,가디건,맨투맨,슬랙스,없음,없음
-3,-2,비,여,롱패딩,기모후드,기모레깅스,히트텍,"레인부츠, 목도리, 우산, 장갑, 핫팩"
-5,-8,눈,여,패딩,니트,기모바지,히트텍,"목도리, 부츠, 장갑, 핫팩"
-10,-7,비,남,패딩,히트텍,기모바지,히트텍,"레인부츠, 목도리, 우산, 장갑, 핫팩"
3,6,흐림,여,롱패딩,니트,기모레깅스,히트텍,"목도리, 장갑, 핫팩"
5,8,흐림,여,롱패딩,기모후드,기모레깅스,히트텍,"목도리, 장갑, 핫팩"
25,21,비,남,얇은 가디건,반팔,면반바지,없음,"레인부츠, 모자, 선글라스, 양산, 우산"
5,2,비,여,코트,기모후드,기모치마,히트텍,"레인부츠, 목도리, 우산, 장갑, 핫팩"
8,6,눈,남,롱패딩,기모후드,기모청바지,히트텍,"부츠, 장갑"
8,5,눈,남,패딩,히트텍,기모바지,히트텍,"부츠, 장갑"
-5,-9,흐림,여,코트,니트,기모바지,히트텍,"목도리, 장갑, 핫팩"
27,22,비,여,얇은 가디건,민소매,치마,없음,"레인부츠, 모자, 선글라스, 양산, 우산"
31,26,비,여,없음,반팔,반바지,없음,"레인부츠, 모자, 선글라스, 양산, 우산"
20,15,맑음,여,자켓,후드티,청바지,없음,없음
25,28,비,남,얇은 가디건,민소매,반바지,없음,"레인부츠, 모자, 선글라스, 양산, 우산"
-2,1,맑음,남,롱패딩,히트텍,기모청바지,히트텍,"목도리, 장갑, 핫팩"
1,-1,비,남,패딩,기모후드,기모청바지,히트텍,"레인부츠, 목도리, 우산, 장갑, 핫팩"
-2,1,비,남,패딩,니트,기모청바지,히트텍,"레인부츠, 목도리, 우산, 장갑, 핫팩"
27,29,눈,남,없음,반팔,반바지,없음,"모자, 부츠, 선글라스, 양산, 장갑"
-10,-9,비,남,패딩,히트텍,기모청바지,히트텍,"레인부츠, 목도리, 우산, 장갑, 핫팩"
9,12,눈,여,롱패딩,기모후드,기모치마,히트텍,"부츠, 장갑"
26,22,눈,남,없음,반팔,반바지,없음,"모자, 부츠, 선글라스, 양산, 장갑"
17,14,맑음,여,후드집업,맨투맨,슬랙스,얇은 이너,없음
33,36,눈,남,얇은 가디건,민소매,면반바지,없음,"모자, 부츠, 선글라스, 양산, 장갑"
21,24,흐림,여,후드집업,후드티,롱스커트,얇은 이너,없음
14,11,눈,남,가디건,후드티,면바지,없음,"부츠, 장갑"
27,24,눈,여,없음,민소매,반바지,없음,"모자, 부츠, 선글라스, 양산, 장갑"
-3,-5,비,남,패딩,니트,기모바지,히트텍,"레인부츠, 목도리, 우산, 장갑, 핫팩"
-4,-2,흐림,여,코트,기모후드,기모바지,히트텍,"목도리, 장갑, 핫팩"
-9,-9,비,여,패딩,기모후드,기모바지,히트텍,"레인부츠, 목도리, 우산, 장갑, 핫팩"
20,21,눈,여,후드집업,긴팔티,슬랙스,얇은 이너,"부츠, 장갑"
10,6,흐림,여,가디건,긴팔티,슬랙스,얇은 이너,없음
-6,-7,맑음,여,패딩,니트,기모바지,히트텍,"목도리, 장갑, 핫팩"
8,9,맑음,남,롱패딩,기모후드,기모청바지,히트텍,없음
2,2,맑음,남,롱패딩,기모후드,기모바지,히트텍,"목도리, 장갑, 핫팩"
23,23,비,여,가디건,긴팔티,청바지,없음,"레인부츠, 우산"
9,12,비,남,롱패딩,니트,기모청바지,히트텍,"레인부츠, 우산"
0,-4,비,남,코트,니트,기모바지,히트텍,"레인부츠, 목도리, 우산, 장갑, 핫팩"
25,21,맑음,남,없음,반팔,면반바지,없음,"모자, 선글라스, 양산"
18,13,흐림,여,후드집업,후드티,롱스커트,얇은 이너,없음
33,29,흐림,여,없음,반팔,치마,없음,"모자, 선글라스, 양산"
10,6,흐림,남,가디건,후드티,슬랙스,없음,없음
-3,-5,눈,남,코트,히트텍,기모바지,히트텍,"목도리, 부츠, 장갑, 핫팩"
14,16,흐림,남,가디건,맨투맨,청바지,없음,없음
30,29,눈,여,없음,민소매,치마,없음,"모자, 부츠, 선글라스, 양산, 장갑"
24,21,눈,남,자켓,맨투맨,슬랙스,없음,"부츠, 장갑"
-6,-7,눈,여,롱패딩,히트텍,기모레깅스,히트텍,"목도리, 부츠, 장갑, 핫팩"
-4,-9,눈,남,패딩,히트텍,기모청바지,히트텍,"목도리, 부츠, 장갑, 핫팩"
-5,-4,맑음,남,패딩,히트텍,기모청바지,히트텍,"목도리, 장갑, 핫팩"
-7,-11,흐림,여,패딩,기모후드,기모바지,히트텍,"목도리, 장갑, 핫팩"
-8,-8,비,남,롱패딩,기모후드,기모청바지,히트텍,"레인부츠, 목도리, 우산, 장갑, 핫팩"
25,26,비,여,없음,민소매,반바지,없음,"레인부츠, 모자, 선글라스, 양산, 우산"
-5,-7,비,여,패딩,기모후드,기모바지,히트텍,"레인부츠, 목도리, 우산, 장갑, 핫팩"
20,17,눈,남,자켓,맨투맨,슬랙스,없음,"부츠, 장갑"
11,9,흐림,남,가디건,긴팔티,청바지,없음,없음
4,3,흐림,여,코트,니트,기모레깅스,히트텍,"목도리, 장갑, 핫팩"
22,21,맑음,남,가디건,긴팔티,슬랙스,얇은 이너,없음
2,-2,맑음,여,롱패딩,히트텍,기모레깅스,히트텍,"목도리, 장갑, 핫팩"
-2,1,맑음,여,코트,히트텍,기모치마,히트텍,"목도리, 장갑, 핫팩"
21,20,비,남,자켓,긴팔티,슬랙스,없음,"레인부츠, 우산"
-10,-11,맑음,남,롱패딩,니트,기모바지,히트텍,"목도리, 장갑, 핫팩"
30,25,맑음,남,얇은 가디건,반팔,반바지,없음,"모자, 선글라스, 양산"
32,35,맑음,여,얇은 가디건,반팔,반바지,없음,"모자, 선글라스, 양산"
3,5,비,여,코트,기모후드,기모레깅스,히트텍,"레인부츠, 목도리, 우산, 장갑, 핫팩"
3,6,눈,남,패딩,니트,기모청바지,히트텍,"목도리, 부츠, 장갑, 핫팩"
27,22,눈,여,얇은 가디건,반팔,치마,없음,"모자, 부츠, 선글라스, 양산, 장갑"
4,7,흐림,남,코트,기모후드,기모청바지,히트텍,"목도리, 장갑, 핫팩"
14,9,눈,남,후드집업,맨투맨,청바지,얇은 이너,"부츠, 장갑"
35,38,비,여,얇은 가디건,민소매,반바지,없음,"레인부츠, 모자, 선글라스, 양산, 우산"
-2,-5,맑음,남,롱패딩,니트,기모청바지,히트텍,"목도리, 장갑, 핫팩"
1,-3,눈,여,패딩,니트,기모레깅스,히트텍,"목도리, 부츠, 장갑, 핫팩"
9,4,맑음,남,코트,히트텍,기모청바지,히트텍,없음
-4,-3,비,남,롱패딩,니트,기모바지,히트텍,"레인부츠, 목도리, 우산, 장갑, 핫팩"
33,29,비,남,없음,반팔,반바지,없음,"레인부츠, 모자, 선글라스, 양산, 우산"
-9,-11,눈,남,롱패딩,히트텍,기모청바지,히트텍,"목도리, 부츠, 장갑, 핫팩"
-10,-13,눈,남,코트,기모후드,기모청바지,히트텍,"목도리, 부츠, 장갑, 핫팩"
28,27,맑음,여,없음,민소매,치마,없음,"모자, 선글라스, 양산"
7,4,눈,남,롱패딩,히트텍,기모청바지,히트텍,"부츠, 장갑"
15,17,눈,남,자켓,후드티,면바지,없음,"부츠, 장갑"
-4,-8,맑음,여,패딩,기모후드,기모바지,히트텍,"목도리, 장갑, 핫팩"
6,6,흐림,여,패딩,기모후드,기모치마,히트텍,없음
-10,-14,눈,여,코트,히트텍,기모바지,히트텍,"목도리, 부츠, 장갑, 핫팩"
27,25,눈,남,없음,민소매,반바지,없음,"모자, 부츠, 선글라스, 양산, 장갑"
4,6,비,남,패딩,히트텍,기모청바지,히트텍,"레인부츠, 목도리, 우산, 장갑, 핫팩"
-10,-12,흐림,여,롱패딩,니트,기모레깅스,히트텍,"목도리, 장갑, 핫팩"
-6,-11,맑음,여,코트,기모후드,기모치마,히트텍,"목도리, 장갑, 핫팩"
18,19,눈,남,후드집업,후드티,면바지,없음,"부츠, 장갑"
19,21,흐림,남,가디건,긴팔티,슬랙스,없음,없음
-7,-10,흐림,남,롱패딩,니트,기모청바지,히트텍,"목도리, 장갑, 핫팩"
-9,-7,흐림,남,롱패딩,기모후드,기모청바지,히트텍,"목도리, 장갑, 핫팩"
33,30,비,여,없음,반팔,반바지,없음,"레인부츠, 모자, 선글라스, 양산, 우산"
-7,-5,맑음,여,패딩,기모후드,기모바지,히트텍,"목도리, 장갑, 핫팩"
13,13,눈,여,자켓,후드티,슬랙스,없음,"부츠, 장갑"
-2,-1,흐림,남,패딩,히트텍,기모바지,히트텍,"목도리, 장갑, 핫팩"
33,34,눈,남,없음,반팔,면반바지,없음,"모자, 부츠, 선글라스, 양산, 장갑"
22,22,흐림,여,가디건,후드티,청바지,없음,없음
33,34,비,여,얇은 가디건,민소매,치마,없음,"레인부츠, 모자, 선글라스, 양산, 우산"
-4,-8,흐림,남,코트,니트,기모청바지,히트텍,"목도리, 장갑, 핫팩"
32,27,맑음,남,얇은 가디건,반팔,반바지,없음,"모자, 선글라스, 양산"
26,21,비,남,없음,민소매,반바지,없음,"레인부츠, 모자, 선글라스, 양산, 우산"
19,16,비,여,후드집업,맨투맨,청바지,없음,"레인부츠, 우산"
19,17,비,여,자켓,맨투맨,청바지,없음,"레인부츠, 우산"
-8,-5,눈,남,롱패딩,히트텍,기모청바지,히트텍,"목도리, 부츠, 장갑, 핫팩"
22,22,눈,여,자켓,긴팔티,청바지,없음,"부츠, 장갑"
-10,-12,눈,여,패딩,니트,기모바지,히트텍,"목도리, 부츠, 장갑, 핫팩"
1,-4,눈,남,코트,기모후드,기모바지,히트텍,"목도리, 부츠, 장갑, 핫팩"
-10,-8,흐림,여,패딩,니트,기모레깅스,히트텍,"목도리, 장갑, 핫팩"
28,27,흐림,여,얇은 가디건,민소매,반바지,없음,"모자, 선글라스, 양산"
10,5,비,남,후드집업,긴팔티,면바지,얇은 이너,"레인부츠, 우산"
20,22,맑음,여,후드집업,긴팔티,롱스커트,없음,없음
-4,-3,맑음,남,롱패딩,니트,기모바지,히트텍,"목도리, 장갑, 핫팩"
25,20,비,남,없음,민소매,반바지,없음,"레인부츠, 모자, 선글라스, 양산, 우산"
1,-4,눈,남,롱패딩,기모후드,기모청바지,히트텍,"목도리, 부츠, 장갑, 핫팩"
6,5,흐림,여,패딩,기모후드,기모치마,히트텍,없음
25,24,맑음,남,없음,민소매,면반바지,없음,"모자, 선글라스, 양산"
26,28,비,여,얇은 가디건,반팔,치마,없음,"레인부츠, 모자, 선글라스, 양산, 우산"
-8,-12,맑음,여,롱패딩,니트,기모레깅스,히트텍,"목도리, 장갑, 핫팩"
-4,-3,맑음,남,코트,니트,기모바지,히트텍,"목도리, 장갑, 핫팩"
0,-5,비,여,롱패딩,니트,기모바지,히트텍,"레인부츠, 목도리, 우산, 장갑, 핫팩"
23,23,눈,남,후드집업,맨투맨,면바지,없음,"부츠, 장갑"
31,26,비,여,없음,반팔,치마,없음,"레인부츠, 모자, 선글라스, 양산, 우산"
-5,-6,흐림,여,패딩,기모후드,기모치마,히트텍,"목도리, 장갑, 핫팩"
26,25,눈,여,없음,민소매,반바지,없음,"모자, 부츠, 선글라스, 양산, 장갑"
19,14,흐림,여,가디건,맨투맨,청바지,얇은 이너,없음
-3,-1,맑음,여,코트,기모후드,기모레깅스,히트텍,"목도리, 장갑, 핫팩"
35,31,눈,여,얇은 가디건,민소매,반바지,없음,"모자, 부츠, 선글라스, 양산, 장갑"
18,15,비,남,자켓,후드티,청바지,얇은 이너,"레인부츠, 우산"
1,3,눈,남,롱패딩,니트,기모청바지,히트텍,"목도리, 부츠, 장갑, 핫팩"
-6,-8,흐림,남,패딩,니트,기모청바지,히트텍,"목도리, 장갑, 핫팩"
23,26,비,남,가디건,후드티,청바지,얇은 이너,"레인부츠, 우산"
28,25,비,남,얇은 가디건,민소매,면반바지,없음,"레인부츠, 모자, 선글라스, 양산, 우산"
26,26,맑음,여,얇은 가디건,반팔,반바지,없음,"모자, 선글라스, 양산"
0,0,맑음,여,코트,니트,기모바지,히트텍,"목도리, 장갑, 핫팩"
-8,-7,눈,여,코트,니트,기모레깅스,히트텍,"목도리, 부츠, 장갑, 핫팩"
3,3,눈,여,코트,기모후드,기모레깅스,히트텍,"목도리, 부츠, 장갑, 핫팩"
5,0,맑음,남,코트,기모후드,기모청바지,히트텍,"목도리, 장갑, 핫팩"
2,3,맑음,여,코트,히트텍,기모바지,히트텍,"목도리, 장갑, 핫팩"
1,-3,눈,여,롱패딩,기모후드,기모레깅스,히트텍,"목도리, 부츠, 장갑, 핫팩"
34,29,맑음,남,없음,반팔,반바지,없음,"모자, 선글라스, 양산"
23,23,눈,여,자켓,긴팔티,청바지,없음,"부츠, 장갑"
9,8,눈,여,코트,기모후드,기모치마,히트텍,"부츠, 장갑"
7,2,비,남,롱패딩,히트텍,기모바지,히트텍,"레인부츠, 우산"
6,7,비,남,코트,기모후드,기모바지,히트텍,"레인부츠, 우산"
2,-1,맑음,남,패딩,히트텍,기모바지,히트텍,"목도리, 장갑, 핫팩"
-6,-7,눈,여,코트,히트텍,기모바지,히트텍,"목도리, 부츠, 장갑, 핫팩"
-6,-8,맑음,남,코트,니트,기모청바지,히트텍,"목도리, 장갑, 핫팩"
-6,-11,맑음,남,패딩,니트,기모청바지,히트텍,"목도리, 장갑, 핫팩"
16,11,비,여,가디건,긴팔티,롱스커트,없음,"레인부츠, 우산"
14,12,흐림,여,가디건,긴팔티,롱스커트,없음,없음
29,32,비,남,얇은 가디건,반팔,면반바지,없음,"레인부츠, 모자, 선글라스, 양산, 우산"
13,13,비,여,후드집업,맨투맨,롱스커트,얇은 이너,"레인부츠, 우산"
-9,-11,비,여,롱패딩,기모후드,기모레깅스,히트텍,"레인부츠, 목도리, 우산, 장갑, 핫팩"
-4,-7,흐림,여,롱패딩,니트,기모바지,히트텍,"목도리, 장갑, 핫팩"
28,27,맑음,여,없음,반팔,치마,없음,"모자, 선글라스, 양산"
-9,-11,눈,여,롱패딩,히트텍,기모치마,히트텍,"목도리, 부츠, 장갑, 핫팩"
16,15,비,남,후드집업,후드티,청바지,얇은 이너,"레인부츠, 우산"
-10,-10,눈,여,패딩,히트텍,기모레깅스,히트텍,"목도리, 부츠, 장갑, 핫팩"
31,28,눈,남,얇은 가디건,반팔,반바지,없음,"모자, 부츠, 선글라스, 양산, 장갑"
9,9,맑음,남,패딩,히트텍,기모바지,히트텍,없음
15,18,흐림,여,후드집업,긴팔티,롱스커트,얇은 이너,없음
16,18,맑음,여,자켓,맨투맨,롱스커트,얇은 이너,없음
12,15,흐림,여,후드집업,후드티,슬랙스,없음,없음
22,19,흐림,여,후드집업,후드티,롱스커트,없음,없음
33,35,눈,남,없음,민소매,면반바지,없음,"모자, 부츠, 선글라스, 양산, 장갑"
21,19,흐림,여,가디건,긴팔티,청바지,없음,없음
8,9,눈,여,코트,히트텍,기모레깅스,히트텍,"부츠, 장갑"
-1,-5,눈,여,패딩,히트텍,기모레깅스,히트텍,"목도리, 부츠, 장갑, 핫팩"
17,15,눈,여,가디건,후드티,롱스커트,얇은 이너,"부츠, 장갑"
28,24,맑음,여,얇은 가디건,반팔,반바지,없음,"모자, 선글라스, 양산"
7,4,흐림,남,롱패딩,니트,기모청바지,히트텍,없음
-5,-2,맑음,여,코트,히트텍,기모바지,히트텍,"목도리, 장갑, 핫팩"
-3,0,흐림,남,패딩,기모후드,기모바지,히트텍,"목도리, 장갑, 핫팩"
8,6,비,여,코트,니트,기모치마,히트텍,"레인부츠, 우산"
-4,-7,흐림,여,코트,기모후드,기모치마,히트텍,"목도리, 장갑, 핫팩"
16,12,눈,남,자켓,맨투맨,청바지,없음,"부츠, 장갑"
-7,-12,맑음,남,롱패딩,기모후드,기모청바지,히트텍,"목도리, 장갑, 핫팩"
32,35,비,여,없음,민소매,반바지,없음,"레인부츠, 모자, 선글라스, 양산, 우산"
23,18,흐림,남,가디건,후드티,청바지,얇은 이너,없음
28,27,맑음,남,얇은 가디건,반팔,반바지,없음,"모자, 선글라스, 양산"
31,28,비,여,없음,민소매,치마,없음,"레인부츠, 모자, 선글라스, 양산, 우산"
9,7,맑음,여,코트,히트텍,기모레깅스,히트텍,없음
4,1,비,남,롱패딩,히트텍,기모바지,히트텍,"레인부츠, 목도리, 우산, 장갑, 핫팩"
-8,-13,눈,여,코트,히트텍,기모바지,히트텍,"목도리, 부츠, 장갑, 핫팩"
12,9,비,여,후드집업,긴팔티,슬랙스,얇은 이너,"레인부츠, 우산"
-4,-8,눈,남,패딩,히트텍,기모바지,히트텍,"목도리, 부츠, 장갑, 핫팩"
2,5,맑음,남,패딩,기모후드,기모청바지,히트텍,"목도리, 장갑, 핫팩"
-4,-4,비,남,패딩,니트,기모청바지,히트텍,"레인부츠, 목도리, 우산, 장갑, 핫팩"
24,23,눈,여,자켓,후드티,롱스커트,얇은 이너,"부츠, 장갑"
-8,-7,비,남,롱패딩,기모후드,기모바지,히트텍,"레인부츠, 목도리, 우산, 장갑, 핫팩"
-3,-8,비,남,롱패딩,기모후드,기모바지,히트텍,"레인부츠, 목도리, 우산, 장갑, 핫팩"
27,26,비,남,얇은 가디건,민소매,반바지,없음,"레인부츠, 모자, 선글라스, 양산, 우산"
-5,-5,맑음,남,패딩,히트텍,기모바지,히트텍,"목도리, 장갑, 핫팩"
12,12,맑음,여,후드집업,후드티,롱스커트,없음,없음
2,-1,맑음,여,롱패딩,니트,기모레깅스,히트텍,"목도리, 장갑, 핫팩"
17,18,비,남,자켓,후드티,청바지,없음,"레인부츠, 우산"
15,17,흐림,남,자켓,맨투맨,면바지,없음,없음
10,6,맑음,여,가디건,맨투맨,청바지,얇은 이너,없음
18,21,맑음,여,가디건,후드티,청바지,없음,없음
6,5,눈,남,코트,기모후드,기모바지,히트텍,"부츠, 장갑"
24,19,흐림,남,자켓,맨투맨,슬랙스,없음,없음
24,21,비,여,가디건,후드티,롱스커트,얇은 이너,"레인부츠, 우산"
-7,-10,맑음,남,롱패딩,기모후드,기모바지,히트텍,"목도리, 장갑, 핫팩"
4,7,비,여,코트,니트,기모레깅스,히트텍,"레인부츠, 목도리, 우산, 장갑, 핫팩"
32,34,맑음,남,없음,반팔,반바지,없음,"모자, 선글라스, 양산"
33,33,눈,여,없음,민소매,반바지,없음,"모자, 부츠, 선글라스, 양산, 장갑"
1,0,흐림,남,코트,히트텍,기모바지,히트텍,"목도리, 장갑, 핫팩"
-2,0,흐림,남,롱패딩,기모후드,기모바지,히트텍,"목도리, 장갑, 핫팩"
3,5,맑음,여,패딩,니트,기모바지,히트텍,"목도리, 장갑, 핫팩"
0,-2,맑음,남,코트,기모후드,기모청바지,히트텍,"목도리, 장갑, 핫팩"
28,29,맑음,남,없음,반팔,반바지,없음,"모자, 선글라스, 양산"
31,30,맑음,여,없음,반팔,치마,없음,"모자, 선글라스, 양산"
2,5,비,남,롱패딩,기모후드,기모청바지,히트텍,"레인부츠, 목도리, 우산, 장갑, 핫팩"
18,13,맑음,남,가디건,맨투맨,슬랙스,얇은 이너,없음
-3,-1,맑음,남,롱패딩,히트텍,기모청바지,히트텍,"목도리, 장갑, 핫팩"
34,29,맑음,남,얇은 가디건,민소매,반바지,없음,"모자, 선글라스, 양산"
25,21,흐림,남,없음,민소매,면반바지,없음,"모자, 선글라스, 양산"
-3,-1,비,남,코트,니트,기모청바지,히트텍,"레인부츠, 목도리, 우산, 장갑, 핫팩"
8,4,흐림,여,롱패딩,히트텍,기모레깅스,히트텍,없음
31,29,맑음,남,없음,민소매,반바지,없음,"모자, 선글라스, 양산"
15,13,눈,남,가디건,후드티,슬랙스,얇은 이너,"부츠, 장갑"
9,10,맑음,남,롱패딩,니트,기모바지,히트텍,없음
2,2,맑음,여,코트,니트,기모레깅스,히트텍,"목도리, 장갑, 핫팩"
28,26,비,여,없음,반팔,치마,없음,"레인부츠, 모자, 선글라스, 양산, 우산"
1,-4,눈,남,패딩,기모후드,기모청바지,히트텍,"목도리, 부츠, 장갑, 핫팩"
22,19,눈,여,가디건,긴팔티,청바지,없음,"부츠, 장갑"
22,18,흐림,남,가디건,맨투맨,면바지,없음,없음
1,2,흐림,여,롱패딩,기모후드,기모바지,히트텍,"목도리, 장갑, 핫팩"
29,24,눈,여,얇은 가디건,반팔,반바지,없음,"모자, 부츠, 선글라스, 양산, 장갑"
7,2,맑음,여,코트,기모후드,기모바지,히트텍,없음
34,35,눈,여,없음,반팔,반바지,없음,"모자, 부츠, 선글라스, 양산, 장갑"
24,27,맑음,여,후드집업,맨투맨,청바지,없음,없음
31,33,맑음,남,얇은 가디건,반팔,면반바지,없음,"모자, 선글라스, 양산"
-7,-8,비,남,롱패딩,히트텍,기모바지,히트텍,"레인부츠, 목도리, 우산, 장갑, 핫팩"
0,-2,흐림,여,패딩,히트텍,기모레깅스,히트텍,"목도리, 장갑, 핫팩"
28,24,눈,남,얇은 가디건,반팔,면반바지,없음,"모자, 부츠, 선글라스, 양산, 장갑"
4,3,흐림,남,코트,기모후드,기모바지,히트텍,"목도리, 장갑, 핫팩"
-2,-7,맑음,남,코트,기모후드,기모바지,히트텍,"목도리, 장갑, 핫팩"
12,7,흐림,여,후드집업,긴팔티,롱스커트,얇은 이너,없음
-5,-6,눈,여,패딩,히트텍,기모레깅스,히트텍,"목도리, 부츠, 장갑, 핫팩"
17,13,비,여,자켓,후드티,청바지,없음,"레인부츠, 우산"
-2,1,비,남,코트,히트텍,기모청바지,히트텍,"레인부츠, 목도리, 우산, 장갑, 핫팩"
7,9,맑음,여,롱패딩,히트텍,기모치마,히트텍,없음
29,32,맑음,여,없음,민소매,반바지,없음,"모자, 선글라스, 양산"
10,8,눈,여,가디건,맨투맨,롱스커트,얇은 이너,"부츠, 장갑"
24,19,눈,여,가디건,긴팔티,슬랙스,얇은 이너,"부츠, 장갑"
9,4,비,남,패딩,히트텍,기모바지,히트텍,"레인부츠, 우산"
20,21,흐림,여,자켓,맨투맨,롱스커트,없음,없음
-6,-7,눈,여,코트,니트,기모레깅스,히트텍,"목도리, 부츠, 장갑, 핫팩"
8,10,눈,여,롱패딩,히트텍,기모바지,히트텍,"부츠, 장갑"
33,33,맑음,여,얇은 가디건,반팔,반바지,없음,"모자, 선글라스, 양산"
-7,-4,맑음,여,코트,기모후드,기모레깅스,히트텍,"목도리, 장갑, 핫팩"
32,30,흐림,여,없음,반팔,반바지,없음,"모자, 선글라스, 양산"
12,13,비,여,자켓,맨투맨,청바지,얇은 이너,"레인부츠, 우산"
3,0,맑음,여,롱패딩,니트,기모치마,히트텍,"목도리, 장갑, 핫팩"
29,24,눈,남,얇은 가디건,반팔,반바지,없음,"모자, 부츠, 선글라스, 양산, 장갑"
11,9,맑음,여,후드집업,맨투맨,슬랙스,얇은 이너,없음
4,6,맑음,남,롱패딩,니트,기모바지,히트텍,"목도리, 장갑, 핫팩"
17,15,비,남,가디건,맨투맨,면바지,얇은 이너,"레인부츠, 우산"
21,18,눈,여,가디건,후드티,슬랙스,없음,"부츠, 장갑"
16,17,비,남,후드집업,긴팔티,슬랙스,없음,"레인부츠, 우산"
-2,1,비,남,롱패딩,니트,기모바지,히트텍,"레인부츠, 목도리, 우산, 장갑, 핫팩"
22,17,흐림,남,자켓,맨투맨,청바지,없음,없음
-10,-9,비,남,코트,히트텍,기모바지,히트텍,"레인부츠, 목도리, 우산, 장갑, 핫팩"
4,7,비,남,롱패딩,니트,기모청바지,히트텍,"레인부츠, 목도리, 우산, 장갑, 핫팩"
24,19,비,여,자켓,맨투맨,롱스커트,없음,"레인부츠, 우산"
17,17,눈,여,가디건,맨투맨,슬랙스,없음,"부츠, 장갑"
5,2,맑음,여,패딩,히트텍,기모바지,히트텍,"목도리, 장갑, 핫팩"
-5,-3,비,남,롱패딩,기모후드,기모바지,히트텍,"레인부츠, 목도리, 우산, 장갑, 핫팩"
26,27,눈,여,없음,반팔,치마,없음,"모자, 부츠, 선글라스, 양산, 장갑"
20,19,눈,여,가디건,후드티,청바지,얇은 이너,"부츠, 장갑"
14,10,흐림,여,후드집업,긴팔티,롱스커트,얇은 이너,없음
27,28,흐림,여,없음,민소매,반바지,없음,"모자, 선글라스, 양산"
17,19,눈,여,후드집업,긴팔티,청바지,얇은 이너,"부츠, 장갑"
6,5,비,남,코트,히트텍,기모바지,히트텍,"레인부츠, 우산"
11,12,눈,남,후드집업,긴팔티,슬랙스,없음,"부츠, 장갑"
-1,-4,눈,여,롱패딩,기모후드,기모바지,히트텍,"목도리, 부츠, 장갑, 핫팩"
-7,-8,흐림,남,코트,기모후드,기모청바지,히트텍,"목도리, 장갑, 핫팩"
11,13,비,남,자켓,후드티,청바지,없음,"레인부츠, 우산"
-2,0,눈,남,패딩,히트텍,기모바지,히트텍,"목도리, 부츠, 장갑, 핫팩"
13,14,비,여,가디건,맨투맨,롱스커트,얇은 이너,"레인부츠, 우산"
25,22,흐림,남,얇은 가디건,반팔,반바지,없음,"모자, 선글라스, 양산"
1,-2,눈,남,패딩,기모후드,기모바지,히트텍,"목도리, 부츠, 장갑, 핫팩"
24,19,눈,남,가디건,맨투맨,면바지,얇은 이너,"부츠, 장갑"
1,3,맑음,여,코트,니트,기모레깅스,히트텍,"목도리, 장갑, 핫팩"
31,31,비,여,없음,반팔,반바지,없음,"레인부츠, 모자, 선글라스, 양산, 우산"
29,24,맑음,여,없음,민소매,반바지,없음,"모자, 선글라스, 양산"
16,12,눈,여,가디건,긴팔티,슬랙스,얇은 이너,"부츠, 장갑"
24,24,비,여,후드집업,맨투맨,롱스커트,얇은 이너,"레인부츠, 우산"
25,25,눈,남,없음,민소매,면반바지,없음,"모자, 부츠, 선글라스, 양산, 장갑"
-3,-7,눈,남,롱패딩,히트텍,기모청바지,히트텍,"목도리, 부츠, 장갑, 핫팩"
5,6,비,여,롱패딩,기모후드,기모레깅스,히트텍,"레인부츠, 목도리, 우산, 장갑, 핫팩"
-1,-4,맑음,여,패딩,기모후드,기모치마,히트텍,"목도리, 장갑, 핫팩"
18,19,비,여,자켓,후드티,롱스커트,얇은 이너,"레인부츠, 우산"
10,8,비,남,가디건,긴팔티,청바지,얇은 이너,"레인부츠, 우산"
3,5,눈,여,코트,기모후드,기모바지,히트텍,"목도리, 부츠, 장갑, 핫팩"
35,36,맑음,여,얇은 가디건,반팔,반바지,없음,"모자, 선글라스, 양산"
8,7,눈,여,롱패딩,기모후드,기모바지,히트텍,"부츠, 장갑"
-4,-5,흐림,남,롱패딩,니트,기모바지,히트텍,"목도리, 장갑, 핫팩"
20,23,눈,남,후드집업,긴팔티,면바지,얇은 이너,"부츠, 장갑"
-4,-2,비,여,패딩,니트,기모바지,히트텍,"레인부츠, 목도리, 우산, 장갑, 핫팩"
-8,-9,흐림,남,코트,히트텍,기모청바지,히트텍,"목도리, 장갑, 핫팩"
1,-1,눈,여,코트,니트,기모치마,히트텍,"목도리, 부츠, 장갑, 핫팩"
1,0,비,남,롱패딩,히트텍,기모청바지,히트텍,"레인부츠, 목도리, 우산, 장갑, 핫팩"
-5,-4,맑음,여,코트,기모후드,기모바지,히트텍,"목도리, 장갑, 핫팩"
2,0,맑음,남,롱패딩,기모후드,기모바지,히트텍,"목도리, 장갑, 핫팩"
3,3,눈,여,패딩,기모후드,기모바지,히트텍,"목도리, 부츠, 장갑, 핫팩"
-4,-3,비,남,패딩,니트,기모바지,히트텍,"레인부츠, 목도리, 우산, 장갑, 핫팩"
11,10,맑음,여,가디건,후드티,슬랙스,없음,없음
35,38,눈,여,없음,반팔,반바지,없음,"모자, 부츠, 선글라스, 양산, 장갑"
6,6,맑음,남,롱패딩,히트텍,기모청바지,히트텍,없음
-1,0,맑음,남,롱패딩,니트,기모청바지,히트텍,"목도리, 장갑, 핫팩"
2,4,맑음,여,코트,니트,기모치마,히트텍,"목도리, 장갑, 핫팩"
-1,-3,흐림,여,코트,히트텍,기모치마,히트텍,"목도리, 장갑, 핫팩"
-2,-2,눈,남,패딩,니트,기모청바지,히트텍,"목도리, 부츠, 장갑, 핫팩"
12,15,맑음,여,가디건,후드티,청바지,없음,없음
33,33,눈,여,얇은 가디건,반팔,치마,없음,"모자, 부츠, 선글라스, 양산, 장갑"
8,10,맑음,여,코트,니트,기모바지,히트텍,없음
24,19,눈,남,자켓,맨투맨,면바지,얇은 이너,"부츠, 장갑"
0,-5,비,남,롱패딩,히트텍,기모바지,히트텍,"레인부츠, 목도리, 우산, 장갑, 핫팩"
34,35,비,남,얇은 가디건,반팔,면반바지,없음,"레인부츠, 모자, 선글라스, 양산, 우산"
25,22,눈,남,얇은 가디건,민소매,반바지,없음,"모자, 부츠, 선글라스, 양산, 장갑"
-3,-3,맑음,여,패딩,니트,기모치마,히트텍,"목도리, 장갑, 핫팩"
9,10,비,여,롱패딩,니트,기모바지,히트텍,"레인부츠, 우산"
1,4,눈,남,패딩,기모후드,기모청바지,히트텍,"목도리, 부츠, 장갑, 핫팩"
8,11,비,여,코트,히트텍,기모치마,히트텍,"레인부츠, 우산"
34,35,비,남,없음,민소매,면반바지,없음,"레인부츠, 모자, 선글라스, 양산, 우산"
28,28,비,남,얇은 가디건,민소매,면반바지,없음,"레인부츠, 모자, 선글라스, 양산, 우산"
19,21,맑음,남,자켓,긴팔티,청바지,얇은 이너,없음
16,15,흐림,여,가디건,긴팔티,슬랙스,얇은 이너,없음
20,21,비,여,후드집업,긴팔티,롱스커트,얇은 이너,"레인부츠, 우산"
29,28,흐림,남,없음,반팔,면반바지,없음,"모자, 선글라스, 양산"
25,20,맑음,남,없음,반팔,면반바지,없음,"모자, 선글라스, 양산"
7,8,맑음,여,코트,기모후드,기모치마,히트텍,없음
22,23,흐림,남,가디건,맨투맨,면바지,없음,없음
22,25,비,남,가디건,후드티,면바지,없음,"레인부츠, 우산"
8,9,비,남,패딩,니트,기모바지,히트텍,"레인부츠, 우산"
-3,-1,눈,여,코트,니트,기모치마,히트텍,"목도리, 부츠, 장갑, 핫팩"
1,4,흐림,남,패딩,니트,기모바지,히트텍,"목도리, 장갑, 핫팩"
28,29,흐림,남,얇은 가디건,반팔,반바지,없음,"모자, 선글라스, 양산"
-1,-5,눈,여,롱패딩,니트,기모바지,히트텍,"목도리, 부츠, 장갑, 핫팩"
35,36,비,여,얇은 가디건,민소매,반바지,없음,"레인부츠, 모자, 선글라스, 양산, 우산"
15,11,눈,남,자켓,후드티,슬랙스,없음,"부츠, 장갑"
-6,-3,맑음,여,롱패딩,히트텍,기모바지,히트텍,"목도리, 장갑, 핫팩"
-4,-1,비,여,롱패딩,히트텍,기모레깅스,히트텍,"레인부츠, 목도리, 우산, 장갑, 핫팩"
-9,-13,맑음,남,코트,기모후드,기모바지,히트텍,"목도리, 장갑, 핫팩"
8,9,맑음,남,코트,히트텍,기모바지,히트텍,없음
12,7,맑음,여,자켓,후드티,롱스커트,없음,없음
8,3,눈,남,코트,히트텍,기모바지,히트텍,"부츠, 장갑"
15,18,비,남,가디건,후드티,면바지,얇은 이너,"레인부츠, 우산"
35,33,눈,남,없음,반팔,반바지,없음,"모자, 부츠, 선글라스, 양산, 장갑"
17,12,맑음,여,가디건,맨투맨,청바지,없음,없음
23,19,눈,여,자켓,긴팔티,슬랙스,얇은 이너,"부츠, 장갑"
14,12,흐림,여,후드집업,긴팔티,슬랙스,얇은 이너,없음
6,4,비,남,롱패딩,기모후드,기모바지,히트텍,"레인부츠, 우산"
35,30,비,남,없음,민소매,면반바지,없음,"레인부츠, 모자, 선글라스, 양산, 우산"
34,34,눈,여,없음,민소매,치마,없음,"모자, 부츠, 선글라스, 양산, 장갑"
20,16,비,남,자켓,후드티,면바지,없음,"레인부츠, 우산"
20,21,맑음,남,자켓,맨투맨,슬랙스,얇은 이너,없음
-4,-8,맑음,남,코트,히트텍,기모청바지,히트텍,"목도리, 장갑, 핫팩"
35,32,맑음,여,얇은 가디건,반팔,치마,없음,"모자, 선글라스, 양산"
9,8,맑음,남,롱패딩,히트텍,기모바지,히트텍,없음
2,2,눈,여,패딩,기모후드,기모레깅스,히트텍,"목도리, 부츠, 장갑, 핫팩"
-1,-4,맑음,남,롱패딩,니트,기모청바지,히트텍,"목도리, 장갑, 핫팩"
29,26,맑음,남,얇은 가디건,민소매,반바지,없음,"모자, 선글라스, 양산"
-6,-9,흐림,여,패딩,니트,기모치마,히트텍,"목도리, 장갑, 핫팩"
28,24,맑음,남,얇은 가디건,반팔,반바지,없음,"모자, 선글라스, 양산"
6,4,비,여,패딩,기모후드,기모레깅스,히트텍,"레인부츠, 우산"
30,25,눈,남,없음,민소매,면반바지,없음,"모자, 부츠, 선글라스, 양산, 장갑"
19,20,비,여,가디건,맨투맨,롱스커트,얇은 이너,"레인부츠, 우산"
23,22,맑음,여,가디건,긴팔티,롱스커트,없음,없음
16,14,비,여,가디건,후드티,청바지,얇은 이너,"레인부츠, 우산"
22,22,눈,남,후드집업,긴팔티,면바지,얇은 이너,"부츠, 장갑"
3,-2,비,여,패딩,니트,기모치마,히트텍,"레인부츠, 목도리, 우산, 장갑, 핫팩"
-3,-8,비,여,패딩,히트텍,기모치마,히트텍,"레인부츠, 목도리, 우산, 장갑, 핫팩"
12,14,비,여,자켓,후드티,청바지,없음,"레인부츠, 우산"
3,4,흐림,여,패딩,니트,기모바지,히트텍,"목도리, 장갑, 핫팩"
29,30,눈,여,없음,민소매,반바지,없음,"모자, 부츠, 선글라스, 양산, 장갑"
24,20,맑음,남,가디건,후드티,슬랙스,없음,없음
-7,-12,흐림,여,패딩,히트텍,기모레깅스,히트텍,"목도리, 장갑, 핫팩"
-5,-8,맑음,여,코트,히트텍,기모레깅스,히트텍,"목도리, 장갑, 핫팩"
4,2,비,여,코트,니트,기모레깅스,히트텍,"레인부츠, 목도리, 우산, 장갑, 핫팩"
30,32,흐림,여,없음,민소매,반바지,없음,"모자, 선글라스, 양산"
25,22,흐림,남,얇은 가디건,반팔,반바지,없음,"모자, 선글라스, 양산"
13,9,흐림,여,가디건,후드티,슬랙스,없음,없음
10,13,비,여,가디건,후드티,슬랙스,없음,"레인부츠, 우산"
16,12,흐림,여,가디건,후드티,청바지,없음,없음
4,0,흐림,남,패딩,히트텍,기모바지,히트텍,"목도리, 장갑, 핫팩"
28,28,눈,여,없음,민소매,치마,없음,"모자, 부츠, 선글라스, 양산, 장갑"
19,16,흐림,남,후드집업,긴팔티,슬랙스,없음,없음
13,8,흐림,남,가디건,맨투맨,면바지,없음,없음
2,-3,흐림,남,패딩,니트,기모청바지,히트텍,"목도리, 장갑, 핫팩"
1,3,눈,남,코트,니트,기모바지,히트텍,"목도리, 부츠, 장갑, 핫팩"
33,35,흐림,여,얇은 가디건,민소매,반바지,없음,"모자, 선글라스, 양산"
29,30,비,여,얇은 가디건,민소매,치마,없음,"레인부츠, 모자, 선글라스, 양산, 우산"
-1,-3,흐림,남,롱패딩,기모후드,기모청바지,히트텍,"목도리, 장갑, 핫팩"
11,7,눈,남,자켓,긴팔티,청바지,없음,"부츠, 장갑"
24,22,비,여,자켓,긴팔티,청바지,없음,"레인부츠, 우산"
26,29,눈,남,얇은 가디건,민소매,반바지,없음,"모자, 부츠, 선글라스, 양산, 장갑"
0,-5,맑음,남,코트,히트텍,기모바지,히트텍,"목도리, 장갑, 핫팩"
11,6,눈,남,가디건,긴팔티,슬랙스,얇은 이너,"부츠, 장갑"
16,12,눈,남,가디건,긴팔티,슬랙스,없음,"부츠, 장갑"
21,19,맑음,여,자켓,맨투맨,롱스커트,없음,없음
26,28,맑음,남,없음,반팔,면반바지,없음,"모자, 선글라스, 양산"
21,23,눈,여,가디건,후드티,청바지,없음,"부츠, 장갑"
-5,-9,눈,남,롱패딩,니트,기모청바지,히트텍,"목도리, 부츠, 장갑, 핫팩"
15,16,비,여,후드집업,맨투맨,청바지,없음,"레인부츠, 우산"
27,24,비,남,얇은 가디건,반팔,면반바지,없음,"레인부츠, 모자, 선글라스, 양산, 우산"
35,33,맑음,남,없음,민소매,면반바지,없음,"모자, 선글라스, 양산"
-5,-5,흐림,남,코트,기모후드,기모바지,히트텍,"목도리, 장갑, 핫팩"
10,10,맑음,남,자켓,맨투맨,청바지,없음,없음
35,37,맑음,남,얇은 가디건,민소매,반바지,없음,"모자, 선글라스, 양산"
8,4,맑음,여,패딩,히트텍,기모레깅스,히트텍,없음
27,27,눈,여,없음,민소매,치마,없음,"모자, 부츠, 선글라스, 양산, 장갑"
29,28,비,여,없음,민소매,치마,없음,"레인부츠, 모자, 선글라스, 양산, 우산"
19,19,흐림,남,자켓,후드티,청바지,얇은 이너,없음
29,25,맑음,남,얇은 가디건,민소매,면반바지,없음,"모자, 선글라스, 양산"
9,11,눈,남,코트,니트,기모청바지,히트텍,"부츠, 장갑"
11,7,흐림,여,가디건,맨투맨,롱스커트,얇은 이너,없음
21,23,비,여,가디건,후드티,청바지,얇은 이너,"레인부츠, 우산"
17,20,맑음,남,가디건,맨투맨,면바지,얇은 이너,없음
-5,-3,맑음,남,롱패딩,기모후드,기모청바지,히트텍,"목도리, 장갑, 핫팩"
27,29,흐림,남,없음,민소매,면반바지,없음,"모자, 선글라스, 양산"
32,32,비,남,없음,반팔,반바지,없음,"레인부츠, 모자, 선글라스, 양산, 우산"
2,5,비,남,롱패딩,기모후드,기모청바지,히트텍,"레인부츠, 목도리, 우산, 장갑, 핫팩"
-1,-3,맑음,여,롱패딩,니트,기모바지,히트텍,"목도리, 장갑, 핫팩"
15,14,맑음,남,후드집업,긴팔티,면바지,얇은 이너,없음
12,8,비,남,자켓,맨투맨,면바지,없음,"레인부츠, 우산"
33,32,비,여,없음,민소매,반바지,없음,"레인부츠, 모자, 선글라스, 양산, 우산"
4,7,눈,남,패딩,기모후드,기모청바지,히트텍,"목도리, 부츠, 장갑, 핫팩"
27,26,흐림,여,없음,반팔,반바지,없음,"모자, 선글라스, 양산"
-10,-9,흐림,여,롱패딩,기모후드,기모바지,히트텍,"목도리, 장갑, 핫팩"
19,21,맑음,여,후드집업,맨투맨,롱스커트,얇은 이너,없음
34,32,흐림,남,없음,반팔,면반바지,없음,"모자, 선글라스, 양산"
1,-4,맑음,여,롱패딩,니트,기모바지,히트텍,"목도리, 장갑, 핫팩"
-6,-10,눈,남,패딩,니트,기모바지,히트텍,"목도리, 부츠, 장갑, 핫팩"
-8,-10,맑음,여,코트,니트,기모바지,히트텍,"목도리, 장갑, 핫팩"
21,23,비,남,가디건,후드티,슬랙스,없음,"레인부츠, 우산"
34,36,맑음,남,없음,민소매,반바지,없음,"모자, 선글라스, 양산"
15,17,비,남,가디건,후드티,청바지,없음,"레인부츠, 우산"
-7,-12,비,남,코트,히트텍,기모바지,히트텍,"레인부츠, 목도리, 우산, 장갑, 핫팩"
2,-2,비,남,코트,니트,기모바지,히트텍,"레인부츠, 목도리, 우산, 장갑, 핫팩"
-7,-11,눈,남,코트,히트텍,기모바지,히트텍,"목도리, 부츠, 장갑, 핫팩"
20,16,맑음,여,후드집업,후드티,슬랙스,없음,없음
17,19,맑음,여,후드집업,긴팔티,청바지,없음,없음
4,6,흐림,여,코트,기모후드,기모바지,히트텍,"목도리, 장갑, 핫팩"
15,14,비,여,자켓,후드티,롱스커트,없음,"레인부츠, 우산"
21,22,맑음,남,자켓,맨투맨,청바지,얇은 이너,없음
12,11,비,여,자켓,후드티,롱스커트,얇은 이너,"레인부츠, 우산"
27,22,비,남,없음,반팔,면반바지,없음,"레인부츠, 모자, 선글라스, 양산, 우산"
16,16,눈,여,후드집업,맨투맨,슬랙스,얇은 이너,"부츠, 장갑"
-6,-3,흐림,여,코트,니트,기모바지,히트텍,"목도리, 장갑, 핫팩"
17,15,눈,여,가디건,후드티,롱스커트,얇은 이너,"부츠, 장갑"
5,1,비,여,코트,니트,기모치마,히트텍,"레인부츠, 목도리, 우산, 장갑, 핫팩"
24,19,맑음,남,가디건,후드티,청바지,얇은 이너,없음
7,2,비,남,패딩,기모후드,기모바지,히트텍,"레인부츠, 우산"
8,7,흐림,여,패딩,히트텍,기모레깅스,히트텍,없음
-7,-5,눈,여,코트,히트텍,기모치마,히트텍,"목도리, 부츠, 장갑, 핫팩"
-3,-3,비,여,코트,히트텍,기모바지,히트텍,"레인부츠, 목도리, 우산, 장갑, 핫팩"
18,19,눈,여,자켓,긴팔티,롱스커트,얇은 이너,"부츠, 장갑"
-3,-6,흐림,남,롱패딩,기모후드,기모바지,히트텍,"목도리, 장갑, 핫팩"
23,24,눈,남,가디건,후드티,면바지,없음,"부츠, 장갑"
21,22,눈,여,가디건,맨투맨,청바지,없음,"부츠, 장갑"
3,5,흐림,여,패딩,기모후드,기모레깅스,히트텍,"목도리, 장갑, 핫팩"
-1,-5,비,여,패딩,히트텍,기모치마,히트텍,"레인부츠, 목도리, 우산, 장갑, 핫팩"
21,21,흐림,남,자켓,맨투맨,슬랙스,얇은 이너,없음
18,19,맑음,여,가디건,긴팔티,청바지,얇은 이너,없음
-3,0,맑음,여,코트,니트,기모치마,히트텍,"목도리, 장갑, 핫팩"
-3,-8,맑음,남,코트,니트,기모청바지,히트텍,"목도리, 장갑, 핫팩"
14,9,맑음,여,후드집업,후드티,롱스커트,없음,없음
13,13,비,여,자켓,후드티,청바지,없음,"레인부츠, 우산"
15,10,맑음,여,후드집업,긴팔티,롱스커트,얇은 이너,없음
8,10,비,여,패딩,히트텍,기모치마,히트텍,"레인부츠, 우산"
5,2,흐림,남,롱패딩,니트,기모바지,히트텍,"목도리, 장갑, 핫팩"
6,2,흐림,여,코트,기모후드,기모바지,히트텍,없음
-7,-11,맑음,남,롱패딩,히트텍,기모청바지,히트텍,"목도리, 장갑, 핫팩"
26,25,흐림,남,얇은 가디건,민소매,면반바지,없음,"모자, 선글라스, 양산"
16,13,흐림,남,후드집업,맨투맨,면바지,없음,없음
12,15,눈,여,가디건,긴팔티,롱스커트,얇은 이너,"부츠, 장갑"
23,26,맑음,남,자켓,후드티,슬랙스,없음,없음
-7,-7,맑음,남,롱패딩,히트텍,기모바지,히트텍,"목도리, 장갑, 핫팩"
-8,-13,눈,여,패딩,히트텍,기모바지,히트텍,"목도리, 부츠, 장갑, 핫팩"
13,8,흐림,여,후드집업,긴팔티,청바지,없음,없음
8,6,흐림,여,코트,히트텍,기모레깅스,히트텍,없음
33,30,비,남,얇은 가디건,민소매,면반바지,없음,"레인부츠, 모자, 선글라스, 양산, 우산"
2,2,눈,여,롱패딩,히트텍,기모레깅스,히트텍,"목도리, 부츠, 장갑, 핫팩"
10,9,흐림,여,자켓,후드티,슬랙스,얇은 이너,없음
16,12,흐림,남,자켓,후드티,슬랙스,얇은 이너,없음
8,10,비,여,패딩,히트텍,기모레깅스,히트텍,"레인부츠, 우산"
15,11,눈,여,가디건,맨투맨,슬랙스,없음,"부츠, 장갑"
10,5,흐림,남,후드집업,맨투맨,청바지,얇은 이너,없음
26,27,흐림,여,없음,민소매,치마,없음,"모자, 선글라스, 양산"
16,16,맑음,여,자켓,긴팔티,청바지,얇은 이너,없음
33,32,눈,남,없음,반팔,면반바지,없음,"모자, 부츠, 선글라스, 양산, 장갑"
27,25,비,남,얇은 가디건,반팔,면반바지,없음,"레인부츠, 모자, 선글라스, 양산, 우산"
20,23,맑음,남,후드집업,맨투맨,면바지,얇은 이너,없음
3,6,눈,여,패딩,니트,기모바지,히트텍,"목도리, 부츠, 장갑, 핫팩"
25,28,눈,남,없음,반팔,반바지,없음,"모자, 부츠, 선글라스, 양산, 장갑"
34,29,맑음,남,없음,반팔,반바지,없음,"모자, 선글라스, 양산"
13,15,맑음,남,자켓,긴팔티,청바지,없음,없음
13,9,맑음,남,가디건,긴팔티,청바지,없음,없음
-4,-1,눈,남,롱패딩,니트,기모청바지,히트텍,"목도리, 부츠, 장갑, 핫팩"
20,21,맑음,여,가디건,맨투맨,롱스커트,얇은 이너,없음
31,30,흐림,여,없음,반팔,반바지,없음,"모자, 선글라스, 양산"
8,6,눈,남,롱패딩,니트,기모청바지,히트텍,"부츠, 장갑"
-8,-6,비,여,코트,니트,기모치마,히트텍,"레인부츠, 목도리, 우산, 장갑, 핫팩"
28,24,비,남,없음,반팔,면반바지,없음,"레인부츠, 모자, 선글라스, 양산, 우산"
11,13,눈,여,자켓,후드티,청바지,없음,"부츠, 장갑"
26,23,맑음,여,얇은 가디건,반팔,반바지,없음,"모자, 선글라스, 양산"
10,12,흐림,여,가디건,맨투맨,청바지,없음,없음
8,9,흐림,여,코트,기모후드,기모치마,히트텍,없음
-9,-10,맑음,여,롱패딩,기모후드,기모바지,히트텍,"목도리, 장갑, 핫팩"
9,8,맑음,여,롱패딩,기모후드,기모바지,히트텍,없음
20,18,흐림,남,자켓,맨투맨,슬랙스,얇은 이너,없음
15,13,눈,남,후드집업,맨투맨,청바지,얇은 이너,"부츠, 장갑"
9,10,맑음,여,패딩,니트,기모레깅스,히트텍,없음
1,0,흐림,남,패딩,니트,기모청바지,히트텍,"목도리, 장갑, 핫팩"
18,19,맑음,여,가디건,후드티,슬랙스,없음,없음
17,15,흐림,남,후드집업,후드티,면바지,없음,없음
-5,-10,맑음,남,코트,기모후드,기모청바지,히트텍,"목도리, 장갑, 핫팩"
23,22,비,남,후드집업,맨투맨,면바지,얇은 이너,"레인부츠, 우산"
15,18,비,남,자켓,맨투맨,청바지,없음,"레인부츠, 우산"
34,35,비,여,얇은 가디건,민소매,치마,없음,"레인부츠, 모자, 선글라스, 양산, 우산"
-9,-13,비,남,코트,니트,기모청바지,히트텍,"레인부츠, 목도리, 우산, 장갑, 핫팩"
-4,-7,비,여,패딩,히트텍,기모바지,히트텍,"레인부츠, 목도리, 우산, 장갑, 핫팩"
26,26,비,남,얇은 가디건,민소매,반바지,없음,"레인부츠, 모자, 선글라스, 양산, 우산"
4,2,맑음,남,패딩,히트텍,기모청바지,히트텍,"목도리, 장갑, 핫팩"
12,14,흐림,여,자켓,긴팔티,슬랙스,얇은 이너,없음
26,21,흐림,여,얇은 가디건,반팔,반바지,없음,"모자, 선글라스, 양산"
19,17,눈,남,후드집업,긴팔티,면바지,얇은 이너,"부츠, 장갑"
-1,-1,눈,여,코트,니트,기모레깅스,히트텍,"목도리, 부츠, 장갑, 핫팩"
34,33,눈,여,없음,반팔,반바지,없음,"모자, 부츠, 선글라스, 양산, 장갑"
12,7,맑음,남,후드집업,맨투맨,청바지,없음,없음
28,30,흐림,남,얇은 가디건,민소매,면반바지,없음,"모자, 선글라스, 양산"
11,10,비,남,후드집업,긴팔티,청바지,얇은 이너,"레인부츠, 우산"
-2,0,비,여,롱패딩,니트,기모바지,히트텍,"레인부츠, 목도리, 우산, 장갑, 핫팩"
25,20,눈,남,없음,반팔,면반바지,없음,"모자, 부츠, 선글라스, 양산, 장갑"
15,13,비,여,자켓,긴팔티,롱스커트,없음,"레인부츠, 우산"
2,-3,비,여,패딩,기모후드,기모바지,히트텍,"레인부츠, 목도리, 우산, 장갑, 핫팩"
20,21,흐림,여,가디건,맨투맨,청바지,없음,없음
32,27,흐림,남,얇은 가디건,민소매,반바지,없음,"모자, 선글라스, 양산"
9,7,흐림,남,롱패딩,니트,기모청바지,히트텍,없음
-2,1,눈,여,패딩,히트텍,기모치마,히트텍,"목도리, 부츠, 장갑, 핫팩"
15,16,눈,여,자켓,후드티,롱스커트,없음,"부츠, 장갑"
3,6,흐림,여,패딩,니트,기모바지,히트텍,"목도리, 장갑, 핫팩"
25,28,맑음,남,얇은 가디건,민소매,반바지,없음,"모자, 선글라스, 양산"
-8,-7,맑음,여,패딩,히트텍,기모바지,히트텍,"목도리, 장갑, 핫팩"
27,27,비,여,없음,반팔,치마,없음,"레인부츠, 모자, 선글라스, 양산, 우산"
23,25,흐림,남,자켓,긴팔티,면바지,얇은 이너,없음
13,13,맑음,남,자켓,후드티,슬랙스,얇은 이너,없음
3,6,비,남,롱패딩,기모후드,기모바지,히트텍,"레인부츠, 목도리, 우산, 장갑, 핫팩"
23,26,흐림,남,후드집업,맨투맨,면바지,얇은 이너,없음
21,23,맑음,남,후드집업,후드티,청바지,얇은 이너,없음
13,11,비,여,후드집업,맨투맨,슬랙스,없음,"레인부츠, 우산"
28,28,맑음,여,없음,반팔,치마,없음,"모자, 선글라스, 양산"
11,6,맑음,남,자켓,긴팔티,면바지,없음,없음
3,-1,눈,남,패딩,기모후드,기모청바지,히트텍,"목도리, 부츠, 장갑, 핫팩"
20,19,눈,남,후드집업,후드티,면바지,얇은 이너,"부츠, 장갑"
3,5,맑음,남,롱패딩,니트,기모청바지,히트텍,"목도리, 장갑, 핫팩"
23,26,눈,남,후드집업,후드티,슬랙스,얇은 이너,"부츠, 장갑"
14,12,눈,남,가디건,맨투맨,슬랙스,없음,"부츠, 장갑"
35,36,흐림,여,없음,민소매,치마,없음,"모자, 선글라스, 양산"
16,18,맑음,여,자켓,후드티,슬랙스,없음,없음
9,8,비,여,코트,니트,기모치마,히트텍,"레인부츠, 우산"
8,4,비,남,패딩,기모후드,기모청바지,히트텍,"레인부츠, 우산"
32,32,맑음,남,얇은 가디건,반팔,면반바지,없음,"모자, 선글라스, 양산"
13,10,눈,여,가디건,후드티,슬랙스,없음,"부츠, 장갑"
6,9,흐림,여,롱패딩,히트텍,기모바지,히트텍,없음
-4,-8,맑음,남,코트,히트텍,기모바지,히트텍,"목도리, 장갑, 핫팩"
14,17,흐림,여,자켓,긴팔티,청바지,얇은 이너,없음
17,20,비,남,가디건,긴팔티,청바지,없음,"레인부츠, 우산"
32,35,흐림,남,얇은 가디건,민소매,반바지,없음,"모자, 선글라스, 양산"
3,3,비,여,코트,기모후드,기모바지,히트텍,"레인부츠, 목도리, 우산, 장갑, 핫팩"
19,19,비,남,후드집업,후드티,청바지,얇은 이너,"레인부츠, 우산"
-6,-3,비,남,패딩,히트텍,기모청바지,히트텍,"레인부츠, 목도리, 우산, 장갑, 핫팩"
-5,-6,흐림,여,코트,기모후드,기모치마,히트텍,"목도리, 장갑, 핫팩"
30,25,흐림,여,없음,민소매,치마,없음,"모자, 선글라스, 양산"
4,5,눈,여,패딩,히트텍,기모바지,히트텍,"목도리, 부츠, 장갑, 핫팩"
10,13,흐림,여,후드집업,후드티,슬랙스,얇은 이너,없음
11,9,비,여,가디건,후드티,슬랙스,없음,"레인부츠, 우산"
-6,-7,눈,남,패딩,히트텍,기모청바지,히트텍,"목도리, 부츠, 장갑, 핫팩"
9,11,비,여,코트,니트,기모바지,히트텍,"레인부츠, 우산"
28,25,눈,여,얇은 가디건,민소매,치마,없음,"모자, 부츠, 선글라스, 양산, 장갑"
33,31,흐림,남,없음,반팔,반바지,없음,"모자, 선글라스, 양산"
-2,-1,맑음,남,패딩,니트,기모청바지,히트텍,"목도리, 장갑, 핫팩"
24,25,비,남,가디건,긴팔티,슬랙스,얇은 이너,"레인부츠, 우산"
26,24,눈,남,얇은 가디건,반팔,면반바지,없음,"모자, 부츠, 선글라스, 양산, 장갑"
11,7,맑음,여,후드집업,맨투맨,슬랙스,얇은 이너,없음
0,1,맑음,남,패딩,히트텍,기모바지,히트텍,"목도리, 장갑, 핫팩"
11,9,눈,남,후드집업,맨투맨,청바지,얇은 이너,"부츠, 장갑"
31,30,비,여,없음,반팔,치마,없음,"레인부츠, 모자, 선글라스, 양산, 우산"
-4,-3,흐림,남,코트,히트텍,기모청바지,히트텍,"목도리, 장갑, 핫팩"
-5,-5,비,여,패딩,니트,기모레깅스,히트텍,"레인부츠, 목도리, 우산, 장갑, 핫팩"
22,23,눈,여,가디건,후드티,롱스커트,없음,"부츠, 장갑"
-4,-5,맑음,남,패딩,기모후드,기모바지,히트텍,"목도리, 장갑, 핫팩"
35,36,맑음,여,없음,반팔,치마,없음,"모자, 선글라스, 양산"
6,4,눈,남,코트,니트,기모청바지,히트텍,"부츠, 장갑"
6,9,맑음,여,패딩,히트텍,기모치마,히트텍,없음
13,13,맑음,여,가디건,맨투맨,청바지,없음,없음
-4,-8,흐림,남,코트,기모후드,기모바지,히트텍,"목도리, 장갑, 핫팩"
1,2,맑음,남,패딩,기모후드,기모청바지,히트텍,"목도리, 장갑, 핫팩"
21,16,흐림,여,후드집업,후드티,슬랙스,없음,없음
22,17,흐림,여,자켓,후드티,슬랙스,얇은 이너,없음
-1,1,맑음,여,패딩,기모후드,기모바지,히트텍,"목도리, 장갑, 핫팩"
10,9,눈,여,자켓,맨투맨,슬랙스,얇은 이너,"부츠, 장갑"
9,7,눈,남,코트,히트텍,기모청바지,히트텍,"부츠, 장갑"
0,1,눈,남,롱패딩,니트,기모바지,히트텍,"목도리, 부츠, 장갑, 핫팩"
15,18,맑음,여,후드집업,긴팔티,롱스커트,얇은 이너,없음
6,2,비,여,코트,니트,기모치마,히트텍,"레인부츠, 우산"
20,15,비,여,가디건,긴팔티,슬랙스,얇은 이너,"레인부츠, 우산"
1,-1,비,여,롱패딩,히트텍,기모치마,히트텍,"레인부츠, 목도리, 우산, 장갑, 핫팩"
34,30,흐림,여,얇은 가디건,민소매,반바지,없음,"모자, 선글라스, 양산"
2,2,맑음,남,패딩,기모후드,기모청바지,히트텍,"목도리, 장갑, 핫팩"
-7,-7,맑음,남,패딩,기모후드,기모청바지,히트텍,"목도리, 장갑, 핫팩"
27,24,눈,여,없음,반팔,반바지,없음,"모자, 부츠, 선글라스, 양산, 장갑"
12,10,눈,남,가디건,맨투맨,면바지,얇은 이너,"부츠, 장갑"
18,17,눈,여,자켓,후드티,청바지,없음,"부츠, 장갑"
15,10,눈,남,가디건,긴팔티,청바지,얇은 이너,"부츠, 장갑"
21,19,흐림,남,자켓,후드티,청바지,없음,없음
23,19,비,남,후드집업,긴팔티,면바지,얇은 이너,"레인부츠, 우산"
26,23,눈,여,없음,민소매,치마,없음,"모자, 부츠, 선글라스, 양산, 장갑"
16,11,맑음,여,자켓,맨투맨,청바지,얇은 이너,없음
-1,-2,흐림,남,패딩,히트텍,기모청바지,히트텍,"목도리, 장갑, 핫팩"
34,34,비,여,없음,민소매,반바지,없음,"레인부츠, 모자, 선글라스, 양산, 우산"
20,19,눈,남,후드집업,후드티,청바지,없음,"부츠, 장갑"
13,16,눈,남,가디건,후드티,슬랙스,얇은 이너,"부츠, 장갑"
9,10,눈,남,롱패딩,히트텍,기모바지,히트텍,"부츠, 장갑"
6,7,눈,여,코트,기모후드,기모레깅스,히트텍,"부츠, 장갑"
19,20,비,남,가디건,후드티,면바지,없음,"레인부츠, 우산"
5,2,비,여,롱패딩,히트텍,기모치마,히트텍,"레인부츠, 목도리, 우산, 장갑, 핫팩"
0,-3,흐림,남,패딩,기모후드,기모청바지,히트텍,"목도리, 장갑, 핫팩"
-2,-2,흐림,여,코트,니트,기모레깅스,히트텍,"목도리, 장갑, 핫팩"
17,18,눈,여,가디건,맨투맨,슬랙스,얇은 이너,"부츠, 장갑"
-7,-12,맑음,남,코트,니트,기모청바지,히트텍,"목도리, 장갑, 핫팩"
18,18,흐림,여,가디건,맨투맨,슬랙스,얇은 이너,없음
35,31,눈,여,얇은 가디건,반팔,반바지,없음,"모자, 부츠, 선글라스, 양산, 장갑"
16,14,맑음,여,가디건,긴팔티,롱스커트,얇은 이너,없음
14,16,눈,여,가디건,맨투맨,슬랙스,없음,"부츠, 장갑"
19,14,흐림,남,자켓,긴팔티,슬랙스,얇은 이너,없음
7,10,흐림,여,롱패딩,히트텍,기모레깅스,히트텍,없음
0,1,비,남,패딩,니트,기모청바지,히트텍,"레인부츠, 목도리, 우산, 장갑, 핫팩"
-9,-14,맑음,남,코트,니트,기모바지,히트텍,"목도리, 장갑, 핫팩"
27,24,맑음,남,얇은 가디건,민소매,면반바지,없음,"모자, 선글라스, 양산"
-8,-9,비,여,롱패딩,기모후드,기모바지,히트텍,"레인부츠, 목도리, 우산, 장갑, 핫팩"
21,22,맑음,여,자켓,맨투맨,청바지,얇은 이너,없음
-2,1,비,남,코트,기모후드,기모청바지,히트텍,"레인부츠, 목도리, 우산, 장갑, 핫팩"
10,10,맑음,여,가디건,후드티,슬랙스,얇은 이너,없음
4,2,흐림,남,롱패딩,기모후드,기모청바지,히트텍,"목도리, 장갑, 핫팩"
5,5,흐림,여,코트,히트텍,기모레깅스,히트텍,"목도리, 장갑, 핫팩"
16,15,비,남,가디건,후드티,면바지,없음,"레인부츠, 우산"
0,3,맑음,남,롱패딩,니트,기모청바지,히트텍,"목도리, 장갑, 핫팩"
-4,-2,눈,남,코트,기모후드,기모바지,히트텍,"목도리, 부츠, 장갑, 핫팩"
19,14,흐림,남,자켓,후드티,슬랙스,얇은 이너,없음
-7,-6,눈,남,패딩,기모후드,기모청바지,히트텍,"목도리, 부츠, 장갑, 핫팩"
21,23,눈,여,가디건,긴팔티,청바지,얇은 이너,"부츠, 장갑"
27,22,비,남,없음,민소매,면반바지,없음,"레인부츠, 모자, 선글라스, 양산, 우산"
29,28,흐림,여,얇은 가디건,민소매,반바지,없음,"모자, 선글라스, 양산"
33,34,비,여,없음,민소매,치마,없음,"레인부츠, 모자, 선글라스, 양산, 우산"
16,18,흐림,여,자켓,후드티,청바지,없음,없음
19,21,비,남,자켓,후드티,슬랙스,없음,"레인부츠, 우산"
4,2,비,남,패딩,히트텍,기모청바지,히트텍,"레인부츠, 목도리, 우산, 장갑, 핫팩"
3,2,맑음,여,코트,기모후드,기모치마,히트텍,"목도리, 장갑, 핫팩"
1,0,흐림,남,코트,니트,기모청바지,히트텍,"목도리, 장갑, 핫팩"
28,31,맑음,남,없음,반팔,반바지,없음,"모자, 선글라스, 양산"
27,25,맑음,여,얇은 가디건,민소매,치마,없음,"모자, 선글라스, 양산"
-1,0,흐림,남,롱패딩,니트,기모청바지,히트텍,"목도리, 장갑, 핫팩"
-3,-6,비,남,롱패딩,니트,기모바지,히트텍,"레인부츠, 목도리, 우산, 장갑, 핫팩"
19,22,맑음,남,가디건,긴팔티,면바지,얇은 이너,없음
12,8,맑음,여,후드집업,긴팔티,청바지,없음,없음
21,22,눈,남,후드집업,맨투맨,슬랙스,얇은 이너,"부츠, 장갑"
35,37,비,남,없음,민소매,면반바지,없음,"레인부츠, 모자, 선글라스, 양산, 우산"
22,17,눈,남,가디건,긴팔티,슬랙스,얇은 이너,"부츠, 장갑"
-1,2,비,남,패딩,니트,기모청바지,히트텍,"레인부츠, 목도리, 우산, 장갑, 핫팩"
13,14,눈,여,자켓,맨투맨,롱스커트,얇은 이너,"부츠, 장갑"
28,25,눈,여,없음,반팔,치마,없음,"모자, 부츠, 선글라스, 양산, 장갑"
35,35,눈,남,없음,민소매,면반바지,없음,"모자, 부츠, 선글라스, 양산, 장갑"
13,12,흐림,남,후드집업,맨투맨,슬랙스,없음,없음
25,25,비,남,얇은 가디건,반팔,면반바지,없음,"레인부츠, 모자, 선글라스, 양산, 우산"
7,7,흐림,여,코트,니트,기모레깅스,히트텍,없음
-9,-13,눈,남,패딩,기모후드,기모청바지,히트텍,"목도리, 부츠, 장갑, 핫팩"
14,17,맑음,남,후드집업,후드티,청바지,얇은 이너,없음
30,27,맑음,남,없음,반팔,면반바지,없음,"모자, 선글라스, 양산"
17,17,눈,여,가디건,후드티,청바지,얇은 이너,"부츠, 장갑"
12,7,맑음,여,자켓,맨투맨,청바지,없음,없음
-9,-14,맑음,여,코트,히트텍,기모레깅스,히트텍,"목도리, 장갑, 핫팩"
16,11,눈,여,후드집업,후드티,롱스커트,얇은 이너,"부츠, 장갑"
35,30,눈,남,없음,민소매,반바지,없음,"모자, 부츠, 선글라스, 양산, 장갑"
33,29,눈,남,없음,반팔,반바지,없음,"모자, 부츠, 선글라스, 양산, 장갑"
23,25,흐림,남,후드집업,후드티,슬랙스,없음,없음
27,25,흐림,여,없음,반팔,치마,없음,"모자, 선글라스, 양산"
5,7,흐림,남,롱패딩,히트텍,기모청바지,히트텍,"목도리, 장갑, 핫팩"
14,11,비,남,가디건,후드티,청바지,얇은 이너,"레인부츠, 우산"
17,16,흐림,남,가디건,맨투맨,청바지,얇은 이너,없음
0,-2,눈,남,코트,기모후드,기모청바지,히트텍,"목도리, 부츠, 장갑, 핫팩"
1,2,맑음,남,코트,니트,기모청바지,히트텍,"목도리, 장갑, 핫팩"
29,32,흐림,여,얇은 가디건,반팔,반바지,없음,"모자, 선글라스, 양산"
35,32,비,여,얇은 가디건,반팔,치마,없음,"레인부츠, 모자, 선글라스, 양산, 우산"
11,8,비,여,가디건,후드티,롱스커트,얇은 이너,"레인부츠, 우산"
23,26,흐림,여,후드집업,후드티,청바지,없음,없음
22,24,비,남,후드집업,맨투맨,면바지,얇은 이너,"레인부츠, 우산"
29,27,맑음,남,없음,민소매,반바지,없음,"모자, 선글라스, 양산"
20,22,눈,여,자켓,맨투맨,청바지,없음,"부츠, 장갑"
15,18,비,남,가디건,후드티,면바지,없음,"레인부츠, 우산"
14,17,눈,남,자켓,맨투맨,청바지,없음,"부츠, 장갑"
10,5,눈,여,자켓,긴팔티,슬랙스,얇은 이너,"부츠, 장갑"
9,10,눈,남,롱패딩,기모후드,기모바지,히트텍,"부츠, 장갑"
11,14,흐림,남,가디건,맨투맨,청바지,없음,없음
-9,-7,흐림,남,패딩,히트텍,기모바지,히트텍,"목도리, 장갑, 핫팩"
-8,-6,흐림,남,패딩,기모후드,기모바지,히트텍,"목도리, 장갑, 핫팩"
25,21,눈,여,얇은 가디건,반팔,반바지,없음,"모자, 부츠, 선글라스, 양산, 장갑"
28,25,눈,남,없음,반팔,반바지,없음,"모자, 부츠, 선글라스, 양산, 장갑"
33,31,흐림,남,얇은 가디건,반팔,면반바지,없음,"모자, 선글라스, 양산"
15,18,눈,여,가디건,맨투맨,슬랙스,얇은 이너,"부츠, 장갑"
23,25,비,여,후드집업,후드티,롱스커트,없음,"레인부츠, 우산"
26,26,비,남,얇은 가디건,반팔,면반바지,없음,"레인부츠, 모자, 선글라스, 양산, 우산"
32,28,비,남,없음,반팔,면반바지,없음,"레인부츠, 모자, 선글라스, 양산, 우산"
33,32,비,남,얇은 가디건,반팔,면반바지,없음,"레인부츠, 모자, 선글라스, 양산, 우산"
34,35,비,여,없음,민소매,치마,없음,"레인부츠, 모자, 선글라스, 양산, 우산"
-3,-7,흐림,남,롱패딩,기모후드,기모청바지,히트텍,"목도리, 장갑, 핫팩"
-10,-7,비,여,패딩,히트텍,기모레깅스,히트텍,"레인부츠, 목도리, 우산, 장갑, 핫팩"
20,16,비,여,자켓,긴팔티,롱스커트,없음,"레인부츠, 우산"
-4,-8,흐림,남,롱패딩,히트텍,기모청바지,히트텍,"목도리, 장갑, 핫팩"
29,32,비,남,얇은 가디건,반팔,반바지,없음,"레인부츠, 모자, 선글라스, 양산, 우산"
18,15,눈,여,자켓,맨투맨,롱스커트,얇은 이너,"부츠, 장갑"
16,15,맑음,남,자켓,긴팔티,슬랙스,없음,없음
-9,-10,눈,남,롱패딩,히트텍,기모바지,히트텍,"목도리, 부츠, 장갑, 핫팩"
0,-5,눈,여,패딩,히트텍,기모바지,히트텍,"목도리, 부츠, 장갑, 핫팩"
33,36,눈,여,얇은 가디건,반팔,치마,없음,"모자, 부츠, 선글라스, 양산, 장갑"
0,-3,비,여,롱패딩,니트,기모치마,히트텍,"레인부츠, 목도리, 우산, 장갑, 핫팩"
17,13,비,남,가디건,맨투맨,청바지,없음,"레인부츠, 우산"
35,38,맑음,남,얇은 가디건,민소매,면반바지,없음,"모자, 선글라스, 양산"
34,29,흐림,여,얇은 가디건,반팔,치마,없음,"모자, 선글라스, 양산"
17,12,흐림,여,가디건,긴팔티,청바지,얇은 이너,없음
-8,-13,흐림,남,패딩,기모후드,기모바지,히트텍,"목도리, 장갑, 핫팩"
5,3,흐림,여,롱패딩,니트,기모치마,히트텍,"목도리, 장갑, 핫팩"
-10,-9,비,여,코트,히트텍,기모바지,히트텍,"레인부츠, 목도리, 우산, 장갑, 핫팩"
4,7,비,남,롱패딩,니트,기모바지,히트텍,"레인부츠, 목도리, 우산, 장갑, 핫팩"
14,16,눈,여,가디건,후드티,슬랙스,없음,"부츠, 장갑"
21,21,비,여,후드집업,후드티,롱스커트,없음,"레인부츠, 우산"
13,8,흐림,여,자켓,맨투맨,청바지,얇은 이너,없음
4,-1,눈,남,패딩,히트텍,기모바지,히트텍,"목도리, 부츠, 장갑, 핫팩"
-7,-7,비,여,패딩,니트,기모치마,히트텍,"레인부츠, 목도리, 우산, 장갑, 핫팩"
-4,-2,흐림,남,롱패딩,기모후드,기모청바지,히트텍,"목도리, 장갑, 핫팩"
-1,-3,눈,여,코트,히트텍,기모치마,히트텍,"목도리, 부츠, 장갑, 핫팩"
-4,-7,비,남,코트,히트텍,기모청바지,히트텍,"레인부츠, 목도리, 우산, 장갑, 핫팩"
17,19,눈,남,후드집업,맨투맨,청바지,없음,"부츠, 장갑"
18,18,맑음,남,가디건,후드티,슬랙스,없음,없음
28,29,맑음,남,없음,반팔,면반바지,없음,"모자, 선글라스, 양산"
-5,-8,흐림,남,패딩,기모후드,기모바지,히트텍,"목도리, 장갑, 핫팩"
31,26,비,남,없음,반팔,반바지,없음,"레인부츠, 모자, 선글라스, 양산, 우산"
35,30,맑음,여,없음,민소매,반바지,없음,"모자, 선글라스, 양산"
23,19,맑음,여,후드집업,맨투맨,롱스커트,없음,없음
19,21,비,남,자켓,맨투맨,청바지,없음,"레인부츠, 우산"
33,35,맑음,남,얇은 가디건,반팔,반바지,없음,"모자, 선글라스, 양산"
13,10,맑음,여,후드집업,후드티,청바지,없음,없음
3,6,눈,남,패딩,기모후드,기모바지,히트텍,"목도리, 부츠, 장갑, 핫팩"
-7,-9,비,여,롱패딩,히트텍,기모치마,히트텍,"레인부츠, 목도리, 우산, 장갑, 핫팩"
35,33,눈,여,없음,민소매,치마,없음,"모자, 부츠, 선글라스, 양산, 장갑"
29,26,눈,여,없음,반팔,반바지,없음,"모자, 부츠, 선글라스, 양산, 장갑"
5,4,맑음,여,롱패딩,히트텍,기모레깅스,히트텍,"목도리, 장갑, 핫팩"
31,34,눈,남,없음,민소매,반바지,없음,"모자, 부츠, 선글라스, 양산, 장갑"
7,6,눈,여,패딩,기모후드,기모치마,히트텍,"부츠, 장갑"
33,29,흐림,여,없음,민소매,반바지,없음,"모자, 선글라스, 양산"
23,21,흐림,남,후드집업,후드티,슬랙스,없음,없음
0,-5,눈,남,롱패딩,히트텍,기모바지,히트텍,"목도리, 부츠, 장갑, 핫팩"
10,10,눈,여,후드집업,후드티,슬랙스,없음,"부츠, 장갑"
26,28,맑음,남,얇은 가디건,민소매,면반바지,없음,"모자, 선글라스, 양산"
18,14,눈,남,후드집업,맨투맨,면바지,얇은 이너,"부츠, 장갑"
35,30,흐림,여,없음,반팔,치마,없음,"모자, 선글라스, 양산"
21,24,흐림,여,자켓,긴팔티,슬랙스,얇은 이너,없음
4,5,비,남,패딩,기모후드,기모바지,히트텍,"레인부츠, 목도리, 우산, 장갑, 핫팩"
15,10,눈,여,자켓,맨투맨,슬랙스,없음,"부츠, 장갑"
0,-4,흐림,남,패딩,기모후드,기모바지,히트텍,"목도리, 장갑, 핫팩"
16,12,흐림,여,자켓,맨투맨,청바지,없음,없음
-9,-8,맑음,여,코트,히트텍,기모치마,히트텍,"목도리, 장갑, 핫팩"
-1,2,맑음,여,롱패딩,히트텍,기모바지,히트텍,"목도리, 장갑, 핫팩"
18,20,흐림,여,자켓,후드티,청바지,없음,없음
7,3,흐림,여,롱패딩,히트텍,기모치마,히트텍,없음
25,20,맑음,남,얇은 가디건,반팔,반바지,없음,"모자, 선글라스, 양산"
28,28,눈,여,얇은 가디건,민소매,치마,없음,"모자, 부츠, 선글라스, 양산, 장갑"
-3,-1,맑음,여,패딩,기모후드,기모치마,히트텍,"목도리, 장갑, 핫팩"
6,5,맑음,남,코트,히트텍,기모바지,히트텍,없음
-2,0,비,여,코트,히트텍,기모레깅스,히트텍,"레인부츠, 목도리, 우산, 장갑, 핫팩"
35,30,비,여,없음,민소매,반바지,없음,"레인부츠, 모자, 선글라스, 양산, 우산"
3,3,눈,여,롱패딩,기모후드,기모레깅스,히트텍,"목도리, 부츠, 장갑, 핫팩"
12,12,맑음,여,자켓,후드티,청바지,얇은 이너,없음
15,10,흐림,여,후드집업,후드티,롱스커트,없음,없음
-6,-3,비,남,패딩,니트,기모청바지,히트텍,"레인부츠, 목도리, 우산, 장갑, 핫팩"
4,7,흐림,남,코트,히트텍,기모바지,히트텍,"목도리, 장갑, 핫팩"
-3,-7,흐림,남,롱패딩,히트텍,기모바지,히트텍,"목도리, 장갑, 핫팩"
-3,-2,비,남,롱패딩,기모후드,기모바지,히트텍,"레인부츠, 목도리, 우산, 장갑, 핫팩"
22,18,비,남,후드집업,맨투맨,청바지,얇은 이너,"레인부츠, 우산"
8,8,눈,남,코트,기모후드,기모청바지,히트텍,"부츠, 장갑"
1,1,맑음,남,코트,히트텍,기모청바지,히트텍,"목도리, 장갑, 핫팩"
4,1,눈,여,롱패딩,기모후드,기모치마,히트텍,"목도리, 부츠, 장갑, 핫팩"
35,38,맑음,여,얇은 가디건,반팔,반바지,없음,"모자, 선글라스, 양산"
32,34,맑음,남,얇은 가디건,반팔,면반바지,없음,"모자, 선글라스, 양산"
0,-5,눈,여,코트,히트텍,기모치마,히트텍,"목도리, 부츠, 장갑, 핫팩"
27,26,맑음,남,얇은 가디건,반팔,반바지,없음,"모자, 선글라스, 양산"
7,9,흐림,여,코트,히트텍,기모바지,히트텍,없음
33,29,맑음,여,얇은 가디건,민소매,치마,없음,"모자, 선글라스, 양산"
35,36,비,남,얇은 가디건,반팔,반바지,없음,"레인부츠, 모자, 선글라스, 양산, 우산"
5,3,흐림,여,패딩,히트텍,기모레깅스,히트텍,"목도리, 장갑, 핫팩"
-9,-10,눈,남,코트,히트텍,기모바지,히트텍,"목도리, 부츠, 장갑, 핫팩"
24,27,맑음,남,후드집업,맨투맨,슬랙스,얇은 이너,없음
13,10,흐림,여,후드집업,후드티,롱스커트,얇은 이너,없음
-2,1,비,여,패딩,니트,기모레깅스,히트텍,"레인부츠, 목도리, 우산, 장갑, 핫팩"
4,6,비,여,롱패딩,니트,기모치마,히트텍,"레인부츠, 목도리, 우산, 장갑, 핫팩"
26,29,흐림,남,없음,반팔,면반바지,없음,"모자, 선글라스, 양산"
35,32,맑음,여,없음,민소매,치마,없음,"모자, 선글라스, 양산"
9,10,비,여,롱패딩,니트,기모레깅스,히트텍,"레인부츠, 우산"
16,16,흐림,여,후드집업,후드티,슬랙스,얇은 이너,없음
10,11,비,남,자켓,맨투맨,슬랙스,얇은 이너,"레인부츠, 우산"
0,-4,맑음,여,코트,기모후드,기모치마,히트텍,"목도리, 장갑, 핫팩"
-7,-12,눈,여,롱패딩,기모후드,기모레깅스,히트텍,"목도리, 부츠, 장갑, 핫팩"
-10,-10,맑음,남,코트,니트,기모청바지,히트텍,"목도리, 장갑, 핫팩"
3,6,눈,여,롱패딩,기모후드,기모치마,히트텍,"목도리, 부츠, 장갑, 핫팩"
17,16,눈,남,후드집업,긴팔티,청바지,얇은 이너,"부츠, 장갑"
20,16,눈,여,자켓,후드티,청바지,없음,"부츠, 장갑"
-10,-8,맑음,여,패딩,기모후드,기모레깅스,히트텍,"목도리, 장갑, 핫팩"
33,35,흐림,남,얇은 가디건,반팔,반바지,없음,"모자, 선글라스, 양산"
22,22,맑음,남,후드집업,후드티,청바지,얇은 이너,없음
7,5,맑음,여,패딩,니트,기모치마,히트텍,없음
24,21,흐림,남,자켓,맨투맨,슬랙스,없음,없음
13,11,맑음,여,후드집업,맨투맨,롱스커트,없음,없음
32,35,비,남,없음,반팔,면반바지,없음,"레인부츠, 모자, 선글라스, 양산, 우산"
9,4,눈,여,롱패딩,히트텍,기모치마,히트텍,"부츠, 장갑"
22,21,맑음,여,가디건,맨투맨,롱스커트,얇은 이너,없음
19,21,맑음,남,후드집업,후드티,청바지,얇은 이너,없음
14,13,눈,남,후드집업,긴팔티,슬랙스,얇은 이너,"부츠, 장갑"
-6,-6,눈,여,패딩,니트,기모레깅스,히트텍,"목도리, 부츠, 장갑, 핫팩"
28,25,눈,남,얇은 가디건,민소매,반바지,없음,"모자, 부츠, 선글라스, 양산, 장갑"
-3,-8,비,여,롱패딩,니트,기모치마,히트텍,"레인부츠, 목도리, 우산, 장갑, 핫팩"
29,24,비,여,없음,반팔,치마,없음,"레인부츠, 모자, 선글라스, 양산, 우산"
-7,-4,비,남,롱패딩,니트,기모청바지,히트텍,"레인부츠, 목도리, 우산, 장갑, 핫팩"
16,13,맑음,여,후드집업,후드티,청바지,없음,없음
10,13,비,남,후드집업,후드티,청바지,없음,"레인부츠, 우산"
33,35,맑음,여,없음,민소매,반바지,없음,"모자, 선글라스, 양산"
34,36,눈,여,없음,민소매,반바지,없음,"모자, 부츠, 선글라스, 양산, 장갑"
30,26,비,여,없음,민소매,치마,없음,"레인부츠, 모자, 선글라스, 양산, 우산"
4,-1,흐림,남,코트,니트,기모청바지,히트텍,"목도리, 장갑, 핫팩"
27,29,흐림,여,얇은 가디건,민소매,반바지,없음,"모자, 선글라스, 양산"
30,32,흐림,여,없음,민소매,반바지,없음,"모자, 선글라스, 양산"
-7,-6,맑음,여,롱패딩,히트텍,기모바지,히트텍,"목도리, 장갑, 핫팩"
35,30,눈,남,얇은 가디건,반팔,반바지,없음,"모자, 부츠, 선글라스, 양산, 장갑"
22,18,비,남,후드집업,긴팔티,슬랙스,얇은 이너,"레인부츠, 우산"
27,24,눈,남,얇은 가디건,반팔,면반바지,없음,"모자, 부츠, 선글라스, 양산, 장갑"
7,7,눈,남,코트,니트,기모바지,히트텍,"부츠, 장갑"
-7,-7,흐림,여,롱패딩,히트텍,기모치마,히트텍,"목도리, 장갑, 핫팩"
29,30,비,여,없음,민소매,반바지,없음,"레인부츠, 모자, 선글라스, 양산, 우산"
13,10,흐림,남,후드집업,후드티,면바지,얇은 이너,없음
27,29,눈,남,없음,반팔,면반바지,없음,"모자, 부츠, 선글라스, 양산, 장갑"
34,32,눈,여,없음,반팔,치마,없음,"모자, 부츠, 선글라스, 양산, 장갑"
19,15,흐림,여,자켓,긴팔티,슬랙스,없음,없음
15,13,맑음,여,후드집업,맨투맨,슬랙스,얇은 이너,없음
22,19,비,여,자켓,맨투맨,롱스커트,없음,"레인부츠, 우산"
17,13,맑음,남,자켓,긴팔티,슬랙스,얇은 이너,없음
5,7,비,남,롱패딩,기모후드,기모청바지,히트텍,"레인부츠, 목도리, 우산, 장갑, 핫팩"
19,16,비,여,가디건,맨투맨,롱스커트,없음,"레인부츠, 우산"
9,4,비,여,롱패딩,니트,기모레깅스,히트텍,"레인부츠, 우산"
4,1,눈,여,패딩,히트텍,기모레깅스,히트텍,"목도리, 부츠, 장갑, 핫팩"
29,25,눈,여,없음,반팔,치마,없음,"모자, 부츠, 선글라스, 양산, 장갑"
18,16,눈,남,후드집업,맨투맨,청바지,얇은 이너,"부츠, 장갑"
15,14,눈,남,가디건,맨투맨,면바지,없음,"부츠, 장갑"
16,17,흐림,남,후드집업,긴팔티,청바지,없음,없음
-4,-6,눈,남,코트,기모후드,기모바지,히트텍,"목도리, 부츠, 장갑, 핫팩"
-10,-15,비,남,코트,니트,기모바지,히트텍,"레인부츠, 목도리, 우산, 장갑, 핫팩"
16,16,비,남,가디건,맨투맨,슬랙스,얇은 이너,"레인부츠, 우산"
9,5,맑음,여,패딩,니트,기모치마,히트텍,없음
-8,-9,비,여,코트,니트,기모바지,히트텍,"레인부츠, 목도리, 우산, 장갑, 핫팩"
27,22,비,남,얇은 가디건,민소매,면반바지,없음,"레인부츠, 모자, 선글라스, 양산, 우산"
20,20,비,여,가디건,후드티,청바지,얇은 이너,"레인부츠, 우산"
15,16,눈,남,가디건,후드티,면바지,얇은 이너,"부츠, 장갑"
33,30,비,남,없음,민소매,반바지,없음,"레인부츠, 모자, 선글라스, 양산, 우산"
8,9,비,여,코트,니트,기모바지,히트텍,"레인부츠, 우산"
5,4,비,남,코트,히트텍,기모청바지,히트텍,"레인부츠, 목도리, 우산, 장갑, 핫팩"
24,20,눈,남,후드집업,후드티,면바지,얇은 이너,"부츠, 장갑"
35,37,맑음,남,얇은 가디건,반팔,면반바지,없음,"모자, 선글라스, 양산"
17,17,눈,남,자켓,긴팔티,면바지,얇은 이너,"부츠, 장갑"
1,-2,비,여,코트,니트,기모레깅스,히트텍,"레인부츠, 목도리, 우산, 장갑, 핫팩"
31,29,맑음,여,없음,반팔,치마,없음,"모자, 선글라스, 양산"
25,26,비,여,얇은 가디건,반팔,반바지,없음,"레인부츠, 모자, 선글라스, 양산, 우산"
10,8,흐림,남,자켓,긴팔티,청바지,얇은 이너,없음
0,2,맑음,남,패딩,기모후드,기모바지,히트텍,"목도리, 장갑, 핫팩"
-6,-6,비,남,코트,니트,기모청바지,히트텍,"레인부츠, 목도리, 우산, 장갑, 핫팩"
34,37,맑음,남,얇은 가디건,반팔,면반바지,없음,"모자, 선글라스, 양산"
-6,-11,비,여,패딩,히트텍,기모레깅스,히트텍,"레인부츠, 목도리, 우산, 장갑, 핫팩"
30,26,비,여,없음,반팔,반바지,없음,"레인부츠, 모자, 선글라스, 양산, 우산"
31,27,흐림,여,없음,민소매,치마,없음,"모자, 선글라스, 양산"
31,32,눈,여,얇은 가디건,반팔,반바지,없음,"모자, 부츠, 선글라스, 양산, 장갑"
32,34,비,남,없음,민소매,면반바지,없음,"레인부츠, 모자, 선글라스, 양산, 우산"
24,19,흐림,남,자켓,맨투맨,슬랙스,얇은 이너,없음
-5,-10,비,남,롱패딩,기모후드,기모바지,히트텍,"레인부츠, 목도리, 우산, 장갑, 핫팩"
20,20,눈,남,가디건,맨투맨,면바지,얇은 이너,"부츠, 장갑"
15,18,흐림,여,후드집업,긴팔티,슬랙스,얇은 이너,없음
23,26,맑음,여,자켓,맨투맨,슬랙스,얇은 이너,없음
30,28,맑음,남,얇은 가디건,민소매,반바지,없음,"모자, 선글라스, 양산"
7,3,눈,여,코트,히트텍,기모치마,히트텍,"부츠, 장갑"
3,3,눈,남,코트,히트텍,기모바지,히트텍,"목도리, 부츠, 장갑, 핫팩"
21,22,눈,남,자켓,후드티,면바지,없음,"부츠, 장갑"
7,10,눈,남,패딩,기모후드,기모바지,히트텍,"부츠, 장갑"
18,18,눈,여,자켓,긴팔티,청바지,없음,"부츠, 장갑"
-9,-6,흐림,여,코트,기모후드,기모치마,히트텍,"목도리, 장갑, 핫팩"
13,12,비,남,후드집업,후드티,청바지,없음,"레인부츠, 우산"
26,21,눈,남,없음,민소매,반바지,없음,"모자, 부츠, 선글라스, 양산, 장갑"
-3,-2,눈,남,패딩,니트,기모청바지,히트텍,"목도리, 부츠, 장갑, 핫팩"
11,7,비,여,후드집업,맨투맨,슬랙스,없음,"레인부츠, 우산"
-9,-14,비,여,패딩,기모후드,기모레깅스,히트텍,"레인부츠, 목도리, 우산, 장갑, 핫팩"
8,6,흐림,여,코트,히트텍,기모바지,히트텍,없음
12,11,흐림,남,가디건,긴팔티,슬랙스,없음,없음
26,29,비,남,없음,반팔,반바지,없음,"레인부츠, 모자, 선글라스, 양산, 우산"
-2,-1,비,여,코트,히트텍,기모레깅스,히트텍,"레인부츠, 목도리, 우산, 장갑, 핫팩"
23,19,맑음,남,자켓,후드티,청바지,없음,없음
-7,-9,흐림,여,코트,기모후드,기모레깅스,히트텍,"목도리, 장갑, 핫팩"
-4,-7,비,남,코트,기모후드,기모바지,히트텍,"레인부츠, 목도리, 우산, 장갑, 핫팩"
7,10,맑음,여,패딩,기모후드,기모레깅스,히트텍,없음
16,13,눈,남,자켓,후드티,슬랙스,얇은 이너,"부츠, 장갑"
-9,-7,흐림,여,패딩,히트텍,기모바지,히트텍,"목도리, 장갑, 핫팩"
12,7,눈,남,후드집업,후드티,면바지,없음,"부츠, 장갑"
16,19,흐림,남,후드집업,긴팔티,면바지,얇은 이너,없음
-2,-3,흐림,여,패딩,기모후드,기모치마,히트텍,"목도리, 장갑, 핫팩"
15,10,비,여,가디건,후드티,슬랙스,없음,"레인부츠, 우산"
22,23,비,여,자켓,맨투맨,슬랙스,얇은 이너,"레인부츠, 우산"
21,18,맑음,여,후드집업,맨투맨,청바지,없음,없음
25,20,눈,남,없음,민소매,반바지,없음,"모자, 부츠, 선글라스, 양산, 장갑"
-9,-7,맑음,여,롱패딩,기모후드,기모레깅스,히트텍,"목도리, 장갑, 핫팩"
12,9,맑음,여,가디건,맨투맨,롱스커트,얇은 이너,없음
-3,-2,비,남,패딩,니트,기모바지,히트텍,"레인부츠, 목도리, 우산, 장갑, 핫팩"
19,20,비,남,자켓,맨투맨,면바지,얇은 이너,"레인부츠, 우산"
5,4,흐림,여,패딩,히트텍,기모바지,히트텍,"목도리, 장갑, 핫팩"
-5,-9,흐림,남,패딩,히트텍,기모청바지,히트텍,"목도리, 장갑, 핫팩"
-3,-4,흐림,남,패딩,니트,기모청바지,히트텍,"목도리, 장갑, 핫팩"
14,13,흐림,여,후드집업,맨투맨,슬랙스,얇은 이너,없음
-7,-5,비,여,롱패딩,니트,기모치마,히트텍,"레인부츠, 목도리, 우산, 장갑, 핫팩"
16,13,맑음,남,후드집업,후드티,면바지,얇은 이너,없음
26,24,맑음,여,없음,민소매,반바지,없음,"모자, 선글라스, 양산"
14,11,맑음,남,가디건,후드티,청바지,얇은 이너,없음
-3,-7,흐림,여,패딩,니트,기모바지,히트텍,"목도리, 장갑, 핫팩"
9,9,흐림,여,코트,기모후드,기모바지,히트텍,없음
8,6,비,여,롱패딩,기모후드,기모바지,히트텍,"레인부츠, 우산"
15,12,비,여,자켓,긴팔티,롱스커트,얇은 이너,"레인부츠, 우산"
-4,-7,눈,여,롱패딩,히트텍,기모바지,히트텍,"목도리, 부츠, 장갑, 핫팩"
9,12,맑음,남,코트,히트텍,기모청바지,히트텍,없음
30,26,맑음,남,없음,민소매,반바지,없음,"모자, 선글라스, 양산"
0,1,맑음,남,패딩,히트텍,기모바지,히트텍,"목도리, 장갑, 핫팩"
14,13,흐림,여,가디건,맨투맨,롱스커트,없음,없음
35,37,비,여,얇은 가디건,반팔,치마,없음,"레인부츠, 모자, 선글라스, 양산, 우산"
-4,-4,맑음,여,코트,니트,기모치마,히트텍,"목도리, 장갑, 핫팩"
-7,-5,눈,남,롱패딩,니트,기모바지,히트텍,"목도리, 부츠, 장갑, 핫팩"
-3,-3,눈,여,롱패딩,기모후드,기모바지,히트텍,"목도리, 부츠, 장갑, 핫팩"
24,21,맑음,남,후드집업,긴팔티,청바지,얇은 이너,없음
15,11,흐림,남,자켓,맨투맨,면바지,없음,없음
2,1,눈,남,패딩,히트텍,기모청바지,히트텍,"목도리, 부츠, 장갑, 핫팩"
12,9,맑음,여,후드집업,후드티,롱스커트,얇은 이너,없음
-1,2,비,남,코트,니트,기모바지,히트텍,"레인부츠, 목도리, 우산, 장갑, 핫팩"
13,9,맑음,여,가디건,후드티,청바지,얇은 이너,없음
15,11,비,남,가디건,맨투맨,청바지,얇은 이너,"레인부츠, 우산"
-3,-3,눈,여,코트,기모후드,기모치마,히트텍,"목도리, 부츠, 장갑, 핫팩"
-8,-5,눈,여,롱패딩,기모후드,기모치마,히트텍,"목도리, 부츠, 장갑, 핫팩"
25,24,비,남,없음,민소매,반바지,없음,"레인부츠, 모자, 선글라스, 양산, 우산"
28,25,눈,남,없음,민소매,반바지,없음,"모자, 부츠, 선글라스, 양산, 장갑"
-8,-8,흐림,여,코트,기모후드,기모레깅스,히트텍,"목도리, 장갑, 핫팩"
-9,-13,눈,남,롱패딩,기모후드,기모바지,히트텍,"목도리, 부츠, 장갑, 핫팩"
-6,-3,눈,남,패딩,히트텍,기모바지,히트텍,"목도리, 부츠, 장갑, 핫팩"
31,31,맑음,여,없음,민소매,치마,없음,"모자, 선글라스, 양산"
31,29,맑음,여,얇은 가디건,반팔,반바지,없음,"모자, 선글라스, 양산"
24,25,눈,여,가디건,후드티,청바지,없음,"부츠, 장갑"
12,7,눈,남,가디건,긴팔티,슬랙스,얇은 이너,"부츠, 장갑"
18,19,비,남,가디건,맨투맨,면바지,얇은 이너,"레인부츠, 우산"
4,0,흐림,여,롱패딩,니트,기모바지,히트텍,"목도리, 장갑, 핫팩"
13,13,맑음,여,가디건,맨투맨,롱스커트,없음,없음
12,11,눈,남,가디건,긴팔티,청바지,없음,"부츠, 장갑"
20,17,눈,여,자켓,맨투맨,청바지,없음,"부츠, 장갑"
-9,-9,맑음,남,코트,기모후드,기모바지,히트텍,"목도리, 장갑, 핫팩"
25,27,흐림,남,없음,민소매,반바지,없음,"모자, 선글라스, 양산"
11,13,흐림,여,후드집업,후드티,청바지,없음,없음
0,1,흐림,남,코트,히트텍,기모바지,히트텍,"목도리, 장갑, 핫팩"
20,20,흐림,여,자켓,긴팔티,청바지,얇은 이너,없음
-7,-9,흐림,여,코트,니트,기모치마,히트텍,"목도리, 장갑, 핫팩"
-1,-1,비,남,롱패딩,니트,기모청바지,히트텍,"레인부츠, 목도리, 우산, 장갑, 핫팩"
4,7,맑음,남,패딩,니트,기모바지,히트텍,"목도리, 장갑, 핫팩"
1,-1,맑음,남,코트,히트텍,기모청바지,히트텍,"목도리, 장갑, 핫팩"
-4,-9,흐림,여,롱패딩,히트텍,기모레깅스,히트텍,"목도리, 장갑, 핫팩"
24,24,비,남,후드집업,맨투맨,면바지,없음,"레인부츠, 우산"
33,29,눈,남,없음,반팔,면반바지,없음,"모자, 부츠, 선글라스, 양산, 장갑"
-6,-4,눈,여,패딩,니트,기모레깅스,히트텍,"목도리, 부츠, 장갑, 핫팩"
26,24,맑음,여,없음,민소매,반바지,없음,"모자, 선글라스, 양산"
19,19,흐림,남,가디건,맨투맨,청바지,얇은 이너,없음
33,34,흐림,여,얇은 가디건,민소매,치마,없음,"모자, 선글라스, 양산"
25,23,눈,남,얇은 가디건,반팔,반바지,없음,"모자, 부츠, 선글라스, 양산, 장갑"
28,24,흐림,여,없음,민소매,치마,없음,"모자, 선글라스, 양산"
1,2,비,남,코트,기모후드,기모바지,히트텍,"레인부츠, 목도리, 우산, 장갑, 핫팩"
35,37,흐림,여,얇은 가디건,반팔,반바지,없음,"모자, 선글라스, 양산"
17,13,비,남,후드집업,긴팔티,면바지,없음,"레인부츠, 우산"
3,0,흐림,여,코트,히트텍,기모치마,히트텍,"목도리, 장갑, 핫팩"
-9,-10,흐림,여,코트,기모후드,기모레깅스,히트텍,"목도리, 장갑, 핫팩"
35,36,눈,여,없음,반팔,반바지,없음,"모자, 부츠, 선글라스, 양산, 장갑"
26,26,흐림,여,없음,민소매,반바지,없음,"모자, 선글라스, 양산"
0,0,비,여,롱패딩,니트,기모바지,히트텍,"레인부츠, 목도리, 우산, 장갑, 핫팩"
-5,-9,비,여,롱패딩,히트텍,기모바지,히트텍,"레인부츠, 목도리, 우산, 장갑, 핫팩"
25,22,흐림,남,얇은 가디건,반팔,반바지,없음,"모자, 선글라스, 양산"
0,-3,비,여,롱패딩,니트,기모치마,히트텍,"레인부츠, 목도리, 우산, 장갑, 핫팩"
28,27,맑음,여,얇은 가디건,민소매,반바지,없음,"모자, 선글라스, 양산"
9,7,비,여,코트,히트텍,기모치마,히트텍,"레인부츠, 우산"
24,25,비,남,자켓,맨투맨,면바지,없음,"레인부츠, 우산"
6,9,비,여,코트,기모후드,기모레깅스,히트텍,"레인부츠, 우산"
-5,-4,비,남,패딩,니트,기모바지,히트텍,"레인부츠, 목도리, 우산, 장갑, 핫팩"
-3,-5,눈,여,롱패딩,기모후드,기모치마,히트텍,"목도리, 부츠, 장갑, 핫팩"
35,32,맑음,남,없음,민소매,반바지,없음,"모자, 선글라스, 양산"
8,11,흐림,여,코트,니트,기모레깅스,히트텍,없음
-4,-5,비,남,롱패딩,히트텍,기모바지,히트텍,"레인부츠, 목도리, 우산, 장갑, 핫팩"
13,14,맑음,남,후드집업,긴팔티,슬랙스,없음,없음
19,16,눈,여,후드집업,긴팔티,청바지,얇은 이너,"부츠, 장갑"
35,37,비,남,얇은 가디건,반팔,면반바지,없음,"레인부츠, 모자, 선글라스, 양산, 우산"
14,10,맑음,여,자켓,후드티,청바지,얇은 이너,없음
12,8,비,여,자켓,긴팔티,청바지,없음,"레인부츠, 우산"
1,0,눈,여,코트,니트,기모레깅스,히트텍,"목도리, 부츠, 장갑, 핫팩"
-10,-7,비,남,패딩,기모후드,기모바지,히트텍,"레인부츠, 목도리, 우산, 장갑, 핫팩"
15,13,맑음,남,자켓,후드티,슬랙스,없음,없음
12,12,흐림,남,가디건,긴팔티,청바지,얇은 이너,없음
23,21,흐림,여,자켓,후드티,청바지,얇은 이너,없음
3,0,맑음,남,패딩,히트텍,기모청바지,히트텍,"목도리, 장갑, 핫팩"
1,-4,맑음,여,패딩,기모후드,기모레깅스,히트텍,"목도리, 장갑, 핫팩"
15,12,맑음,남,자켓,긴팔티,청바지,없음,없음
-7,-11,흐림,여,패딩,기모후드,기모레깅스,히트텍,"목도리, 장갑, 핫팩"
21,21,흐림,여,자켓,긴팔티,슬랙스,없음,없음
17,14,맑음,남,자켓,맨투맨,면바지,없음,없음
-1,-4,비,남,패딩,기모후드,기모청바지,히트텍,"레인부츠, 목도리, 우산, 장갑, 핫팩"
35,37,눈,여,얇은 가디건,민소매,반바지,없음,"모자, 부츠, 선글라스, 양산, 장갑"
33,33,맑음,남,없음,민소매,반바지,없음,"모자, 선글라스, 양산"
28,28,눈,여,없음,민소매,반바지,없음,"모자, 부츠, 선글라스, 양산, 장갑"
26,27,눈,남,얇은 가디건,민소매,면반바지,없음,"모자, 부츠, 선글라스, 양산, 장갑"
5,4,흐림,남,롱패딩,히트텍,기모청바지,히트텍,"목도리, 장갑, 핫팩"
-4,-4,흐림,남,패딩,기모후드,기모청바지,히트텍,"목도리, 장갑, 핫팩"
8,10,눈,남,코트,히트텍,기모청바지,히트텍,"부츠, 장갑"
4,2,흐림,남,롱패딩,히트텍,기모바지,히트텍,"목도리, 장갑, 핫팩"
29,30,비,여,얇은 가디건,반팔,반바지,없음,"레인부츠, 모자, 선글라스, 양산, 우산"
-10,-10,비,남,패딩,기모후드,기모청바지,히트텍,"레인부츠, 목도리, 우산, 장갑, 핫팩"
22,24,맑음,여,가디건,후드티,롱스커트,얇은 이너,없음
-7,-7,비,여,코트,기모후드,기모바지,히트텍,"레인부츠, 목도리, 우산, 장갑, 핫팩"
-7,-9,비,여,롱패딩,히트텍,기모치마,히트텍,"레인부츠, 목도리, 우산, 장갑, 핫팩"
33,31,눈,여,없음,민소매,치마,없음,"모자, 부츠, 선글라스, 양산, 장갑"
-1,-6,비,여,롱패딩,히트텍,기모레깅스,히트텍,"레인부츠, 목도리, 우산, 장갑, 핫팩"
16,19,흐림,여,자켓,후드티,청바지,얇은 이너,없음
19,22,맑음,남,자켓,긴팔티,청바지,없음,없음
30,25,눈,남,얇은 가디건,반팔,반바지,없음,"모자, 부츠, 선글라스, 양산, 장갑"
28,26,흐림,남,없음,민소매,면반바지,없음,"모자, 선글라스, 양산"
10,13,맑음,남,가디건,맨투맨,면바지,얇은 이너,없음
-5,-5,비,여,패딩,니트,기모바지,히트텍,"레인부츠, 목도리, 우산, 장갑, 핫팩"
17,16,눈,남,후드집업,맨투맨,슬랙스,얇은 이너,"부츠, 장갑"
-7,-4,맑음,남,롱패딩,기모후드,기모청바지,히트텍,"목도리, 장갑, 핫팩"
-6,-8,눈,남,롱패딩,니트,기모바지,히트텍,"목도리, 부츠, 장갑, 핫팩"
19,22,비,남,가디건,후드티,슬랙스,얇은 이너,"레인부츠, 우산"
5,8,눈,여,코트,히트텍,기모치마,히트텍,"목도리, 부츠, 장갑, 핫팩"
22,17,맑음,남,가디건,긴팔티,슬랙스,얇은 이너,없음
-5,-3,비,남,패딩,니트,기모바지,히트텍,"레인부츠, 목도리, 우산, 장갑, 핫팩"
29,28,흐림,남,없음,민소매,면반바지,없음,"모자, 선글라스, 양산"
-4,-3,눈,남,롱패딩,기모후드,기모청바지,히트텍,"목도리, 부츠, 장갑, 핫팩"
2,3,눈,여,패딩,히트텍,기모레깅스,히트텍,"목도리, 부츠, 장갑, 핫팩"
0,1,눈,여,패딩,니트,기모치마,히트텍,"목도리, 부츠, 장갑, 핫팩"
17,17,눈,여,후드집업,후드티,슬랙스,없음,"부츠, 장갑"
-9,-10,맑음,남,패딩,니트,기모청바지,히트텍,"목도리, 장갑, 핫팩"
-8,-5,맑음,남,코트,히트텍,기모청바지,히트텍,"목도리, 장갑, 핫팩"
-10,-7,맑음,여,코트,기모후드,기모치마,히트텍,"목도리, 장갑, 핫팩"
12,7,비,여,후드집업,후드티,롱스커트,얇은 이너,"레인부츠, 우산"
25,26,흐림,여,얇은 가디건,반팔,반바지,없음,"모자, 선글라스, 양산"
29,25,맑음,남,얇은 가디건,반팔,반바지,없음,"모자, 선글라스, 양산"
14,14,흐림,남,가디건,긴팔티,면바지,없음,없음
32,32,비,여,얇은 가디건,민소매,치마,없음,"레인부츠, 모자, 선글라스, 양산, 우산"
-4,-4,비,남,코트,니트,기모청바지,히트텍,"레인부츠, 목도리, 우산, 장갑, 핫팩"
25,28,맑음,남,없음,반팔,반바지,없음,"모자, 선글라스, 양산"
-6,-9,눈,남,롱패딩,니트,기모청바지,히트텍,"목도리, 부츠, 장갑, 핫팩"
8,5,비,남,코트,기모후드,기모바지,히트텍,"레인부츠, 우산"
-1,-2,흐림,남,코트,히트텍,기모바지,히트텍,"목도리, 장갑, 핫팩"
16,16,맑음,남,가디건,후드티,슬랙스,없음,없음
-9,-14,눈,여,코트,기모후드,기모치마,히트텍,"목도리, 부츠, 장갑, 핫팩"
15,16,맑음,남,자켓,후드티,면바지,없음,없음
-4,-1,맑음,남,코트,히트텍,기모청바지,히트텍,"목도리, 장갑, 핫팩"
18,17,맑음,남,가디건,긴팔티,청바지,얇은 이너,없음
18,14,비,남,자켓,후드티,면바지,없음,"레인부츠, 우산"
28,31,맑음,여,얇은 가디건,민소매,치마,없음,"모자, 선글라스, 양산"
11,12,맑음,여,후드집업,후드티,슬랙스,얇은 이너,없음
24,23,눈,남,자켓,긴팔티,슬랙스,없음,"부츠, 장갑"
-5,-2,흐림,남,롱패딩,니트,기모청바지,히트텍,"목도리, 장갑, 핫팩"
23,21,비,여,가디건,긴팔티,청바지,없음,"레인부츠, 우산"
-2,-3,눈,남,패딩,니트,기모바지,히트텍,"목도리, 부츠, 장갑, 핫팩"
-9,-6,눈,여,코트,기모후드,기모레깅스,히트텍,"목도리, 부츠, 장갑, 핫팩"
18,19,비,여,가디건,후드티,롱스커트,얇은 이너,"레인부츠, 우산"
33,29,흐림,여,얇은 가디건,민소매,반바지,없음,"모자, 선글라스, 양산"
-7,-4,눈,남,패딩,기모후드,기모바지,히트텍,"목도리, 부츠, 장갑, 핫팩"
30,29,눈,여,얇은 가디건,민소매,반바지,없음,"모자, 부츠, 선글라스, 양산, 장갑"
-6,-5,흐림,여,코트,니트,기모레깅스,히트텍,"목도리, 장갑, 핫팩"
30,31,눈,여,얇은 가디건,민소매,치마,없음,"모자, 부츠, 선글라스, 양산, 장갑"
34,36,맑음,여,얇은 가디건,민소매,치마,없음,"모자, 선글라스, 양산"
34,30,눈,여,얇은 가디건,반팔,치마,없음,"모자, 부츠, 선글라스, 양산, 장갑"
2,-3,비,남,패딩,기모후드,기모청바지,히트텍,"레인부츠, 목도리, 우산, 장갑, 핫팩"
8,9,흐림,여,패딩,히트텍,기모치마,히트텍,없음
20,22,맑음,남,가디건,후드티,슬랙스,없음,없음
22,21,비,여,후드집업,긴팔티,슬랙스,없음,"레인부츠, 우산"
-5,-6,맑음,여,롱패딩,기모후드,기모레깅스,히트텍,"목도리, 장갑, 핫팩"
35,38,눈,여,없음,반팔,치마,없음,"모자, 부츠, 선글라스, 양산, 장갑"
14,17,흐림,여,자켓,맨투맨,롱스커트,얇은 이너,없음
17,19,비,남,후드집업,긴팔티,면바지,없음,"레인부츠, 우산"
-10,-8,흐림,여,패딩,히트텍,기모레깅스,히트텍,"목도리, 장갑, 핫팩"
-3,-7,비,여,코트,히트텍,기모치마,히트텍,"레인부츠, 목도리, 우산, 장갑, 핫팩"
8,5,눈,남,코트,니트,기모청바지,히트텍,"부츠, 장갑"
32,29,비,남,없음,반팔,반바지,없음,"레인부츠, 모자, 선글라스, 양산, 우산"
-9,-9,눈,남,패딩,히트텍,기모청바지,히트텍,"목도리, 부츠, 장갑, 핫팩"
3,-1,맑음,남,패딩,니트,기모바지,히트텍,"목도리, 장갑, 핫팩"
-6,-7,맑음,남,패딩,히트텍,기모청바지,히트텍,"목도리, 장갑, 핫팩"
16,17,흐림,남,후드집업,맨투맨,슬랙스,얇은 이너,없음
13,10,맑음,여,자켓,긴팔티,청바지,없음,없음
22,18,맑음,여,가디건,맨투맨,롱스커트,없음,없음
6,2,비,남,패딩,히트텍,기모청바지,히트텍,"레인부츠, 우산"
0,-1,맑음,여,코트,니트,기모바지,히트텍,"목도리, 장갑, 핫팩"
16,18,비,여,후드집업,맨투맨,롱스커트,얇은 이너,"레인부츠, 우산"
13,9,눈,여,후드집업,긴팔티,슬랙스,없음,"부츠, 장갑"
24,25,맑음,남,가디건,후드티,청바지,없음,없음
16,19,흐림,여,자켓,긴팔티,슬랙스,얇은 이너,없음
34,34,맑음,여,얇은 가디건,민소매,치마,없음,"모자, 선글라스, 양산"
24,27,맑음,남,자켓,맨투맨,슬랙스,없음,없음
23,26,맑음,여,후드집업,후드티,청바지,없음,없음
22,24,흐림,여,후드집업,맨투맨,슬랙스,얇은 이너,없음
27,25,맑음,남,없음,반팔,반바지,없음,"모자, 선글라스, 양산"
-4,-9,흐림,여,코트,니트,기모바지,히트텍,"목도리, 장갑, 핫팩"
35,32,맑음,남,없음,민소매,면반바지,없음,"모자, 선글라스, 양산"
13,11,흐림,여,자켓,맨투맨,슬랙스,얇은 이너,없음
14,11,비,남,가디건,맨투맨,면바지,없음,"레인부츠, 우산"
14,9,맑음,남,가디건,맨투맨,청바지,없음,없음
19,21,비,남,가디건,후드티,면바지,없음,"레인부츠, 우산"
1,2,흐림,남,롱패딩,니트,기모청바지,히트텍,"목도리, 장갑, 핫팩"
-10,-15,흐림,여,코트,니트,기모레깅스,히트텍,"목도리, 장갑, 핫팩"
27,25,맑음,여,없음,반팔,치마,없음,"모자, 선글라스, 양산"
17,16,흐림,여,후드집업,후드티,슬랙스,없음,없음
2,-3,눈,남,패딩,니트,기모청바지,히트텍,"목도리, 부츠, 장갑, 핫팩"
34,31,흐림,남,얇은 가디건,반팔,면반바지,없음,"모자, 선글라스, 양산"
1,3,맑음,남,롱패딩,니트,기모바지,히트텍,"목도리, 장갑, 핫팩"
23,19,흐림,남,가디건,긴팔티,슬랙스,없음,없음
17,13,비,여,후드집업,맨투맨,슬랙스,없음,"레인부츠, 우산"
28,27,눈,여,얇은 가디건,민소매,반바지,없음,"모자, 부츠, 선글라스, 양산, 장갑"
14,13,눈,남,가디건,긴팔티,슬랙스,얇은 이너,"부츠, 장갑"
23,18,맑음,여,후드집업,긴팔티,슬랙스,얇은 이너,없음
17,15,맑음,여,후드집업,긴팔티,청바지,없음,없음
12,7,비,여,후드집업,후드티,슬랙스,없음,"레인부츠, 우산"
16,17,맑음,여,가디건,긴팔티,청바지,얇은 이너,없음
22,22,눈,여,가디건,후드티,청바지,얇은 이너,"부츠, 장갑"
29,26,비,여,얇은 가디건,민소매,반바지,없음,"레인부츠, 모자, 선글라스, 양산, 우산"
29,32,눈,여,없음,반팔,반바지,없음,"모자, 부츠, 선글라스, 양산, 장갑"
19,22,눈,남,후드집업,긴팔티,면바지,얇은 이너,"부츠, 장갑"
35,35,눈,여,얇은 가디건,민소매,반바지,없음,"모자, 부츠, 선글라스, 양산, 장갑"
7,9,눈,남,코트,히트텍,기모청바지,히트텍,"부츠, 장갑"
-10,-14,비,남,패딩,히트텍,기모청바지,히트텍,"레인부츠, 목도리, 우산, 장갑, 핫팩"
21,19,눈,남,후드집업,맨투맨,면바지,없음,"부츠, 장갑"
22,18,맑음,여,가디건,긴팔티,슬랙스,없음,없음
-4,-9,눈,남,패딩,니트,기모청바지,히트텍,"목도리, 부츠, 장갑, 핫팩"
17,18,흐림,남,자켓,긴팔티,청바지,얇은 이너,없음
-6,-11,흐림,남,패딩,기모후드,기모청바지,히트텍,"목도리, 장갑, 핫팩"
-5,-9,흐림,여,패딩,니트,기모레깅스,히트텍,"목도리, 장갑, 핫팩"
28,31,맑음,여,얇은 가디건,반팔,반바지,없음,"모자, 선글라스, 양산"
14,9,비,남,후드집업,긴팔티,청바지,얇은 이너,"레인부츠, 우산"
10,13,맑음,남,가디건,맨투맨,청바지,얇은 이너,없음
35,33,맑음,여,얇은 가디건,민소매,반바지,없음,"모자, 선글라스, 양산"
-2,0,비,남,코트,기모후드,기모청바지,히트텍,"레인부츠, 목도리, 우산, 장갑, 핫팩"
27,29,맑음,남,없음,민소매,면반바지,없음,"모자, 선글라스, 양산"
-4,-2,흐림,여,코트,기모후드,기모바지,히트텍,"목도리, 장갑, 핫팩"
1,4,흐림,여,패딩,니트,기모레깅스,히트텍,"목도리, 장갑, 핫팩"
2,3,눈,여,패딩,니트,기모레깅스,히트텍,"목도리, 부츠, 장갑, 핫팩"
13,13,맑음,남,자켓,후드티,청바지,없음,없음
-7,-11,눈,남,코트,기모후드,기모청바지,히트텍,"목도리, 부츠, 장갑, 핫팩"
0,-2,눈,여,롱패딩,기모후드,기모레깅스,히트텍,"목도리, 부츠, 장갑, 핫팩"
7,10,흐림,여,코트,니트,기모레깅스,히트텍,없음
4,0,흐림,여,패딩,기모후드,기모바지,히트텍,"목도리, 장갑, 핫팩"
12,8,눈,여,후드집업,맨투맨,슬랙스,얇은 이너,"부츠, 장갑"
23,22,비,여,가디건,후드티,롱스커트,얇은 이너,"레인부츠, 우산"
21,20,맑음,남,자켓,맨투맨,청바지,없음,없음
32,34,맑음,남,없음,반팔,면반바지,없음,"모자, 선글라스, 양산"
31,34,눈,여,없음,반팔,치마,없음,"모자, 부츠, 선글라스, 양산, 장갑"
14,11,맑음,남,후드집업,긴팔티,청바지,얇은 이너,없음
9,10,흐림,남,패딩,니트,기모바지,히트텍,없음
-10,-13,눈,남,패딩,니트,기모청바지,히트텍,"목도리, 부츠, 장갑, 핫팩"
11,10,눈,여,가디건,후드티,롱스커트,없음,"부츠, 장갑"
31,31,맑음,여,없음,민소매,치마,없음,"모자, 선글라스, 양산"
-9,-8,흐림,남,롱패딩,기모후드,기모바지,히트텍,"목도리, 장갑, 핫팩"
6,1,비,여,코트,히트텍,기모바지,히트텍,"레인부츠, 우산"
16,17,눈,남,자켓,긴팔티,슬랙스,얇은 이너,"부츠, 장갑"
23,21,비,여,자켓,후드티,롱스커트,없음,"레인부츠, 우산"
16,13,눈,남,자켓,맨투맨,면바지,없음,"부츠, 장갑"
-2,-7,흐림,여,코트,히트텍,기모레깅스,히트텍,"목도리, 장갑, 핫팩"
-6,-11,맑음,남,롱패딩,히트텍,기모바지,히트텍,"목도리, 장갑, 핫팩"
15,18,눈,남,가디건,긴팔티,면바지,없음,"부츠, 장갑"
3,2,맑음,남,롱패딩,기모후드,기모바지,히트텍,"목도리, 장갑, 핫팩"
8,7,맑음,여,롱패딩,기모후드,기모바지,히트텍,없음
-8,-5,눈,남,코트,히트텍,기모청바지,히트텍,"목도리, 부츠, 장갑, 핫팩"
4,3,비,여,코트,히트텍,기모레깅스,히트텍,"레인부츠, 목도리, 우산, 장갑, 핫팩"
29,25,비,남,얇은 가디건,민소매,반바지,없음,"레인부츠, 모자, 선글라스, 양산, 우산"
12,7,비,남,후드집업,맨투맨,면바지,없음,"레인부츠, 우산"
35,33,비,여,없음,민소매,치마,없음,"레인부츠, 모자, 선글라스, 양산, 우산"
12,15,눈,여,가디건,긴팔티,슬랙스,얇은 이너,"부츠, 장갑"
33,28,눈,남,없음,반팔,반바지,없음,"모자, 부츠, 선글라스, 양산, 장갑"
0,2,비,여,패딩,기모후드,기모치마,히트텍,"레인부츠, 목도리, 우산, 장갑, 핫팩"
14,16,맑음,여,후드집업,후드티,청바지,얇은 이너,없음
20,21,비,여,후드집업,긴팔티,슬랙스,없음,"레인부츠, 우산"
-8,-10,흐림,남,코트,니트,기모바지,히트텍,"목도리, 장갑, 핫팩"
19,22,눈,여,가디건,긴팔티,청바지,얇은 이너,"부츠, 장갑"
10,10,맑음,남,가디건,후드티,청바지,없음,없음
10,11,비,여,가디건,긴팔티,롱스커트,없음,"레인부츠, 우산"
29,28,맑음,여,없음,반팔,반바지,없음,"모자, 선글라스, 양산"
4,7,눈,남,패딩,히트텍,기모바지,히트텍,"목도리, 부츠, 장갑, 핫팩"
19,14,비,남,후드집업,후드티,면바지,없음,"레인부츠, 우산"
6,3,비,여,코트,기모후드,기모바지,히트텍,"레인부츠, 우산"
33,31,흐림,남,얇은 가디건,민소매,반바지,없음,"모자, 선글라스, 양산"
29,24,흐림,여,얇은 가디건,민소매,반바지,없음,"모자, 선글라스, 양산"
32,29,눈,남,없음,민소매,면반바지,없음,"모자, 부츠, 선글라스, 양산, 장갑"
32,31,흐림,남,없음,민소매,반바지,없음,"모자, 선글라스, 양산"
-6,-8,눈,남,패딩,히트텍,기모바지,히트텍,"목도리, 부츠, 장갑, 핫팩"
5,0,비,남,패딩,기모후드,기모청바지,히트텍,"레인부츠, 목도리, 우산, 장갑, 핫팩"
-4,-3,비,남,코트,니트,기모청바지,히트텍,"레인부츠, 목도리, 우산, 장갑, 핫팩"
11,11,비,여,후드집업,후드티,슬랙스,없음,"레인부츠, 우산"
25,27,흐림,여,얇은 가디건,민소매,치마,없음,"모자, 선글라스, 양산"
17,19,눈,여,후드집업,맨투맨,롱스커트,얇은 이너,"부츠, 장갑"
24,20,비,남,후드집업,긴팔티,청바지,없음,"레인부츠, 우산"
-8,-10,맑음,남,롱패딩,기모후드,기모바지,히트텍,"목도리, 장갑, 핫팩"
28,27,맑음,남,없음,민소매,반바지,없음,"모자, 선글라스, 양산"
10,11,비,남,가디건,후드티,슬랙스,없음,"레인부츠, 우산"
18,17,눈,여,후드집업,후드티,슬랙스,없음,"부츠, 장갑"
8,4,눈,남,패딩,히트텍,기모바지,히트텍,"부츠, 장갑"
-4,-1,눈,여,패딩,니트,기모바지,히트텍,"목도리, 부츠, 장갑, 핫팩"
19,18,흐림,남,자켓,후드티,청바지,없음,없음
-6,-5,비,남,패딩,기모후드,기모바지,히트텍,"레인부츠, 목도리, 우산, 장갑, 핫팩"
1,-2,눈,남,롱패딩,히트텍,기모청바지,히트텍,"목도리, 부츠, 장갑, 핫팩"
32,27,비,남,없음,민소매,면반바지,없음,"레인부츠, 모자, 선글라스, 양산, 우산"
4,7,눈,여,패딩,니트,기모바지,히트텍,"목도리, 부츠, 장갑, 핫팩"
18,17,맑음,여,자켓,후드티,슬랙스,얇은 이너,없음
14,15,비,남,후드집업,후드티,슬랙스,얇은 이너,"레인부츠, 우산"
2,0,비,남,패딩,히트텍,기모청바지,히트텍,"레인부츠, 목도리, 우산, 장갑, 핫팩"
34,36,흐림,남,없음,민소매,반바지,없음,"모자, 선글라스, 양산"
-5,-7,비,여,패딩,기모후드,기모치마,히트텍,"레인부츠, 목도리, 우산, 장갑, 핫팩"
22,24,비,여,후드집업,긴팔티,슬랙스,얇은 이너,"레인부츠, 우산"
10,13,흐림,남,가디건,긴팔티,면바지,얇은 이너,없음
9,7,흐림,남,롱패딩,기모후드,기모청바지,히트텍,없음
-6,-4,비,여,패딩,니트,기모레깅스,히트텍,"레인부츠, 목도리, 우산, 장갑, 핫팩"
11,13,맑음,여,후드집업,긴팔티,롱스커트,얇은 이너,없음
5,5,비,남,패딩,니트,기모청바지,히트텍,"레인부츠, 목도리, 우산, 장갑, 핫팩"
21,19,맑음,여,후드집업,긴팔티,슬랙스,얇은 이너,없음
-6,-6,비,여,롱패딩,기모후드,기모바지,히트텍,"레인부츠, 목도리, 우산, 장갑, 핫팩"
-3,-5,눈,남,패딩,니트,기모바지,히트텍,"목도리, 부츠, 장갑, 핫팩"
7,6,비,여,패딩,히트텍,기모레깅스,히트텍,"레인부츠, 우산"
-6,-10,눈,남,코트,히트텍,기모청바지,히트텍,"목도리, 부츠, 장갑, 핫팩"
2,3,맑음,여,롱패딩,기모후드,기모레깅스,히트텍,"목도리, 장갑, 핫팩"
31,31,흐림,여,얇은 가디건,민소매,치마,없음,"모자, 선글라스, 양산"
15,15,맑음,여,후드집업,맨투맨,청바지,얇은 이너,없음
2,4,맑음,여,롱패딩,니트,기모치마,히트텍,"목도리, 장갑, 핫팩"
34,37,흐림,남,없음,민소매,반바지,없음,"모자, 선글라스, 양산"
0,-2,눈,남,코트,히트텍,기모바지,히트텍,"목도리, 부츠, 장갑, 핫팩"
10,9,비,여,가디건,후드티,청바지,없음,"레인부츠, 우산"
28,26,비,남,없음,민소매,면반바지,없음,"레인부츠, 모자, 선글라스, 양산, 우산"
4,6,흐림,여,패딩,기모후드,기모치마,히트텍,"목도리, 장갑, 핫팩"
2,0,눈,여,롱패딩,니트,기모레깅스,히트텍,"목도리, 부츠, 장갑, 핫팩"
-4,-7,맑음,남,코트,기모후드,기모청바지,히트텍,"목도리, 장갑, 핫팩"
20,23,맑음,여,가디건,후드티,롱스커트,없음,없음
16,13,흐림,여,자켓,긴팔티,청바지,얇은 이너,없음
-7,-4,눈,남,패딩,니트,기모바지,히트텍,"목도리, 부츠, 장갑, 핫팩"
30,31,눈,여,없음,반팔,치마,없음,"모자, 부츠, 선글라스, 양산, 장갑"
24,25,맑음,남,가디건,긴팔티,청바지,없음,없음
5,4,맑음,여,패딩,니트,기모레깅스,히트텍,"목도리, 장갑, 핫팩"
-1,-4,흐림,남,롱패딩,기모후드,기모바지,히트텍,"목도리, 장갑, 핫팩"
-8,-13,비,남,패딩,니트,기모바지,히트텍,"레인부츠, 목도리, 우산, 장갑, 핫팩"
-3,-1,비,남,코트,히트텍,기모청바지,히트텍,"레인부츠, 목도리, 우산, 장갑, 핫팩"
29,32,맑음,남,없음,민소매,면반바지,없음,"모자, 선글라스, 양산"
16,14,눈,여,자켓,긴팔티,슬랙스,없음,"부츠, 장갑"
25,23,흐림,여,얇은 가디건,반팔,치마,없음,"모자, 선글라스, 양산"
-9,-9,흐림,남,패딩,기모후드,기모바지,히트텍,"목도리, 장갑, 핫팩"
-8,-9,눈,남,코트,기모후드,기모청바지,히트텍,"목도리, 부츠, 장갑, 핫팩"
9,5,비,남,패딩,기모후드,기모바지,히트텍,"레인부츠, 우산"
18,13,흐림,남,자켓,맨투맨,면바지,얇은 이너,없음
34,30,맑음,남,얇은 가디건,민소매,반바지,없음,"모자, 선글라스, 양산"
-1,-4,맑음,여,코트,히트텍,기모치마,히트텍,"목도리, 장갑, 핫팩"
22,19,눈,여,후드집업,맨투맨,슬랙스,없음,"부츠, 장갑"
6,7,눈,여,롱패딩,니트,기모레깅스,히트텍,"부츠, 장갑"
-5,-5,비,남,롱패딩,히트텍,기모청바지,히트텍,"레인부츠, 목도리, 우산, 장갑, 핫팩"
18,18,맑음,남,가디건,긴팔티,청바지,얇은 이너,없음
11,12,눈,여,후드집업,맨투맨,슬랙스,얇은 이너,"부츠, 장갑"
-7,-8,흐림,여,패딩,히트텍,기모바지,히트텍,"목도리, 장갑, 핫팩"
35,32,맑음,여,얇은 가디건,민소매,치마,없음,"모자, 선글라스, 양산"
16,12,흐림,남,후드집업,후드티,청바지,없음,없음
5,7,비,남,롱패딩,기모후드,기모바지,히트텍,"레인부츠, 목도리, 우산, 장갑, 핫팩"
3,-2,비,남,롱패딩,기모후드,기모청바지,히트텍,"레인부츠, 목도리, 우산, 장갑, 핫팩"
29,31,비,여,없음,반팔,치마,없음,"레인부츠, 모자, 선글라스, 양산, 우산"
32,32,눈,여,없음,민소매,반바지,없음,"모자, 부츠, 선글라스, 양산, 장갑"
-9,-10,눈,남,패딩,히트텍,기모청바지,히트텍,"목도리, 부츠, 장갑, 핫팩"
34,33,비,남,없음,민소매,반바지,없음,"레인부츠, 모자, 선글라스, 양산, 우산"
14,15,비,여,가디건,후드티,롱스커트,없음,"레인부츠, 우산"
19,15,눈,남,가디건,후드티,청바지,없음,"부츠, 장갑"
13,10,비,남,가디건,후드티,슬랙스,없음,"레인부츠, 우산"
-8,-6,눈,여,코트,기모후드,기모레깅스,히트텍,"목도리, 부츠, 장갑, 핫팩"
8,9,비,여,패딩,기모후드,기모치마,히트텍,"레인부츠, 우산"
27,29,흐림,남,없음,반팔,면반바지,없음,"모자, 선글라스, 양산"
0,1,맑음,여,패딩,니트,기모레깅스,히트텍,"목도리, 장갑, 핫팩"
6,2,비,남,코트,히트텍,기모바지,히트텍,"레인부츠, 우산"
19,14,비,남,자켓,긴팔티,면바지,얇은 이너,"레인부츠, 우산"
-10,-13,비,여,롱패딩,히트텍,기모치마,히트텍,"레인부츠, 목도리, 우산, 장갑, 핫팩"
6,9,눈,여,롱패딩,히트텍,기모바지,히트텍,"부츠, 장갑"
9,8,맑음,여,롱패딩,히트텍,기모치마,히트텍,없음
23,20,맑음,남,가디건,맨투맨,면바지,없음,없음
24,27,흐림,남,가디건,긴팔티,면바지,없음,없음
2,-3,눈,남,코트,기모후드,기모청바지,히트텍,"목도리, 부츠, 장갑, 핫팩"
18,13,눈,남,자켓,긴팔티,청바지,얇은 이너,"부츠, 장갑"
-1,1,흐림,남,패딩,기모후드,기모청바지,히트텍,"목도리, 장갑, 핫팩"
8,8,비,여,코트,기모후드,기모바지,히트텍,"레인부츠, 우산"
6,7,맑음,남,롱패딩,니트,기모바지,히트텍,없음
17,12,비,여,가디건,긴팔티,롱스커트,없음,"레인부츠, 우산"
10,5,비,남,후드집업,후드티,청바지,없음,"레인부츠, 우산"
29,29,흐림,여,없음,반팔,치마,없음,"모자, 선글라스, 양산"
-3,-6,눈,남,코트,히트텍,기모바지,히트텍,"목도리, 부츠, 장갑, 핫팩"
25,28,맑음,여,얇은 가디건,반팔,치마,없음,"모자, 선글라스, 양산"
-3,-6,눈,남,패딩,히트텍,기모청바지,히트텍,"목도리, 부츠, 장갑, 핫팩"
20,16,비,여,가디건,후드티,슬랙스,얇은 이너,"레인부츠, 우산"
-1,0,비,여,패딩,니트,기모치마,히트텍,"레인부츠, 목도리, 우산, 장갑, 핫팩"
-8,-13,흐림,여,롱패딩,기모후드,기모치마,히트텍,"목도리, 장갑, 핫팩"
24,20,흐림,여,자켓,긴팔티,롱스커트,없음,없음
-4,-4,비,남,코트,니트,기모바지,히트텍,"레인부츠, 목도리, 우산, 장갑, 핫팩"
14,16,흐림,여,후드집업,후드티,롱스커트,없음,없음
13,15,비,남,가디건,맨투맨,슬랙스,얇은 이너,"레인부츠, 우산"
6,2,맑음,여,패딩,히트텍,기모치마,히트텍,없음
6,5,맑음,남,패딩,니트,기모청바지,히트텍,없음
7,8,흐림,남,코트,히트텍,기모바지,히트텍,없음
-6,-5,흐림,여,코트,히트텍,기모바지,히트텍,"목도리, 장갑, 핫팩"
0,-3,비,남,패딩,기모후드,기모청바지,히트텍,"레인부츠, 목도리, 우산, 장갑, 핫팩"
19,22,비,여,자켓,후드티,슬랙스,없음,"레인부츠, 우산"
27,30,비,여,없음,민소매,반바지,없음,"레인부츠, 모자, 선글라스, 양산, 우산"
22,20,흐림,남,가디건,긴팔티,청바지,없음,없음
19,14,흐림,남,자켓,후드티,슬랙스,없음,없음
21,16,눈,남,후드집업,긴팔티,슬랙스,없음,"부츠, 장갑"
23,25,흐림,남,후드집업,후드티,면바지,없음,없음
-6,-8,비,남,코트,히트텍,기모바지,히트텍,"레인부츠, 목도리, 우산, 장갑, 핫팩"
21,19,흐림,여,후드집업,맨투맨,롱스커트,없음,없음
3,3,눈,남,코트,히트텍,기모바지,히트텍,"목도리, 부츠, 장갑, 핫팩"
30,28,맑음,남,없음,민소매,면반바지,없음,"모자, 선글라스, 양산"
-8,-8,비,남,롱패딩,기모후드,기모청바지,히트텍,"레인부츠, 목도리, 우산, 장갑, 핫팩"
4,3,비,남,패딩,기모후드,기모청바지,히트텍,"레인부츠, 목도리, 우산, 장갑, 핫팩"
-1,-1,맑음,남,롱패딩,기모후드,기모바지,히트텍,"목도리, 장갑, 핫팩"
4,2,비,남,패딩,니트,기모바지,히트텍,"레인부츠, 목도리, 우산, 장갑, 핫팩"
31,34,맑음,여,없음,민소매,반바지,없음,"모자, 선글라스, 양산"
6,5,눈,여,코트,히트텍,기모바지,히트텍,"부츠, 장갑"
28,25,눈,남,없음,반팔,반바지,없음,"모자, 부츠, 선글라스, 양산, 장갑"
19,15,비,남,자켓,후드티,슬랙스,얇은 이너,"레인부츠, 우산"
-9,-10,맑음,남,패딩,니트,기모청바지,히트텍,"목도리, 장갑, 핫팩"
8,10,비,여,코트,기모후드,기모레깅스,히트텍,"레인부츠, 우산"
18,17,비,남,가디건,긴팔티,슬랙스,없음,"레인부츠, 우산"
3,5,흐림,여,코트,기모후드,기모레깅스,히트텍,"목도리, 장갑, 핫팩"
-2,-6,눈,남,코트,니트,기모바지,히트텍,"목도리, 부츠, 장갑, 핫팩"
-8,-5,비,남,롱패딩,니트,기모바지,히트텍,"레인부츠, 목도리, 우산, 장갑, 핫팩"
18,18,눈,여,자켓,긴팔티,청바지,얇은 이너,"부츠, 장갑"
3,2,흐림,여,패딩,히트텍,기모바지,히트텍,"목도리, 장갑, 핫팩"
33,34,비,여,없음,민소매,반바지,없음,"레인부츠, 모자, 선글라스, 양산, 우산"
33,30,비,여,없음,반팔,치마,없음,"레인부츠, 모자, 선글라스, 양산, 우산"
-3,-8,맑음,여,코트,니트,기모치마,히트텍,"목도리, 장갑, 핫팩"
30,26,눈,남,없음,민소매,반바지,없음,"모자, 부츠, 선글라스, 양산, 장갑"
12,13,눈,여,가디건,후드티,슬랙스,얇은 이너,"부츠, 장갑"
20,20,비,남,가디건,후드티,슬랙스,얇은 이너,"레인부츠, 우산"
2,4,맑음,여,롱패딩,기모후드,기모바지,히트텍,"목도리, 장갑, 핫팩"
13,11,흐림,여,가디건,후드티,청바지,얇은 이너,없음
7,8,눈,남,패딩,니트,기모청바지,히트텍,"부츠, 장갑"
28,31,흐림,남,얇은 가디건,반팔,면반바지,없음,"모자, 선글라스, 양산"
5,0,눈,남,코트,기모후드,기모청바지,히트텍,"목도리, 부츠, 장갑, 핫팩"
20,19,비,남,후드집업,긴팔티,청바지,얇은 이너,"레인부츠, 우산"
13,10,흐림,여,자켓,후드티,슬랙스,없음,없음
3,-1,맑음,남,패딩,히트텍,기모바지,히트텍,"목도리, 장갑, 핫팩"
3,0,비,여,롱패딩,니트,기모치마,히트텍,"레인부츠, 목도리, 우산, 장갑, 핫팩"
-1,-5,비,남,롱패딩,히트텍,기모바지,히트텍,"레인부츠, 목도리, 우산, 장갑, 핫팩"
24,19,흐림,여,가디건,후드티,청바지,없음,없음
5,4,비,여,코트,니트,기모치마,히트텍,"레인부츠, 목도리, 우산, 장갑, 핫팩"
-2,-4,맑음,남,롱패딩,히트텍,기모청바지,히트텍,"목도리, 장갑, 핫팩"
-10,-13,맑음,남,롱패딩,기모후드,기모청바지,히트텍,"목도리, 장갑, 핫팩"
10,13,흐림,남,자켓,맨투맨,슬랙스,없음,없음
30,32,눈,여,얇은 가디건,민소매,치마,없음,"모자, 부츠, 선글라스, 양산, 장갑"
27,24,맑음,여,얇은 가디건,민소매,치마,없음,"모자, 선글라스, 양산"
14,15,흐림,여,가디건,긴팔티,롱스커트,없음,없음
19,18,비,남,후드집업,긴팔티,청바지,얇은 이너,"레인부츠, 우산"
-10,-13,흐림,남,코트,히트텍,기모청바지,히트텍,"목도리, 장갑, 핫팩"
30,33,맑음,남,얇은 가디건,민소매,면반바지,없음,"모자, 선글라스, 양산"
17,14,흐림,남,자켓,맨투맨,면바지,없음,없음
34,29,맑음,여,얇은 가디건,반팔,치마,없음,"모자, 선글라스, 양산"
-4,-9,눈,남,패딩,기모후드,기모바지,히트텍,"목도리, 부츠, 장갑, 핫팩"
27,29,눈,여,없음,반팔,반바지,없음,"모자, 부츠, 선글라스, 양산, 장갑"
29,26,맑음,여,얇은 가디건,민소매,반바지,없음,"모자, 선글라스, 양산"
8,10,흐림,여,롱패딩,기모후드,기모치마,히트텍,없음
4,3,눈,남,패딩,니트,기모청바지,히트텍,"목도리, 부츠, 장갑, 핫팩"
16,14,비,여,자켓,긴팔티,청바지,없음,"레인부츠, 우산"
29,29,맑음,여,얇은 가디건,민소매,반바지,없음,"모자, 선글라스, 양산"
20,22,흐림,남,가디건,맨투맨,슬랙스,얇은 이너,없음
35,34,맑음,여,없음,반팔,반바지,없음,"모자, 선글라스, 양산"
28,25,흐림,남,없음,반팔,반바지,없음,"모자, 선글라스, 양산"
-8,-13,비,남,코트,기모후드,기모바지,히트텍,"레인부츠, 목도리, 우산, 장갑, 핫팩"
-3,-4,맑음,남,패딩,기모후드,기모바지,히트텍,"목도리, 장갑, 핫팩"
28,30,흐림,여,없음,민소매,반바지,없음,"모자, 선글라스, 양산"
-5,-4,눈,남,패딩,기모후드,기모바지,히트텍,"목도리, 부츠, 장갑, 핫팩"
5,2,비,여,패딩,히트텍,기모바지,히트텍,"레인부츠, 목도리, 우산, 장갑, 핫팩"
15,11,비,여,자켓,긴팔티,청바지,없음,"레인부츠, 우산"
23,22,흐림,여,후드집업,후드티,청바지,얇은 이너,없음
0,1,눈,여,패딩,기모후드,기모바지,히트텍,"목도리, 부츠, 장갑, 핫팩"
27,28,맑음,남,없음,반팔,면반바지,없음,"모자, 선글라스, 양산"
1,2,비,남,코트,기모후드,기모바지,히트텍,"레인부츠, 목도리, 우산, 장갑, 핫팩"
9,11,비,남,코트,히트텍,기모바지,히트텍,"레인부츠, 우산"
-2,-7,맑음,남,롱패딩,기모후드,기모청바지,히트텍,"목도리, 장갑, 핫팩"
33,36,흐림,남,얇은 가디건,반팔,면반바지,없음,"모자, 선글라스, 양산"
5,3,눈,여,패딩,니트,기모바지,히트텍,"목도리, 부츠, 장갑, 핫팩"
31,30,흐림,남,얇은 가디건,민소매,반바지,없음,"모자, 선글라스, 양산"
-4,-8,흐림,남,패딩,니트,기모청바지,히트텍,"목도리, 장갑, 핫팩"
-10,-10,맑음,남,코트,니트,기모바지,히트텍,"목도리, 장갑, 핫팩"
-5,-3,비,남,패딩,기모후드,기모청바지,히트텍,"레인부츠, 목도리, 우산, 장갑, 핫팩"
21,17,맑음,남,후드집업,긴팔티,슬랙스,없음,없음
15,13,흐림,여,후드집업,맨투맨,슬랙스,없음,없음
0,2,흐림,남,롱패딩,기모후드,기모청바지,히트텍,"목도리, 장갑, 핫팩"
4,5,맑음,남,코트,기모후드,기모청바지,히트텍,"목도리, 장갑, 핫팩"
16,11,눈,여,자켓,긴팔티,청바지,얇은 이너,"부츠, 장갑"
2,3,눈,여,패딩,니트,기모바지,히트텍,"목도리, 부츠, 장갑, 핫팩"
-1,0,흐림,남,롱패딩,기모후드,기모바지,히트텍,"목도리, 장갑, 핫팩"
32,30,비,남,없음,반팔,반바지,없음,"레인부츠, 모자, 선글라스, 양산, 우산"
25,25,맑음,여,없음,반팔,반바지,없음,"모자, 선글라스, 양산"
11,7,흐림,여,가디건,맨투맨,청바지,얇은 이너,없음
7,7,흐림,여,롱패딩,기모후드,기모치마,히트텍,없음
10,10,맑음,여,가디건,맨투맨,롱스커트,얇은 이너,없음
10,6,눈,남,후드집업,후드티,면바지,없음,"부츠, 장갑"
13,8,맑음,여,후드집업,후드티,롱스커트,없음,없음
35,35,비,여,얇은 가디건,민소매,치마,없음,"레인부츠, 모자, 선글라스, 양산, 우산"
1,2,맑음,남,롱패딩,니트,기모청바지,히트텍,"목도리, 장갑, 핫팩"
-7,-12,비,여,코트,히트텍,기모바지,히트텍,"레인부츠, 목도리, 우산, 장갑, 핫팩"
19,20,흐림,남,후드집업,맨투맨,면바지,없음,없음
6,7,맑음,여,롱패딩,니트,기모바지,히트텍,없음
6,6,흐림,남,코트,히트텍,기모청바지,히트텍,없음
31,28,흐림,남,없음,반팔,면반바지,없음,"모자, 선글라스, 양산"
19,16,눈,남,자켓,맨투맨,청바지,없음,"부츠, 장갑"
31,32,눈,여,없음,반팔,반바지,없음,"모자, 부츠, 선글라스, 양산, 장갑"
21,23,눈,여,자켓,후드티,슬랙스,없음,"부츠, 장갑"
10,8,눈,남,자켓,긴팔티,면바지,없음,"부츠, 장갑"
0,-2,비,남,롱패딩,기모후드,기모바지,히트텍,"레인부츠, 목도리, 우산, 장갑, 핫팩"
28,28,눈,여,없음,민소매,치마,없음,"모자, 부츠, 선글라스, 양산, 장갑"
15,11,흐림,남,자켓,맨투맨,청바지,없음,없음
33,31,비,남,얇은 가디건,반팔,면반바지,없음,"레인부츠, 모자, 선글라스, 양산, 우산"
6,1,흐림,남,코트,니트,기모청바지,히트텍,없음
13,14,맑음,여,가디건,후드티,슬랙스,없음,없음
5,2,비,여,패딩,기모후드,기모레깅스,히트텍,"레인부츠, 목도리, 우산, 장갑, 핫팩"
21,23,눈,남,가디건,긴팔티,청바지,없음,"부츠, 장갑"
11,14,맑음,남,가디건,후드티,청바지,얇은 이너,없음
13,13,흐림,남,가디건,후드티,청바지,얇은 이너,없음
8,8,흐림,여,패딩,니트,기모레깅스,히트텍,없음
-10,-14,맑음,여,코트,히트텍,기모레깅스,히트텍,"목도리, 장갑, 핫팩"
15,10,맑음,남,후드집업,후드티,청바지,얇은 이너,없음
25,22,눈,여,없음,반팔,반바지,없음,"모자, 부츠, 선글라스, 양산, 장갑"
16,12,눈,여,후드집업,긴팔티,슬랙스,얇은 이너,"부츠, 장갑"
33,31,흐림,여,없음,민소매,치마,없음,"모자, 선글라스, 양산"
10,11,눈,남,자켓,긴팔티,청바지,없음,"부츠, 장갑"
19,19,맑음,여,가디건,맨투맨,청바지,없음,없음
3,0,눈,여,롱패딩,니트,기모바지,히트텍,"목도리, 부츠, 장갑, 핫팩"
13,9,흐림,여,후드집업,긴팔티,슬랙스,얇은 이너,없음
22,19,맑음,여,가디건,후드티,청바지,없음,없음
17,13,흐림,여,가디건,후드티,롱스커트,없음,없음
14,12,맑음,남,자켓,긴팔티,슬랙스,얇은 이너,없음
2,-2,맑음,남,패딩,히트텍,기모바지,히트텍,"목도리, 장갑, 핫팩"
1,-2,비,여,롱패딩,니트,기모치마,히트텍,"레인부츠, 목도리, 우산, 장갑, 핫팩"
2,5,비,남,롱패딩,니트,기모바지,히트텍,"레인부츠, 목도리, 우산, 장갑, 핫팩"
23,24,흐림,여,후드집업,긴팔티,슬랙스,없음,없음
25,23,눈,남,없음,반팔,면반바지,없음,"모자, 부츠, 선글라스, 양산, 장갑"
20,22,눈,여,가디건,후드티,슬랙스,없음,"부츠, 장갑"
23,22,흐림,남,자켓,후드티,슬랙스,얇은 이너,없음
9,6,흐림,남,롱패딩,히트텍,기모바지,히트텍,없음
3,6,비,남,패딩,니트,기모청바지,히트텍,"레인부츠, 목도리, 우산, 장갑, 핫팩"
19,18,비,여,자켓,긴팔티,슬랙스,없음,"레인부츠, 우산"
-1,1,맑음,여,롱패딩,히트텍,기모레깅스,히트텍,"목도리, 장갑, 핫팩"
-9,-6,흐림,여,코트,기모후드,기모바지,히트텍,"목도리, 장갑, 핫팩"
23,19,맑음,여,자켓,후드티,롱스커트,얇은 이너,없음
0,3,비,남,패딩,기모후드,기모청바지,히트텍,"레인부츠, 목도리, 우산, 장갑, 핫팩"
31,34,흐림,여,얇은 가디건,민소매,반바지,없음,"모자, 선글라스, 양산"
-8,-8,흐림,남,패딩,히트텍,기모청바지,히트텍,"목도리, 장갑, 핫팩"
34,36,비,남,없음,반팔,면반바지,없음,"레인부츠, 모자, 선글라스, 양산, 우산"
-2,-1,비,남,롱패딩,기모후드,기모바지,히트텍,"레인부츠, 목도리, 우산, 장갑, 핫팩"
8,5,흐림,여,롱패딩,기모후드,기모바지,히트텍,없음
-4,-2,맑음,여,패딩,니트,기모바지,히트텍,"목도리, 장갑, 핫팩"
35,38,흐림,여,없음,반팔,반바지,없음,"모자, 선글라스, 양산"
30,28,비,여,얇은 가디건,반팔,치마,없음,"레인부츠, 모자, 선글라스, 양산, 우산"
11,10,흐림,여,후드집업,긴팔티,슬랙스,얇은 이너,없음
18,15,눈,여,가디건,후드티,롱스커트,없음,"부츠, 장갑"
0,-3,맑음,남,코트,히트텍,기모바지,히트텍,"목도리, 장갑, 핫팩"
20,23,비,남,자켓,긴팔티,면바지,없음,"레인부츠, 우산"
7,3,비,남,코트,히트텍,기모청바지,히트텍,"레인부츠, 우산"
35,37,흐림,남,없음,민소매,반바지,없음,"모자, 선글라스, 양산"
21,21,맑음,여,가디건,맨투맨,롱스커트,없음,없음
-7,-12,흐림,남,코트,기모후드,기모바지,히트텍,"목도리, 장갑, 핫팩"
-4,-2,맑음,남,패딩,기모후드,기모청바지,히트텍,"목도리, 장갑, 핫팩"
-5,-5,맑음,남,코트,니트,기모바지,히트텍,"목도리, 장갑, 핫팩"
22,22,비,남,후드집업,후드티,면바지,얇은 이너,"레인부츠, 우산"
6,4,흐림,여,롱패딩,히트텍,기모바지,히트텍,없음
8,9,맑음,여,코트,기모후드,기모레깅스,히트텍,없음
-5,-7,눈,여,패딩,기모후드,기모치마,히트텍,"목도리, 부츠, 장갑, 핫팩"
17,18,눈,남,후드집업,후드티,청바지,얇은 이너,"부츠, 장갑"
11,12,흐림,여,가디건,맨투맨,롱스커트,얇은 이너,없음
17,12,눈,여,가디건,맨투맨,롱스커트,없음,"부츠, 장갑"
31,29,눈,남,얇은 가디건,반팔,반바지,없음,"모자, 부츠, 선글라스, 양산, 장갑"
8,5,맑음,남,코트,니트,기모바지,히트텍,없음
-4,-6,눈,남,롱패딩,니트,기모청바지,히트텍,"목도리, 부츠, 장갑, 핫팩"
-2,-4,맑음,남,코트,기모후드,기모바지,히트텍,"목도리, 장갑, 핫팩"
16,12,맑음,남,자켓,긴팔티,면바지,없음,없음
32,31,흐림,남,얇은 가디건,반팔,반바지,없음,"모자, 선글라스, 양산"
-9,-14,흐림,여,코트,니트,기모치마,히트텍,"목도리, 장갑, 핫팩"
-8,-8,맑음,여,롱패딩,기모후드,기모레깅스,히트텍,"목도리, 장갑, 핫팩"
19,19,눈,남,후드집업,후드티,슬랙스,얇은 이너,"부츠, 장갑"
25,22,비,여,없음,반팔,치마,없음,"레인부츠, 모자, 선글라스, 양산, 우산"
31,34,비,여,없음,반팔,치마,없음,"레인부츠, 모자, 선글라스, 양산, 우산"
23,25,눈,남,자켓,긴팔티,면바지,얇은 이너,"부츠, 장갑"
-10,-14,비,남,패딩,기모후드,기모청바지,히트텍,"레인부츠, 목도리, 우산, 장갑, 핫팩"
2,4,비,남,롱패딩,니트,기모청바지,히트텍,"레인부츠, 목도리, 우산, 장갑, 핫팩"
31,26,맑음,여,없음,민소매,치마,없음,"모자, 선글라스, 양산"
-1,-4,비,여,패딩,히트텍,기모바지,히트텍,"레인부츠, 목도리, 우산, 장갑, 핫팩"
13,9,흐림,여,자켓,후드티,롱스커트,없음,없음
5,2,맑음,남,코트,히트텍,기모바지,히트텍,"목도리, 장갑, 핫팩"
15,10,눈,남,가디건,후드티,면바지,없음,"부츠, 장갑"
2,1,흐림,남,패딩,기모후드,기모바지,히트텍,"목도리, 장갑, 핫팩"
6,3,맑음,남,패딩,히트텍,기모바지,히트텍,없음
-10,-13,맑음,여,롱패딩,히트텍,기모레깅스,히트텍,"목도리, 장갑, 핫팩"
25,22,눈,여,얇은 가디건,반팔,치마,없음,"모자, 부츠, 선글라스, 양산, 장갑"
-7,-4,맑음,남,패딩,니트,기모청바지,히트텍,"목도리, 장갑, 핫팩"
-4,-2,흐림,여,롱패딩,기모후드,기모레깅스,히트텍,"목도리, 장갑, 핫팩"
-7,-4,비,여,롱패딩,히트텍,기모바지,히트텍,"레인부츠, 목도리, 우산, 장갑, 핫팩"
-9,-7,눈,남,패딩,히트텍,기모청바지,히트텍,"목도리, 부츠, 장갑, 핫팩"
-2,-6,흐림,남,패딩,니트,기모바지,히트텍,"목도리, 장갑, 핫팩"
32,33,맑음,남,얇은 가디건,민소매,면반바지,없음,"모자, 선글라스, 양산"
34,35,비,여,없음,민소매,반바지,없음,"레인부츠, 모자, 선글라스, 양산, 우산"
31,33,비,여,얇은 가디건,민소매,반바지,없음,"레인부츠, 모자, 선글라스, 양산, 우산"
5,8,맑음,여,코트,히트텍,기모레깅스,히트텍,"목도리, 장갑, 핫팩"
20,22,비,여,후드집업,맨투맨,슬랙스,얇은 이너,"레인부츠, 우산"
22,20,비,여,자켓,후드티,롱스커트,없음,"레인부츠, 우산"
35,38,눈,남,얇은 가디건,반팔,면반바지,없음,"모자, 부츠, 선글라스, 양산, 장갑"
10,7,흐림,남,후드집업,후드티,슬랙스,없음,없음
9,10,흐림,남,패딩,히트텍,기모청바지,히트텍,없음
23,23,눈,여,후드집업,긴팔티,롱스커트,얇은 이너,"부츠, 장갑"
8,10,흐림,여,롱패딩,니트,기모레깅스,히트텍,없음
0,-4,맑음,남,패딩,히트텍,기모바지,히트텍,"목도리, 장갑, 핫팩"
31,27,비,남,없음,민소매,반바지,없음,"레인부츠, 모자, 선글라스, 양산, 우산"
8,6,비,여,롱패딩,기모후드,기모레깅스,히트텍,"레인부츠, 우산"
35,38,비,남,얇은 가디건,반팔,면반바지,없음,"레인부츠, 모자, 선글라스, 양산, 우산"
26,28,비,여,없음,반팔,치마,없음,"레인부츠, 모자, 선글라스, 양산, 우산"
3,3,흐림,남,코트,니트,기모청바지,히트텍,"목도리, 장갑, 핫팩"
24,26,흐림,남,가디건,맨투맨,면바지,얇은 이너,없음
35,32,눈,여,얇은 가디건,반팔,반바지,없음,"모자, 부츠, 선글라스, 양산, 장갑"
15,10,비,남,자켓,후드티,슬랙스,없음,"레인부츠, 우산"
7,5,맑음,여,코트,히트텍,기모레깅스,히트텍,없음
20,18,흐림,여,자켓,맨투맨,청바지,없음,없음
21,16,맑음,여,후드집업,후드티,슬랙스,얇은 이너,없음
15,11,눈,남,자켓,후드티,슬랙스,얇은 이너,"부츠, 장갑"
18,13,비,남,자켓,맨투맨,청바지,얇은 이너,"레인부츠, 우산"
4,5,눈,남,패딩,니트,기모청바지,히트텍,"목도리, 부츠, 장갑, 핫팩"
-8,-9,흐림,여,패딩,니트,기모바지,히트텍,"목도리, 장갑, 핫팩"
27,22,흐림,남,없음,민소매,반바지,없음,"모자, 선글라스, 양산"
-7,-11,맑음,남,롱패딩,기모후드,기모청바지,히트텍,"목도리, 장갑, 핫팩"
-10,-13,비,여,패딩,기모후드,기모레깅스,히트텍,"레인부츠, 목도리, 우산, 장갑, 핫팩"
19,17,비,남,자켓,후드티,청바지,없음,"레인부츠, 우산"
27,30,비,여,얇은 가디건,민소매,치마,없음,"레인부츠, 모자, 선글라스, 양산, 우산"
29,28,비,남,없음,반팔,면반바지,없음,"레인부츠, 모자, 선글라스, 양산, 우산"
-7,-11,눈,남,롱패딩,기모후드,기모청바지,히트텍,"목도리, 부츠, 장갑, 핫팩"
23,19,눈,여,가디건,긴팔티,청바지,없음,"부츠, 장갑"
32,29,흐림,여,없음,민소매,반바지,없음,"모자, 선글라스, 양산"
-3,-3,흐림,남,코트,기모후드,기모바지,히트텍,"목도리, 장갑, 핫팩"
24,25,비,남,자켓,후드티,슬랙스,얇은 이너,"레인부츠, 우산"
9,11,흐림,여,롱패딩,기모후드,기모레깅스,히트텍,없음
-7,-6,맑음,여,코트,기모후드,기모바지,히트텍,"목도리, 장갑, 핫팩"
-2,-5,눈,남,패딩,니트,기모바지,히트텍,"목도리, 부츠, 장갑, 핫팩"
-5,-7,맑음,여,롱패딩,기모후드,기모바지,히트텍,"목도리, 장갑, 핫팩"
7,9,흐림,여,롱패딩,니트,기모바지,히트텍,없음
11,10,비,여,자켓,맨투맨,청바지,얇은 이너,"레인부츠, 우산"
-3,-4,맑음,여,패딩,니트,기모레깅스,히트텍,"목도리, 장갑, 핫팩"
-2,-6,맑음,여,패딩,니트,기모바지,히트텍,"목도리, 장갑, 핫팩"
28,27,비,남,없음,반팔,반바지,없음,"레인부츠, 모자, 선글라스, 양산, 우산"
26,22,눈,남,없음,반팔,반바지,없음,"모자, 부츠, 선글라스, 양산, 장갑"
5,7,비,남,롱패딩,히트텍,기모청바지,히트텍,"레인부츠, 목도리, 우산, 장갑, 핫팩"
5,0,눈,남,롱패딩,기모후드,기모청바지,히트텍,"목도리, 부츠, 장갑, 핫팩"
15,15,눈,남,후드집업,후드티,청바지,얇은 이너,"부츠, 장갑"
7,8,눈,남,코트,기모후드,기모바지,히트텍,"부츠, 장갑"
7,10,눈,남,코트,기모후드,기모청바지,히트텍,"부츠, 장갑"
-3,-5,눈,남,롱패딩,히트텍,기모바지,히트텍,"목도리, 부츠, 장갑, 핫팩"
-7,-5,맑음,남,롱패딩,니트,기모청바지,히트텍,"목도리, 장갑, 핫팩"
-4,-2,눈,여,롱패딩,기모후드,기모치마,히트텍,"목도리, 부츠, 장갑, 핫팩"
15,15,눈,남,자켓,후드티,면바지,얇은 이너,"부츠, 장갑"
13,8,맑음,여,후드집업,후드티,슬랙스,얇은 이너,없음
-5,-6,비,남,코트,히트텍,기모청바지,히트텍,"레인부츠, 목도리, 우산, 장갑, 핫팩"
-2,-1,비,남,패딩,니트,기모청바지,히트텍,"레인부츠, 목도리, 우산, 장갑, 핫팩"
20,18,비,남,후드집업,후드티,청바지,없음,"레인부츠, 우산"
30,27,맑음,여,얇은 가디건,민소매,반바지,없음,"모자, 선글라스, 양산"
15,10,비,여,후드집업,맨투맨,청바지,없음,"레인부츠, 우산"
-2,1,비,여,코트,기모후드,기모바지,히트텍,"레인부츠, 목도리, 우산, 장갑, 핫팩"
13,12,눈,남,가디건,긴팔티,청바지,얇은 이너,"부츠, 장갑"
13,12,비,여,자켓,긴팔티,청바지,얇은 이너,"레인부츠, 우산"
6,7,눈,남,코트,기모후드,기모청바지,히트텍,"부츠, 장갑"
-3,-5,맑음,여,패딩,히트텍,기모레깅스,히트텍,"목도리, 장갑, 핫팩"
5,2,맑음,여,롱패딩,니트,기모바지,히트텍,"목도리, 장갑, 핫팩"
9,9,흐림,여,코트,히트텍,기모치마,히트텍,없음
34,31,흐림,여,없음,민소매,반바지,없음,"모자, 선글라스, 양산"
29,31,눈,여,없음,민소매,치마,없음,"모자, 부츠, 선글라스, 양산, 장갑"
35,31,맑음,여,없음,민소매,치마,없음,"모자, 선글라스, 양산"
-9,-6,비,여,코트,니트,기모치마,히트텍,"레인부츠, 목도리, 우산, 장갑, 핫팩"
19,19,흐림,남,자켓,후드티,슬랙스,얇은 이너,없음
22,17,눈,여,자켓,긴팔티,청바지,얇은 이너,"부츠, 장갑"
-2,-6,눈,남,코트,히트텍,기모청바지,히트텍,"목도리, 부츠, 장갑, 핫팩"
-10,-11,눈,여,패딩,기모후드,기모레깅스,히트텍,"목도리, 부츠, 장갑, 핫팩"
-3,-8,흐림,여,코트,히트텍,기모레깅스,히트텍,"목도리, 장갑, 핫팩"
-1,-4,맑음,여,코트,니트,기모바지,히트텍,"목도리, 장갑, 핫팩"
-10,-15,눈,여,코트,니트,기모레깅스,히트텍,"목도리, 부츠, 장갑, 핫팩"
33,33,눈,여,얇은 가디건,민소매,치마,없음,"모자, 부츠, 선글라스, 양산, 장갑"
-10,-12,맑음,여,패딩,니트,기모바지,히트텍,"목도리, 장갑, 핫팩"
15,14,흐림,남,가디건,후드티,청바지,얇은 이너,없음
16,13,비,여,자켓,맨투맨,롱스커트,없음,"레인부츠, 우산"
16,19,비,남,후드집업,긴팔티,슬랙스,없음,"레인부츠, 우산"
32,32,맑음,여,얇은 가디건,반팔,치마,없음,"모자, 선글라스, 양산"
-10,-8,맑음,남,코트,기모후드,기모바지,히트텍,"목도리, 장갑, 핫팩"
27,29,흐림,여,없음,반팔,치마,없음,"모자, 선글라스, 양산"
33,31,눈,남,얇은 가디건,민소매,반바지,없음,"모자, 부츠, 선글라스, 양산, 장갑"
4,-1,흐림,남,패딩,기모후드,기모청바지,히트텍,"목도리, 장갑, 핫팩"
20,23,눈,남,자켓,후드티,면바지,없음,"부츠, 장갑"
31,32,눈,여,얇은 가디건,반팔,반바지,없음,"모자, 부츠, 선글라스, 양산, 장갑"
-3,-2,눈,남,롱패딩,히트텍,기모청바지,히트텍,"목도리, 부츠, 장갑, 핫팩"
-3,-6,눈,여,패딩,니트,기모바지,히트텍,"목도리, 부츠, 장갑, 핫팩"
-3,-3,눈,여,롱패딩,기모후드,기모치마,히트텍,"목도리, 부츠, 장갑, 핫팩"
5,0,눈,남,패딩,니트,기모청바지,히트텍,"목도리, 부츠, 장갑, 핫팩"
24,20,비,여,가디건,후드티,청바지,없음,"레인부츠, 우산"
-4,-9,흐림,남,패딩,니트,기모청바지,히트텍,"목도리, 장갑, 핫팩"
1,-1,맑음,여,롱패딩,니트,기모레깅스,히트텍,"목도리, 장갑, 핫팩"
15,10,맑음,남,가디건,맨투맨,면바지,없음,없음
30,32,맑음,남,얇은 가디건,민소매,반바지,없음,"모자, 선글라스, 양산"
15,15,비,남,후드집업,긴팔티,슬랙스,없음,"레인부츠, 우산"
-7,-10,흐림,여,롱패딩,기모후드,기모레깅스,히트텍,"목도리, 장갑, 핫팩"
-3,-3,비,남,코트,기모후드,기모청바지,히트텍,"레인부츠, 목도리, 우산, 장갑, 핫팩"
17,14,맑음,남,가디건,후드티,면바지,얇은 이너,없음
33,33,맑음,남,없음,반팔,면반바지,없음,"모자, 선글라스, 양산"
17,12,눈,남,후드집업,맨투맨,면바지,없음,"부츠, 장갑"
20,19,눈,남,후드집업,긴팔티,청바지,얇은 이너,"부츠, 장갑"
1,2,비,여,코트,니트,기모치마,히트텍,"레인부츠, 목도리, 우산, 장갑, 핫팩"
18,17,눈,여,자켓,맨투맨,청바지,얇은 이너,"부츠, 장갑"
31,27,흐림,여,얇은 가디건,민소매,치마,없음,"모자, 선글라스, 양산"
-6,-5,맑음,남,롱패딩,히트텍,기모청바지,히트텍,"목도리, 장갑, 핫팩"
23,23,흐림,남,후드집업,맨투맨,면바지,없음,없음
7,6,비,여,패딩,히트텍,기모레깅스,히트텍,"레인부츠, 우산"
-7,-7,맑음,남,패딩,기모후드,기모바지,히트텍,"목도리, 장갑, 핫팩"
28,29,맑음,남,얇은 가디건,민소매,반바지,없음,"모자, 선글라스, 양산"
25,25,맑음,남,얇은 가디건,민소매,면반바지,없음,"모자, 선글라스, 양산"
1,2,눈,남,패딩,니트,기모바지,히트텍,"목도리, 부츠, 장갑, 핫팩"
33,29,맑음,여,얇은 가디건,반팔,반바지,없음,"모자, 선글라스, 양산"
16,18,눈,여,후드집업,후드티,청바지,얇은 이너,"부츠, 장갑"
3,2,눈,여,패딩,히트텍,기모치마,히트텍,"목도리, 부츠, 장갑, 핫팩"
29,24,흐림,여,얇은 가디건,반팔,치마,없음,"모자, 선글라스, 양산"
-6,-7,맑음,남,롱패딩,히트텍,기모청바지,히트텍,"목도리, 장갑, 핫팩"
33,36,눈,여,없음,반팔,반바지,없음,"모자, 부츠, 선글라스, 양산, 장갑"
11,12,맑음,남,가디건,맨투맨,면바지,얇은 이너,없음
28,26,눈,여,얇은 가디건,반팔,치마,없음,"모자, 부츠, 선글라스, 양산, 장갑"
8,8,흐림,여,롱패딩,히트텍,기모치마,히트텍,없음
-4,-6,흐림,여,롱패딩,니트,기모치마,히트텍,"목도리, 장갑, 핫팩"
-5,-2,비,남,코트,히트텍,기모청바지,히트텍,"레인부츠, 목도리, 우산, 장갑, 핫팩"
20,23,눈,여,후드집업,맨투맨,슬랙스,없음,"부츠, 장갑"
28,30,흐림,여,얇은 가디건,반팔,치마,없음,"모자, 선글라스, 양산"
7,7,흐림,여,패딩,니트,기모레깅스,히트텍,없음
-4,-2,눈,여,패딩,니트,기모레깅스,히트텍,"목도리, 부츠, 장갑, 핫팩"
-1,-3,흐림,남,롱패딩,니트,기모청바지,히트텍,"목도리, 장갑, 핫팩"
24,26,맑음,여,후드집업,긴팔티,롱스커트,얇은 이너,없음
14,17,맑음,여,자켓,맨투맨,롱스커트,없음,없음
8,11,맑음,남,코트,니트,기모청바지,히트텍,없음
9,12,흐림,남,코트,히트텍,기모바지,히트텍,없음
18,18,비,여,가디건,후드티,슬랙스,없음,"레인부츠, 우산"
2,-3,비,여,코트,히트텍,기모바지,히트텍,"레인부츠, 목도리, 우산, 장갑, 핫팩"
20,22,흐림,남,자켓,긴팔티,슬랙스,얇은 이너,없음
10,8,비,남,자켓,긴팔티,청바지,없음,"레인부츠, 우산"
-6,-3,비,남,코트,히트텍,기모바지,히트텍,"레인부츠, 목도리, 우산, 장갑, 핫팩"
31,34,맑음,여,얇은 가디건,민소매,치마,없음,"모자, 선글라스, 양산"
29,24,눈,여,얇은 가디건,반팔,반바지,없음,"모자, 부츠, 선글라스, 양산, 장갑"
19,21,흐림,여,자켓,후드티,롱스커트,얇은 이너,없음
-8,-10,눈,남,코트,기모후드,기모바지,히트텍,"목도리, 부츠, 장갑, 핫팩"
-7,-5,맑음,남,패딩,히트텍,기모청바지,히트텍,"목도리, 장갑, 핫팩"
-6,-6,눈,여,패딩,기모후드,기모레깅스,히트텍,"목도리, 부츠, 장갑, 핫팩"
3,3,비,여,패딩,니트,기모레깅스,히트텍,"레인부츠, 목도리, 우산, 장갑, 핫팩"
0,-5,흐림,여,롱패딩,기모후드,기모치마,히트텍,"목도리, 장갑, 핫팩"
-4,-1,맑음,남,코트,히트텍,기모청바지,히트텍,"목도리, 장갑, 핫팩"
5,1,눈,여,롱패딩,기모후드,기모치마,히트텍,"목도리, 부츠, 장갑, 핫팩"
9,10,흐림,여,패딩,히트텍,기모치마,히트텍,없음
23,19,맑음,남,후드집업,맨투맨,면바지,얇은 이너,없음
29,27,맑음,여,얇은 가디건,반팔,반바지,없음,"모자, 선글라스, 양산"
18,17,비,여,후드집업,맨투맨,롱스커트,얇은 이너,"레인부츠, 우산"
-3,0,맑음,여,패딩,기모후드,기모치마,히트텍,"목도리, 장갑, 핫팩"
9,12,비,여,패딩,기모후드,기모바지,히트텍,"레인부츠, 우산"
28,23,흐림,여,없음,민소매,반바지,없음,"모자, 선글라스, 양산"
30,30,흐림,여,없음,반팔,반바지,없음,"모자, 선글라스, 양산"
-4,-6,흐림,남,롱패딩,니트,기모청바지,히트텍,"목도리, 장갑, 핫팩"
33,33,비,남,얇은 가디건,반팔,면반바지,없음,"레인부츠, 모자, 선글라스, 양산, 우산"
27,29,흐림,남,없음,민소매,면반바지,없음,"모자, 선글라스, 양산"
29,26,눈,여,없음,민소매,치마,없음,"모자, 부츠, 선글라스, 양산, 장갑"
32,28,비,여,없음,반팔,치마,없음,"레인부츠, 모자, 선글라스, 양산, 우산"
33,29,눈,여,얇은 가디건,민소매,반바지,없음,"모자, 부츠, 선글라스, 양산, 장갑"
32,35,비,여,없음,반팔,반바지,없음,"레인부츠, 모자, 선글라스, 양산, 우산"
34,29,비,남,얇은 가디건,반팔,면반바지,없음,"레인부츠, 모자, 선글라스, 양산, 우산"
0,1,비,여,롱패딩,기모후드,기모바지,히트텍,"레인부츠, 목도리, 우산, 장갑, 핫팩"
26,24,맑음,여,얇은 가디건,반팔,반바지,없음,"모자, 선글라스, 양산"
22,20,흐림,여,후드집업,맨투맨,롱스커트,없음,없음
28,24,비,여,얇은 가디건,민소매,반바지,없음,"레인부츠, 모자, 선글라스, 양산, 우산"
24,25,비,남,후드집업,후드티,청바지,없음,"레인부츠, 우산"
25,20,맑음,남,얇은 가디건,반팔,반바지,없음,"모자, 선글라스, 양산"
6,8,비,여,코트,기모후드,기모바지,히트텍,"레인부츠, 우산"
27,25,비,여,없음,민소매,반바지,없음,"레인부츠, 모자, 선글라스, 양산, 우산"
6,1,맑음,남,코트,니트,기모청바지,히트텍,없음
18,13,흐림,여,후드집업,긴팔티,롱스커트,없음,없음
8,11,눈,남,코트,니트,기모청바지,히트텍,"부츠, 장갑"
-4,-4,눈,남,롱패딩,니트,기모바지,히트텍,"목도리, 부츠, 장갑, 핫팩"
18,14,맑음,남,자켓,맨투맨,슬랙스,없음,없음
-5,-6,흐림,남,코트,니트,기모바지,히트텍,"목도리, 장갑, 핫팩"
27,28,눈,남,없음,민소매,면반바지,없음,"모자, 부츠, 선글라스, 양산, 장갑"
15,14,눈,여,가디건,맨투맨,슬랙스,얇은 이너,"부츠, 장갑"
33,28,비,여,없음,반팔,반바지,없음,"레인부츠, 모자, 선글라스, 양산, 우산"
-8,-13,눈,여,코트,기모후드,기모레깅스,히트텍,"목도리, 부츠, 장갑, 핫팩"
-10,-8,비,남,롱패딩,니트,기모청바지,히트텍,"레인부츠, 목도리, 우산, 장갑, 핫팩"
-2,-5,비,여,롱패딩,기모후드,기모레깅스,히트텍,"레인부츠, 목도리, 우산, 장갑, 핫팩"
-3,-1,비,여,롱패딩,히트텍,기모레깅스,히트텍,"레인부츠, 목도리, 우산, 장갑, 핫팩"
9,8,비,남,패딩,기모후드,기모청바지,히트텍,"레인부츠, 우산"
20,17,맑음,여,자켓,후드티,롱스커트,얇은 이너,없음
23,24,흐림,여,자켓,긴팔티,슬랙스,얇은 이너,없음
-7,-5,흐림,여,코트,기모후드,기모레깅스,히트텍,"목도리, 장갑, 핫팩"
-1,1,눈,남,롱패딩,히트텍,기모바지,히트텍,"목도리, 부츠, 장갑, 핫팩"
9,12,흐림,남,패딩,히트텍,기모바지,히트텍,없음
-3,-4,맑음,여,롱패딩,니트,기모레깅스,히트텍,"목도리, 장갑, 핫팩"
2,0,눈,여,패딩,히트텍,기모바지,히트텍,"목도리, 부츠, 장갑, 핫팩"
35,31,비,여,없음,반팔,반바지,없음,"레인부츠, 모자, 선글라스, 양산, 우산"
31,32,비,남,얇은 가디건,민소매,반바지,없음,"레인부츠, 모자, 선글라스, 양산, 우산"
21,19,흐림,남,후드집업,긴팔티,청바지,없음,없음
-9,-8,비,남,코트,기모후드,기모바지,히트텍,"레인부츠, 목도리, 우산, 장갑, 핫팩"
-1,-6,비,남,코트,히트텍,기모바지,히트텍,"레인부츠, 목도리, 우산, 장갑, 핫팩"
16,11,비,여,자켓,맨투맨,슬랙스,없음,"레인부츠, 우산"
-10,-11,맑음,남,코트,니트,기모바지,히트텍,"목도리, 장갑, 핫팩"
1,-2,맑음,여,코트,기모후드,기모바지,히트텍,"목도리, 장갑, 핫팩"
-7,-4,비,여,코트,기모후드,기모치마,히트텍,"레인부츠, 목도리, 우산, 장갑, 핫팩"
-10,-15,맑음,여,패딩,히트텍,기모바지,히트텍,"목도리, 장갑, 핫팩"
-6,-8,흐림,남,롱패딩,히트텍,기모바지,히트텍,"목도리, 장갑, 핫팩"
-4,-7,흐림,여,패딩,기모후드,기모치마,히트텍,"목도리, 장갑, 핫팩"
30,32,눈,여,얇은 가디건,민소매,치마,없음,"모자, 부츠, 선글라스, 양산, 장갑"
16,16,눈,남,후드집업,긴팔티,슬랙스,얇은 이너,"부츠, 장갑"
-6,-4,눈,남,롱패딩,니트,기모바지,히트텍,"목도리, 부츠, 장갑, 핫팩"
8,8,비,여,코트,니트,기모바지,히트텍,"레인부츠, 우산"
28,30,맑음,남,없음,반팔,반바지,없음,"모자, 선글라스, 양산"
8,6,눈,남,코트,니트,기모바지,히트텍,"부츠, 장갑"
23,20,눈,남,가디건,긴팔티,면바지,없음,"부츠, 장갑"
28,31,흐림,여,얇은 가디건,민소매,반바지,없음,"모자, 선글라스, 양산"
3,1,눈,남,롱패딩,기모후드,기모청바지,히트텍,"목도리, 부츠, 장갑, 핫팩"
18,20,비,남,자켓,맨투맨,청바지,얇은 이너,"레인부츠, 우산"
5,5,맑음,남,롱패딩,니트,기모청바지,히트텍,"목도리, 장갑, 핫팩"
14,13,비,여,후드집업,긴팔티,슬랙스,얇은 이너,"레인부츠, 우산"
30,33,눈,남,없음,민소매,면반바지,없음,"모자, 부츠, 선글라스, 양산, 장갑"
31,32,눈,남,얇은 가디건,반팔,면반바지,없음,"모자, 부츠, 선글라스, 양산, 장갑"
25,20,눈,여,얇은 가디건,민소매,반바지,없음,"모자, 부츠, 선글라스, 양산, 장갑"
23,22,눈,남,가디건,긴팔티,청바지,얇은 이너,"부츠, 장갑"
22,22,눈,여,가디건,긴팔티,슬랙스,얇은 이너,"부츠, 장갑"
24,22,비,남,가디건,긴팔티,슬랙스,얇은 이너,"레인부츠, 우산"
-1,-5,눈,여,패딩,기모후드,기모레깅스,히트텍,"목도리, 부츠, 장갑, 핫팩"
4,6,눈,남,롱패딩,히트텍,기모바지,히트텍,"목도리, 부츠, 장갑, 핫팩"
0,-2,눈,여,코트,니트,기모치마,히트텍,"목도리, 부츠, 장갑, 핫팩"
-3,-2,비,여,롱패딩,히트텍,기모치마,히트텍,"레인부츠, 목도리, 우산, 장갑, 핫팩"
25,26,맑음,남,없음,반팔,반바지,없음,"모자, 선글라스, 양산"
-6,-6,흐림,여,롱패딩,니트,기모레깅스,히트텍,"목도리, 장갑, 핫팩"
26,26,눈,남,얇은 가디건,민소매,반바지,없음,"모자, 부츠, 선글라스, 양산, 장갑"
0,0,비,여,패딩,니트,기모레깅스,히트텍,"레인부츠, 목도리, 우산, 장갑, 핫팩"
35,36,눈,여,없음,민소매,반바지,없음,"모자, 부츠, 선글라스, 양산, 장갑"
31,29,눈,남,얇은 가디건,민소매,반바지,없음,"모자, 부츠, 선글라스, 양산, 장갑"
32,31,흐림,남,얇은 가디건,반팔,면반바지,없음,"모자, 선글라스, 양산"
33,32,흐림,남,없음,반팔,면반바지,없음,"모자, 선글라스, 양산"
19,15,흐림,여,자켓,후드티,롱스커트,없음,없음
26,28,눈,남,얇은 가디건,반팔,면반바지,없음,"모자, 부츠, 선글라스, 양산, 장갑"
15,16,맑음,남,가디건,긴팔티,청바지,얇은 이너,없음
-9,-9,흐림,여,롱패딩,기모후드,기모바지,히트텍,"목도리, 장갑, 핫팩"
16,17,흐림,여,가디건,후드티,청바지,얇은 이너,없음
10,7,비,남,자켓,맨투맨,청바지,없음,"레인부츠, 우산"
-5,-2,눈,남,롱패딩,니트,기모바지,히트텍,"목도리, 부츠, 장갑, 핫팩"
22,22,비,여,가디건,긴팔티,롱스커트,없음,"레인부츠, 우산"
20,16,흐림,남,자켓,긴팔티,슬랙스,얇은 이너,없음
-7,-12,눈,남,코트,니트,기모청바지,히트텍,"목도리, 부츠, 장갑, 핫팩"
35,37,눈,여,없음,민소매,치마,없음,"모자, 부츠, 선글라스, 양산, 장갑"
13,11,비,남,자켓,긴팔티,면바지,없음,"레인부츠, 우산"
29,32,흐림,여,없음,민소매,치마,없음,"모자, 선글라스, 양산"
-2,-5,맑음,여,롱패딩,히트텍,기모치마,히트텍,"목도리, 장갑, 핫팩"
30,33,비,여,얇은 가디건,반팔,반바지,없음,"레인부츠, 모자, 선글라스, 양산, 우산"
-2,-5,흐림,여,롱패딩,니트,기모바지,히트텍,"목도리, 장갑, 핫팩"
34,30,눈,남,얇은 가디건,민소매,반바지,없음,"모자, 부츠, 선글라스, 양산, 장갑"
29,26,흐림,남,얇은 가디건,민소매,면반바지,없음,"모자, 선글라스, 양산"
-7,-10,흐림,여,패딩,니트,기모레깅스,히트텍,"목도리, 장갑, 핫팩"
4,5,흐림,남,롱패딩,히트텍,기모청바지,히트텍,"목도리, 장갑, 핫팩"
-5,-8,눈,여,롱패딩,기모후드,기모레깅스,히트텍,"목도리, 부츠, 장갑, 핫팩"
20,23,맑음,남,자켓,맨투맨,슬랙스,얇은 이너,없음
12,15,맑음,남,후드집업,맨투맨,청바지,없음,없음
-6,-6,비,남,패딩,니트,기모청바지,히트텍,"레인부츠, 목도리, 우산, 장갑, 핫팩"
2,4,흐림,남,패딩,히트텍,기모바지,히트텍,"목도리, 장갑, 핫팩"
20,16,맑음,여,가디건,후드티,롱스커트,얇은 이너,없음
-5,-5,눈,남,롱패딩,니트,기모청바지,히트텍,"목도리, 부츠, 장갑, 핫팩"
28,29,눈,여,없음,반팔,반바지,없음,"모자, 부츠, 선글라스, 양산, 장갑"
-3,-6,맑음,여,코트,기모후드,기모바지,히트텍,"목도리, 장갑, 핫팩"
35,30,흐림,여,얇은 가디건,민소매,치마,없음,"모자, 선글라스, 양산"
20,19,눈,여,자켓,후드티,청바지,없음,"부츠, 장갑"
25,20,비,남,없음,반팔,반바지,없음,"레인부츠, 모자, 선글라스, 양산, 우산"
-9,-8,맑음,여,코트,히트텍,기모레깅스,히트텍,"목도리, 장갑, 핫팩"
31,30,눈,남,없음,민소매,면반바지,없음,"모자, 부츠, 선글라스, 양산, 장갑"
14,9,맑음,여,후드집업,후드티,청바지,없음,없음
9,5,흐림,여,롱패딩,히트텍,기모치마,히트텍,없음
-8,-10,맑음,여,코트,기모후드,기모바지,히트텍,"목도리, 장갑, 핫팩"
9,8,비,남,롱패딩,히트텍,기모바지,히트텍,"레인부츠, 우산"
27,23,맑음,남,없음,민소매,반바지,없음,"모자, 선글라스, 양산"
-9,-9,맑음,여,패딩,히트텍,기모레깅스,히트텍,"목도리, 장갑, 핫팩"
19,21,흐림,여,후드집업,후드티,청바지,얇은 이너,없음
-4,-9,비,남,롱패딩,니트,기모바지,히트텍,"레인부츠, 목도리, 우산, 장갑, 핫팩"
15,13,맑음,남,후드집업,긴팔티,면바지,얇은 이너,없음
34,34,비,남,없음,민소매,면반바지,없음,"레인부츠, 모자, 선글라스, 양산, 우산"
13,10,비,여,가디건,후드티,롱스커트,얇은 이너,"레인부츠, 우산"
8,9,눈,여,롱패딩,기모후드,기모바지,히트텍,"부츠, 장갑"
3,0,흐림,남,패딩,히트텍,기모바지,히트텍,"목도리, 장갑, 핫팩"
28,31,맑음,남,없음,민소매,면반바지,없음,"모자, 선글라스, 양산"
8,4,눈,남,패딩,기모후드,기모청바지,히트텍,"부츠, 장갑"
14,16,맑음,여,가디건,긴팔티,청바지,없음,없음
-5,-10,흐림,여,코트,니트,기모치마,히트텍,"목도리, 장갑, 핫팩"
20,21,흐림,여,자켓,후드티,슬랙스,얇은 이너,없음
1,2,맑음,남,패딩,히트텍,기모바지,히트텍,"목도리, 장갑, 핫팩"
27,23,비,남,없음,민소매,면반바지,없음,"레인부츠, 모자, 선글라스, 양산, 우산"
30,30,눈,여,없음,반팔,반바지,없음,"모자, 부츠, 선글라스, 양산, 장갑"
35,31,비,여,없음,민소매,치마,없음,"레인부츠, 모자, 선글라스, 양산, 우산"
33,36,눈,남,얇은 가디건,민소매,면반바지,없음,"모자, 부츠, 선글라스, 양산, 장갑"
3,6,흐림,남,코트,히트텍,기모청바지,히트텍,"목도리, 장갑, 핫팩"
10,13,비,남,후드집업,긴팔티,면바지,얇은 이너,"레인부츠, 우산"
3,6,흐림,여,롱패딩,히트텍,기모치마,히트텍,"목도리, 장갑, 핫팩"
-1,0,눈,남,코트,니트,기모청바지,히트텍,"목도리, 부츠, 장갑, 핫팩"
24,24,비,남,후드집업,후드티,슬랙스,없음,"레인부츠, 우산"
15,13,흐림,여,자켓,맨투맨,롱스커트,얇은 이너,없음
-8,-11,눈,여,롱패딩,니트,기모바지,히트텍,"목도리, 부츠, 장갑, 핫팩"
-2,-6,맑음,여,패딩,니트,기모바지,히트텍,"목도리, 장갑, 핫팩"
30,29,맑음,여,얇은 가디건,민소매,치마,없음,"모자, 선글라스, 양산"
26,25,눈,남,얇은 가디건,반팔,면반바지,없음,"모자, 부츠, 선글라스, 양산, 장갑"
1,1,맑음,남,코트,기모후드,기모청바지,히트텍,"목도리, 장갑, 핫팩"
12,13,눈,남,가디건,맨투맨,청바지,얇은 이너,"부츠, 장갑"
-7,-7,눈,남,패딩,히트텍,기모청바지,히트텍,"목도리, 부츠, 장갑, 핫팩"
35,37,흐림,남,얇은 가디건,민소매,반바지,없음,"모자, 선글라스, 양산"
10,13,비,여,후드집업,긴팔티,롱스커트,얇은 이너,"레인부츠, 우산"
35,37,흐림,남,얇은 가디건,민소매,면반바지,없음,"모자, 선글라스, 양산"
11,11,눈,여,후드집업,후드티,슬랙스,없음,"부츠, 장갑"
14,10,비,여,가디건,긴팔티,롱스커트,없음,"레인부츠, 우산"
18,19,맑음,남,가디건,맨투맨,슬랙스,얇은 이너,없음
15,11,비,여,후드집업,맨투맨,슬랙스,없음,"레인부츠, 우산"
32,29,비,남,얇은 가디건,반팔,면반바지,없음,"레인부츠, 모자, 선글라스, 양산, 우산"
25,24,흐림,여,없음,민소매,반바지,없음,"모자, 선글라스, 양산"
31,28,비,여,얇은 가디건,반팔,치마,없음,"레인부츠, 모자, 선글라스, 양산, 우산"
5,4,흐림,여,패딩,기모후드,기모바지,히트텍,"목도리, 장갑, 핫팩"
35,38,눈,여,얇은 가디건,민소매,반바지,없음,"모자, 부츠, 선글라스, 양산, 장갑"
15,12,비,여,자켓,맨투맨,슬랙스,없음,"레인부츠, 우산"
3,0,눈,여,롱패딩,기모후드,기모치마,히트텍,"목도리, 부츠, 장갑, 핫팩"
34,34,맑음,남,없음,민소매,면반바지,없음,"모자, 선글라스, 양산"
33,31,흐림,남,얇은 가디건,반팔,면반바지,없음,"모자, 선글라스, 양산"
10,8,비,남,자켓,후드티,슬랙스,없음,"레인부츠, 우산"
26,27,눈,남,얇은 가디건,민소매,면반바지,없음,"모자, 부츠, 선글라스, 양산, 장갑"
0,-4,비,남,패딩,히트텍,기모청바지,히트텍,"레인부츠, 목도리, 우산, 장갑, 핫팩"
23,18,눈,여,후드집업,긴팔티,청바지,얇은 이너,"부츠, 장갑"
12,7,흐림,여,후드집업,후드티,슬랙스,없음,없음
26,28,비,남,없음,민소매,반바지,없음,"레인부츠, 모자, 선글라스, 양산, 우산"
35,34,비,남,없음,민소매,반바지,없음,"레인부츠, 모자, 선글라스, 양산, 우산"
-7,-8,맑음,여,코트,니트,기모치마,히트텍,"목도리, 장갑, 핫팩"
-10,-12,맑음,여,롱패딩,히트텍,기모바지,히트텍,"목도리, 장갑, 핫팩"
-3,-8,맑음,남,롱패딩,히트텍,기모청바지,히트텍,"목도리, 장갑, 핫팩"
19,22,눈,여,가디건,긴팔티,롱스커트,얇은 이너,"부츠, 장갑"
-1,-6,흐림,남,패딩,니트,기모바지,히트텍,"목도리, 장갑, 핫팩"
15,16,비,남,자켓,맨투맨,슬랙스,없음,"레인부츠, 우산"
27,25,흐림,남,얇은 가디건,반팔,면반바지,없음,"모자, 선글라스, 양산"
-7,-5,눈,여,패딩,기모후드,기모레깅스,히트텍,"목도리, 부츠, 장갑, 핫팩"
1,3,흐림,여,코트,니트,기모치마,히트텍,"목도리, 장갑, 핫팩"
2,4,비,남,패딩,히트텍,기모청바지,히트텍,"레인부츠, 목도리, 우산, 장갑, 핫팩"
20,21,비,남,가디건,후드티,청바지,없음,"레인부츠, 우산"
-3,-7,비,여,롱패딩,니트,기모레깅스,히트텍,"레인부츠, 목도리, 우산, 장갑, 핫팩"
28,26,비,여,얇은 가디건,반팔,치마,없음,"레인부츠, 모자, 선글라스, 양산, 우산"
29,27,맑음,여,얇은 가디건,반팔,반바지,없음,"모자, 선글라스, 양산"
16,18,눈,여,가디건,후드티,청바지,없음,"부츠, 장갑"
28,31,맑음,남,없음,반팔,반바지,없음,"모자, 선글라스, 양산"
13,12,눈,남,가디건,후드티,면바지,얇은 이너,"부츠, 장갑"
34,29,눈,여,얇은 가디건,반팔,반바지,없음,"모자, 부츠, 선글라스, 양산, 장갑"
27,23,비,여,얇은 가디건,반팔,치마,없음,"레인부츠, 모자, 선글라스, 양산, 우산"
-6,-5,비,남,코트,니트,기모청바지,히트텍,"레인부츠, 목도리, 우산, 장갑, 핫팩"
-7,-4,맑음,여,패딩,히트텍,기모치마,히트텍,"목도리, 장갑, 핫팩"
-9,-7,비,남,패딩,히트텍,기모청바지,히트텍,"레인부츠, 목도리, 우산, 장갑, 핫팩"
22,22,눈,여,후드집업,긴팔티,슬랙스,얇은 이너,"부츠, 장갑"
-9,-7,흐림,남,코트,히트텍,기모바지,히트텍,"목도리, 장갑, 핫팩"
24,21,흐림,여,후드집업,후드티,청바지,없음,없음
29,32,맑음,남,없음,반팔,반바지,없음,"모자, 선글라스, 양산"
8,3,눈,남,코트,기모후드,기모바지,히트텍,"부츠, 장갑"
-3,-4,눈,여,코트,니트,기모바지,히트텍,"목도리, 부츠, 장갑, 핫팩"
19,22,흐림,남,후드집업,긴팔티,슬랙스,없음,없음
14,13,흐림,여,후드집업,긴팔티,청바지,얇은 이너,없음
28,25,눈,남,없음,민소매,반바지,없음,"모자, 부츠, 선글라스, 양산, 장갑"
24,27,눈,여,자켓,맨투맨,슬랙스,얇은 이너,"부츠, 장갑"
2,0,맑음,남,롱패딩,기모후드,기모바지,히트텍,"목도리, 장갑, 핫팩"
-1,-2,눈,여,코트,니트,기모치마,히트텍,"목도리, 부츠, 장갑, 핫팩"
4,2,비,남,코트,기모후드,기모바지,히트텍,"레인부츠, 목도리, 우산, 장갑, 핫팩"
32,28,눈,여,얇은 가디건,반팔,반바지,없음,"모자, 부츠, 선글라스, 양산, 장갑"
15,10,눈,남,자켓,후드티,면바지,얇은 이너,"부츠, 장갑"
28,27,비,여,없음,민소매,치마,없음,"레인부츠, 모자, 선글라스, 양산, 우산"
11,9,맑음,남,자켓,후드티,면바지,얇은 이너,없음
6,9,눈,남,코트,니트,기모바지,히트텍,"부츠, 장갑"
-8,-9,흐림,남,패딩,기모후드,기모바지,히트텍,"목도리, 장갑, 핫팩"
32,35,흐림,여,없음,민소매,치마,없음,"모자, 선글라스, 양산"
10,10,눈,남,후드집업,맨투맨,슬랙스,없음,"부츠, 장갑"
8,5,눈,남,패딩,기모후드,기모바지,히트텍,"부츠, 장갑"
2,4,맑음,여,코트,니트,기모치마,히트텍,"목도리, 장갑, 핫팩"
5,2,흐림,남,코트,히트텍,기모바지,히트텍,"목도리, 장갑, 핫팩"
-8,-6,흐림,남,롱패딩,니트,기모바지,히트텍,"목도리, 장갑, 핫팩"
25,25,맑음,남,얇은 가디건,반팔,반바지,없음,"모자, 선글라스, 양산"
-7,-6,비,남,패딩,니트,기모청바지,히트텍,"레인부츠, 목도리, 우산, 장갑, 핫팩"
5,6,흐림,여,패딩,니트,기모치마,히트텍,"목도리, 장갑, 핫팩"
9,8,흐림,남,패딩,히트텍,기모바지,히트텍,없음
17,19,맑음,남,가디건,긴팔티,슬랙스,없음,없음
27,27,비,여,얇은 가디건,민소매,반바지,없음,"레인부츠, 모자, 선글라스, 양산, 우산"
31,33,흐림,남,얇은 가디건,반팔,면반바지,없음,"모자, 선글라스, 양산"
-3,-1,맑음,남,롱패딩,니트,기모바지,히트텍,"목도리, 장갑, 핫팩"
0,-5,눈,여,패딩,히트텍,기모레깅스,히트텍,"목도리, 부츠, 장갑, 핫팩"
-4,-2,비,여,패딩,니트,기모레깅스,히트텍,"레인부츠, 목도리, 우산, 장갑, 핫팩"
11,11,비,여,가디건,긴팔티,롱스커트,얇은 이너,"레인부츠, 우산"
12,14,맑음,남,자켓,후드티,면바지,얇은 이너,없음
25,21,비,여,없음,민소매,반바지,없음,"레인부츠, 모자, 선글라스, 양산, 우산"
3,5,흐림,여,패딩,기모후드,기모치마,히트텍,"목도리, 장갑, 핫팩"
3,4,비,남,롱패딩,히트텍,기모청바지,히트텍,"레인부츠, 목도리, 우산, 장갑, 핫팩"
0,0,맑음,남,코트,히트텍,기모청바지,히트텍,"목도리, 장갑, 핫팩"
-4,-8,흐림,여,패딩,니트,기모치마,히트텍,"목도리, 장갑, 핫팩"
5,0,눈,남,롱패딩,기모후드,기모청바지,히트텍,"목도리, 부츠, 장갑, 핫팩"
11,14,맑음,여,가디건,긴팔티,청바지,없음,없음
28,31,비,여,얇은 가디건,반팔,치마,없음,"레인부츠, 모자, 선글라스, 양산, 우산"
3,1,흐림,여,롱패딩,기모후드,기모바지,히트텍,"목도리, 장갑, 핫팩"
16,17,흐림,남,자켓,맨투맨,슬랙스,없음,없음
17,16,눈,여,자켓,후드티,슬랙스,얇은 이너,"부츠, 장갑"
19,16,눈,여,가디건,후드티,청바지,없음,"부츠, 장갑"
-9,-13,맑음,남,패딩,니트,기모청바지,히트텍,"목도리, 장갑, 핫팩"
13,11,맑음,남,자켓,후드티,면바지,없음,없음
7,7,비,남,패딩,히트텍,기모청바지,히트텍,"레인부츠, 우산"
8,6,눈,여,롱패딩,니트,기모바지,히트텍,"부츠, 장갑"
-3,-3,흐림,여,롱패딩,니트,기모레깅스,히트텍,"목도리, 장갑, 핫팩"
6,9,비,남,롱패딩,니트,기모바지,히트텍,"레인부츠, 우산"
12,8,흐림,여,가디건,후드티,청바지,없음,없음
-9,-14,눈,남,패딩,기모후드,기모청바지,히트텍,"목도리, 부츠, 장갑, 핫팩"
14,13,비,남,자켓,맨투맨,면바지,없음,"레인부츠, 우산"
28,23,흐림,남,얇은 가디건,민소매,반바지,없음,"모자, 선글라스, 양산"
12,11,흐림,남,자켓,맨투맨,청바지,얇은 이너,없음
1,2,눈,남,코트,기모후드,기모바지,히트텍,"목도리, 부츠, 장갑, 핫팩"
12,8,비,남,후드집업,후드티,슬랙스,없음,"레인부츠, 우산"
5,3,맑음,여,패딩,니트,기모치마,히트텍,"목도리, 장갑, 핫팩"
22,17,눈,여,자켓,맨투맨,슬랙스,없음,"부츠, 장갑"
3,1,눈,여,패딩,기모후드,기모치마,히트텍,"목도리, 부츠, 장갑, 핫팩"
31,31,눈,여,얇은 가디건,민소매,치마,없음,"모자, 부츠, 선글라스, 양산, 장갑"
14,14,눈,여,후드집업,후드티,청바지,없음,"부츠, 장갑"
35,30,맑음,여,얇은 가디건,민소매,치마,없음,"모자, 선글라스, 양산"
1,-2,흐림,남,패딩,기모후드,기모청바지,히트텍,"목도리, 장갑, 핫팩"
-8,-5,눈,남,코트,기모후드,기모청바지,히트텍,"목도리, 부츠, 장갑, 핫팩"
13,16,흐림,여,후드집업,긴팔티,롱스커트,얇은 이너,없음
23,26,눈,여,가디건,긴팔티,롱스커트,얇은 이너,"부츠, 장갑"
10,6,비,여,가디건,후드티,롱스커트,얇은 이너,"레인부츠, 우산"
29,28,비,남,얇은 가디건,민소매,반바지,없음,"레인부츠, 모자, 선글라스, 양산, 우산"
34,35,맑음,남,얇은 가디건,반팔,반바지,없음,"모자, 선글라스, 양산"
30,27,비,여,없음,반팔,치마,없음,"레인부츠, 모자, 선글라스, 양산, 우산"
16,18,눈,남,자켓,맨투맨,면바지,없음,"부츠, 장갑"
14,9,눈,남,후드집업,후드티,면바지,얇은 이너,"부츠, 장갑"
14,13,눈,남,자켓,긴팔티,청바지,얇은 이너,"부츠, 장갑"
-4,-6,맑음,여,코트,기모후드,기모바지,히트텍,"목도리, 장갑, 핫팩"
32,33,맑음,여,얇은 가디건,반팔,치마,없음,"모자, 선글라스, 양산"
17,12,눈,여,가디건,맨투맨,롱스커트,없음,"부츠, 장갑"
-3,-4,맑음,여,코트,니트,기모바지,히트텍,"목도리, 장갑, 핫팩"
24,20,흐림,여,자켓,긴팔티,롱스커트,얇은 이너,없음
32,29,눈,남,없음,반팔,반바지,없음,"모자, 부츠, 선글라스, 양산, 장갑"
7,5,맑음,남,롱패딩,기모후드,기모바지,히트텍,없음
9,9,눈,여,롱패딩,히트텍,기모치마,히트텍,"부츠, 장갑"
-10,-15,흐림,여,롱패딩,기모후드,기모레깅스,히트텍,"목도리, 장갑, 핫팩"
26,21,비,남,없음,민소매,면반바지,없음,"레인부츠, 모자, 선글라스, 양산, 우산"
-10,-11,눈,남,롱패딩,기모후드,기모바지,히트텍,"목도리, 부츠, 장갑, 핫팩"
24,22,비,남,자켓,긴팔티,청바지,얇은 이너,"레인부츠, 우산"
-2,-6,눈,남,코트,히트텍,기모청바지,히트텍,"목도리, 부츠, 장갑, 핫팩"
22,18,비,여,후드집업,긴팔티,롱스커트,얇은 이너,"레인부츠, 우산"
25,21,맑음,남,없음,민소매,반바지,없음,"모자, 선글라스, 양산"
-5,-6,흐림,여,롱패딩,니트,기모바지,히트텍,"목도리, 장갑, 핫팩"
16,14,눈,남,후드집업,맨투맨,청바지,얇은 이너,"부츠, 장갑"
34,34,맑음,여,얇은 가디건,민소매,치마,없음,"모자, 선글라스, 양산"
23,24,눈,남,가디건,후드티,면바지,없음,"부츠, 장갑"
13,10,비,여,가디건,후드티,청바지,얇은 이너,"레인부츠, 우산"
4,5,비,남,코트,니트,기모바지,히트텍,"레인부츠, 목도리, 우산, 장갑, 핫팩"
28,31,흐림,남,없음,반팔,면반바지,없음,"모자, 선글라스, 양산"
28,30,흐림,남,없음,반팔,면반바지,없음,"모자, 선글라스, 양산"
26,29,눈,여,없음,민소매,치마,없음,"모자, 부츠, 선글라스, 양산, 장갑"
26,24,흐림,남,없음,민소매,반바지,없음,"모자, 선글라스, 양산"
30,26,흐림,여,없음,반팔,치마,없음,"모자, 선글라스, 양산"
4,-1,눈,남,패딩,기모후드,기모청바지,히트텍,"목도리, 부츠, 장갑, 핫팩"
3,3,흐림,여,롱패딩,니트,기모치마,히트텍,"목도리, 장갑, 핫팩"
20,19,비,남,가디건,맨투맨,청바지,얇은 이너,"레인부츠, 우산"
5,7,맑음,여,패딩,기모후드,기모바지,히트텍,"목도리, 장갑, 핫팩"
32,34,비,여,없음,민소매,치마,없음,"레인부츠, 모자, 선글라스, 양산, 우산"
-8,-9,맑음,남,롱패딩,히트텍,기모바지,히트텍,"목도리, 장갑, 핫팩"
31,29,눈,여,얇은 가디건,민소매,반바지,없음,"모자, 부츠, 선글라스, 양산, 장갑"
-2,-4,맑음,여,롱패딩,니트,기모치마,히트텍,"목도리, 장갑, 핫팩"
-3,0,눈,남,롱패딩,기모후드,기모청바지,히트텍,"목도리, 부츠, 장갑, 핫팩"
12,10,맑음,남,가디건,후드티,청바지,얇은 이너,없음
17,14,비,남,후드집업,긴팔티,슬랙스,얇은 이너,"레인부츠, 우산"
12,13,맑음,남,자켓,후드티,면바지,얇은 이너,없음
13,16,비,여,자켓,후드티,청바지,얇은 이너,"레인부츠, 우산"
23,19,흐림,남,후드집업,긴팔티,청바지,얇은 이너,없음
-7,-10,비,남,코트,기모후드,기모청바지,히트텍,"레인부츠, 목도리, 우산, 장갑, 핫팩"
-7,-11,비,남,롱패딩,니트,기모바지,히트텍,"레인부츠, 목도리, 우산, 장갑, 핫팩"
27,26,흐림,여,없음,민소매,치마,없음,"모자, 선글라스, 양산"
-3,-5,눈,남,롱패딩,기모후드,기모청바지,히트텍,"목도리, 부츠, 장갑, 핫팩"
0,-1,비,남,롱패딩,히트텍,기모청바지,히트텍,"레인부츠, 목도리, 우산, 장갑, 핫팩"
-1,1,비,남,패딩,니트,기모청바지,히트텍,"레인부츠, 목도리, 우산, 장갑, 핫팩"
-2,-2,눈,남,코트,기모후드,기모청바지,히트텍,"목도리, 부츠, 장갑, 핫팩"
-10,-10,맑음,여,코트,기모후드,기모레깅스,히트텍,"목도리, 장갑, 핫팩"
5,2,맑음,여,코트,기모후드,기모치마,히트텍,"목도리, 장갑, 핫팩"
3,1,맑음,여,코트,니트,기모바지,히트텍,"목도리, 장갑, 핫팩"
35,33,맑음,남,얇은 가디건,반팔,반바지,없음,"모자, 선글라스, 양산"
-4,-7,비,여,패딩,히트텍,기모치마,히트텍,"레인부츠, 목도리, 우산, 장갑, 핫팩"
-10,-13,비,여,패딩,니트,기모바지,히트텍,"레인부츠, 목도리, 우산, 장갑, 핫팩"
0,-5,비,여,패딩,히트텍,기모치마,히트텍,"레인부츠, 목도리, 우산, 장갑, 핫팩"
13,12,눈,여,후드집업,맨투맨,슬랙스,얇은 이너,"부츠, 장갑"
10,10,흐림,여,자켓,긴팔티,롱스커트,얇은 이너,없음
6,8,비,남,코트,니트,기모청바지,히트텍,"레인부츠, 우산"
29,32,눈,여,얇은 가디건,민소매,치마,없음,"모자, 부츠, 선글라스, 양산, 장갑"
-5,-6,흐림,남,코트,히트텍,기모바지,히트텍,"목도리, 장갑, 핫팩"
15,18,눈,여,자켓,후드티,청바지,없음,"부츠, 장갑"
23,23,비,여,자켓,후드티,슬랙스,얇은 이너,"레인부츠, 우산"
-5,-7,흐림,여,패딩,기모후드,기모치마,히트텍,"목도리, 장갑, 핫팩"
18,13,맑음,남,가디건,후드티,면바지,얇은 이너,없음
8,7,비,여,롱패딩,니트,기모바지,히트텍,"레인부츠, 우산"
31,30,비,남,얇은 가디건,반팔,면반바지,없음,"레인부츠, 모자, 선글라스, 양산, 우산"
8,10,비,남,패딩,기모후드,기모바지,히트텍,"레인부츠, 우산"
23,25,비,여,자켓,후드티,슬랙스,얇은 이너,"레인부츠, 우산"
28,25,눈,여,없음,반팔,치마,없음,"모자, 부츠, 선글라스, 양산, 장갑"
16,17,비,남,자켓,후드티,면바지,얇은 이너,"레인부츠, 우산"
-8,-12,비,남,롱패딩,히트텍,기모청바지,히트텍,"레인부츠, 목도리, 우산, 장갑, 핫팩"
22,21,흐림,남,가디건,긴팔티,면바지,없음,없음
26,24,맑음,여,얇은 가디건,반팔,반바지,없음,"모자, 선글라스, 양산"
-2,-3,눈,남,코트,니트,기모바지,히트텍,"목도리, 부츠, 장갑, 핫팩"
27,29,흐림,여,얇은 가디건,민소매,치마,없음,"모자, 선글라스, 양산"
14,13,맑음,남,후드집업,후드티,청바지,없음,없음
30,26,눈,여,얇은 가디건,민소매,반바지,없음,"모자, 부츠, 선글라스, 양산, 장갑"
-7,-12,비,여,롱패딩,니트,기모치마,히트텍,"레인부츠, 목도리, 우산, 장갑, 핫팩"
12,15,흐림,여,자켓,긴팔티,슬랙스,없음,없음
-10,-8,비,남,롱패딩,니트,기모바지,히트텍,"레인부츠, 목도리, 우산, 장갑, 핫팩"
-3,-6,맑음,남,롱패딩,기모후드,기모바지,히트텍,"목도리, 장갑, 핫팩"
30,29,눈,여,얇은 가디건,반팔,반바지,없음,"모자, 부츠, 선글라스, 양산, 장갑"
6,9,맑음,남,롱패딩,기모후드,기모청바지,히트텍,없음
30,32,흐림,여,없음,반팔,치마,없음,"모자, 선글라스, 양산"
31,29,비,남,없음,민소매,반바지,없음,"레인부츠, 모자, 선글라스, 양산, 우산"
13,16,맑음,여,가디건,후드티,청바지,얇은 이너,없음
25,25,흐림,여,얇은 가디건,민소매,치마,없음,"모자, 선글라스, 양산"
-1,2,흐림,여,코트,기모후드,기모바지,히트텍,"목도리, 장갑, 핫팩"
25,25,비,남,얇은 가디건,반팔,면반바지,없음,"레인부츠, 모자, 선글라스, 양산, 우산"
1,4,비,남,패딩,기모후드,기모청바지,히트텍,"레인부츠, 목도리, 우산, 장갑, 핫팩"
-9,-8,맑음,여,패딩,니트,기모치마,히트텍,"목도리, 장갑, 핫팩"
24,24,흐림,여,자켓,후드티,슬랙스,얇은 이너,없음
35,31,맑음,여,없음,민소매,반바지,없음,"모자, 선글라스, 양산"
2,2,흐림,여,패딩,기모후드,기모바지,히트텍,"목도리, 장갑, 핫팩"
29,27,맑음,남,얇은 가디건,반팔,면반바지,없음,"모자, 선글라스, 양산"
-9,-13,비,남,롱패딩,니트,기모청바지,히트텍,"레인부츠, 목도리, 우산, 장갑, 핫팩"
19,15,비,여,가디건,후드티,롱스커트,없음,"레인부츠, 우산"
35,33,맑음,남,얇은 가디건,민소매,반바지,없음,"모자, 선글라스, 양산"
-1,2,흐림,여,패딩,기모후드,기모바지,히트텍,"목도리, 장갑, 핫팩"
7,2,눈,남,코트,히트텍,기모청바지,히트텍,"부츠, 장갑"
4,4,맑음,남,패딩,히트텍,기모청바지,히트텍,"목도리, 장갑, 핫팩"
12,11,눈,여,자켓,후드티,슬랙스,얇은 이너,"부츠, 장갑"
-5,-7,비,여,패딩,히트텍,기모바지,히트텍,"레인부츠, 목도리, 우산, 장갑, 핫팩"
27,25,비,여,없음,민소매,반바지,없음,"레인부츠, 모자, 선글라스, 양산, 우산"
26,26,눈,여,얇은 가디건,반팔,반바지,없음,"모자, 부츠, 선글라스, 양산, 장갑"
0,-3,비,남,롱패딩,히트텍,기모청바지,히트텍,"레인부츠, 목도리, 우산, 장갑, 핫팩"
-6,-5,맑음,남,롱패딩,기모후드,기모바지,히트텍,"목도리, 장갑, 핫팩"
6,9,비,남,롱패딩,히트텍,기모바지,히트텍,"레인부츠, 우산"
17,17,비,남,후드집업,후드티,청바지,얇은 이너,"레인부츠, 우산"
10,10,맑음,여,자켓,후드티,슬랙스,얇은 이너,없음
18,14,비,여,후드집업,후드티,롱스커트,얇은 이너,"레인부츠, 우산"
17,19,눈,남,후드집업,후드티,면바지,없음,"부츠, 장갑"
10,11,눈,남,가디건,후드티,청바지,없음,"부츠, 장갑"
-4,-7,흐림,여,코트,히트텍,기모바지,히트텍,"목도리, 장갑, 핫팩"
10,12,눈,남,자켓,긴팔티,면바지,없음,"부츠, 장갑"
1,3,눈,남,롱패딩,기모후드,기모바지,히트텍,"목도리, 부츠, 장갑, 핫팩"
28,29,눈,남,없음,민소매,반바지,없음,"모자, 부츠, 선글라스, 양산, 장갑"
35,38,비,남,얇은 가디건,반팔,면반바지,없음,"레인부츠, 모자, 선글라스, 양산, 우산"
2,-3,맑음,여,롱패딩,기모후드,기모바지,히트텍,"목도리, 장갑, 핫팩"
34,35,눈,남,없음,민소매,반바지,없음,"모자, 부츠, 선글라스, 양산, 장갑"
-3,0,흐림,남,패딩,기모후드,기모바지,히트텍,"목도리, 장갑, 핫팩"
22,20,비,남,가디건,맨투맨,슬랙스,얇은 이너,"레인부츠, 우산"
19,17,눈,남,가디건,후드티,슬랙스,얇은 이너,"부츠, 장갑"
13,13,비,여,후드집업,긴팔티,롱스커트,얇은 이너,"레인부츠, 우산"
11,12,맑음,여,가디건,긴팔티,청바지,없음,없음
27,25,흐림,남,얇은 가디건,반팔,면반바지,없음,"모자, 선글라스, 양산"
14,10,흐림,남,후드집업,긴팔티,슬랙스,얇은 이너,없음
1,4,비,여,코트,니트,기모치마,히트텍,"레인부츠, 목도리, 우산, 장갑, 핫팩"
32,32,눈,여,없음,반팔,반바지,없음,"모자, 부츠, 선글라스, 양산, 장갑"
34,36,비,여,없음,반팔,반바지,없음,"레인부츠, 모자, 선글라스, 양산, 우산"
28,25,흐림,남,없음,민소매,반바지,없음,"모자, 선글라스, 양산"
20,16,맑음,여,자켓,후드티,청바지,얇은 이너,없음
16,12,눈,여,후드집업,맨투맨,슬랙스,얇은 이너,"부츠, 장갑"
18,14,비,남,자켓,긴팔티,슬랙스,얇은 이너,"레인부츠, 우산"
32,32,맑음,여,얇은 가디건,민소매,반바지,없음,"모자, 선글라스, 양산"
13,9,비,여,자켓,긴팔티,슬랙스,얇은 이너,"레인부츠, 우산"
17,13,비,여,후드집업,긴팔티,청바지,없음,"레인부츠, 우산"
34,33,흐림,여,얇은 가디건,반팔,반바지,없음,"모자, 선글라스, 양산"
16,12,흐림,여,자켓,후드티,청바지,얇은 이너,없음
11,9,흐림,여,자켓,후드티,슬랙스,얇은 이너,없음
18,13,눈,남,후드집업,긴팔티,슬랙스,얇은 이너,"부츠, 장갑"
-3,-3,비,여,롱패딩,니트,기모바지,히트텍,"레인부츠, 목도리, 우산, 장갑, 핫팩"
4,-1,비,여,코트,니트,기모치마,히트텍,"레인부츠, 목도리, 우산, 장갑, 핫팩"
21,22,흐림,남,후드집업,긴팔티,면바지,없음,없음
-10,-8,눈,남,코트,기모후드,기모청바지,히트텍,"목도리, 부츠, 장갑, 핫팩"
33,30,눈,남,얇은 가디건,민소매,반바지,없음,"모자, 부츠, 선글라스, 양산, 장갑"
30,29,눈,남,얇은 가디건,반팔,면반바지,없음,"모자, 부츠, 선글라스, 양산, 장갑"
-7,-10,비,여,코트,히트텍,기모치마,히트텍,"레인부츠, 목도리, 우산, 장갑, 핫팩"
22,20,눈,남,자켓,후드티,면바지,얇은 이너,"부츠, 장갑"
17,18,비,여,자켓,맨투맨,청바지,없음,"레인부츠, 우산"
-1,-2,눈,여,코트,히트텍,기모레깅스,히트텍,"목도리, 부츠, 장갑, 핫팩"
18,13,비,남,자켓,후드티,면바지,없음,"레인부츠, 우산"
-7,-5,맑음,남,패딩,니트,기모바지,히트텍,"목도리, 장갑, 핫팩"
0,-2,흐림,남,패딩,기모후드,기모바지,히트텍,"목도리, 장갑, 핫팩"
13,12,비,남,후드집업,맨투맨,청바지,얇은 이너,"레인부츠, 우산"
12,7,흐림,남,가디건,긴팔티,면바지,없음,없음
0,-5,비,남,패딩,히트텍,기모바지,히트텍,"레인부츠, 목도리, 우산, 장갑, 핫팩"
-4,-8,눈,여,코트,니트,기모레깅스,히트텍,"목도리, 부츠, 장갑, 핫팩"
28,30,맑음,여,얇은 가디건,민소매,치마,없음,"모자, 선글라스, 양산"
8,9,맑음,남,패딩,히트텍,기모바지,히트텍,없음
34,34,맑음,여,얇은 가디건,민소매,치마,없음,"모자, 선글라스, 양산"
25,20,흐림,남,없음,민소매,반바지,없음,"모자, 선글라스, 양산"
34,33,눈,여,없음,민소매,치마,없음,"모자, 부츠, 선글라스, 양산, 장갑"
1,-4,비,여,롱패딩,니트,기모바지,히트텍,"레인부츠, 목도리, 우산, 장갑, 핫팩"
33,35,비,남,얇은 가디건,민소매,면반바지,없음,"레인부츠, 모자, 선글라스, 양산, 우산"
30,29,비,남,없음,민소매,면반바지,없음,"레인부츠, 모자, 선글라스, 양산, 우산"
-4,-3,눈,남,패딩,기모후드,기모바지,히트텍,"목도리, 부츠, 장갑, 핫팩"
23,18,비,남,후드집업,후드티,청바지,없음,"레인부츠, 우산"
-2,-7,눈,남,롱패딩,기모후드,기모바지,히트텍,"목도리, 부츠, 장갑, 핫팩"
4,7,눈,여,코트,히트텍,기모치마,히트텍,"목도리, 부츠, 장갑, 핫팩"
19,15,흐림,여,자켓,긴팔티,롱스커트,없음,없음
29,24,맑음,남,없음,반팔,면반바지,없음,"모자, 선글라스, 양산"
-2,-5,비,남,코트,기모후드,기모청바지,히트텍,"레인부츠, 목도리, 우산, 장갑, 핫팩"
18,18,눈,여,후드집업,긴팔티,청바지,없음,"부츠, 장갑"
20,21,흐림,남,자켓,맨투맨,면바지,없음,없음
12,8,비,남,가디건,맨투맨,면바지,없음,"레인부츠, 우산"
31,28,맑음,남,없음,반팔,면반바지,없음,"모자, 선글라스, 양산"
1,-3,맑음,남,롱패딩,기모후드,기모청바지,히트텍,"목도리, 장갑, 핫팩"
-9,-14,눈,여,롱패딩,니트,기모레깅스,히트텍,"목도리, 부츠, 장갑, 핫팩"
-8,-13,흐림,여,패딩,기모후드,기모치마,히트텍,"목도리, 장갑, 핫팩"
11,7,비,여,가디건,후드티,롱스커트,얇은 이너,"레인부츠, 우산"
15,16,맑음,여,자켓,후드티,슬랙스,얇은 이너,없음
-1,-6,맑음,남,코트,히트텍,기모바지,히트텍,"목도리, 장갑, 핫팩"
-10,-10,비,여,롱패딩,기모후드,기모레깅스,히트텍,"레인부츠, 목도리, 우산, 장갑, 핫팩"
3,3,비,여,롱패딩,기모후드,기모바지,히트텍,"레인부츠, 목도리, 우산, 장갑, 핫팩"
-9,-9,비,남,롱패딩,기모후드,기모바지,히트텍,"레인부츠, 목도리, 우산, 장갑, 핫팩"
-1,-5,눈,여,패딩,기모후드,기모치마,히트텍,"목도리, 부츠, 장갑, 핫팩"
0,-4,맑음,여,패딩,기모후드,기모치마,히트텍,"목도리, 장갑, 핫팩"
26,24,비,여,얇은 가디건,민소매,반바지,없음,"레인부츠, 모자, 선글라스, 양산, 우산"
18,18,흐림,남,자켓,후드티,청바지,얇은 이너,없음
23,22,흐림,여,후드집업,후드티,청바지,없음,없음
-10,-9,비,여,롱패딩,니트,기모레깅스,히트텍,"레인부츠, 목도리, 우산, 장갑, 핫팩"
-4,-2,흐림,남,코트,기모후드,기모바지,히트텍,"목도리, 장갑, 핫팩"
26,25,비,남,없음,민소매,반바지,없음,"레인부츠, 모자, 선글라스, 양산, 우산"
13,13,맑음,남,자켓,긴팔티,청바지,없음,없음
-6,-4,맑음,남,코트,히트텍,기모청바지,히트텍,"목도리, 장갑, 핫팩"
-5,-3,흐림,여,롱패딩,히트텍,기모바지,히트텍,"목도리, 장갑, 핫팩"
21,21,흐림,여,자켓,후드티,롱스커트,없음,없음
31,34,맑음,여,없음,반팔,반바지,없음,"모자, 선글라스, 양산"
10,6,눈,남,가디건,후드티,슬랙스,없음,"부츠, 장갑"
-1,1,비,여,코트,기모후드,기모레깅스,히트텍,"레인부츠, 목도리, 우산, 장갑, 핫팩"
18,16,눈,남,자켓,긴팔티,면바지,얇은 이너,"부츠, 장갑"
27,26,눈,여,얇은 가디건,민소매,치마,없음,"모자, 부츠, 선글라스, 양산, 장갑"
-4,-4,맑음,남,코트,니트,기모바지,히트텍,"목도리, 장갑, 핫팩"
15,17,눈,여,후드집업,맨투맨,슬랙스,없음,"부츠, 장갑"
25,25,비,여,얇은 가디건,반팔,반바지,없음,"레인부츠, 모자, 선글라스, 양산, 우산"
-10,-9,흐림,여,코트,니트,기모바지,히트텍,"목도리, 장갑, 핫팩"
13,16,눈,여,자켓,후드티,롱스커트,얇은 이너,"부츠, 장갑"
35,32,흐림,남,없음,민소매,면반바지,없음,"모자, 선글라스, 양산"
16,19,맑음,남,가디건,긴팔티,청바지,얇은 이너,없음
15,12,비,남,후드집업,후드티,슬랙스,없음,"레인부츠, 우산"
22,21,맑음,남,가디건,긴팔티,면바지,없음,없음
30,29,흐림,여,없음,민소매,반바지,없음,"모자, 선글라스, 양산"
27,23,흐림,여,얇은 가디건,민소매,치마,없음,"모자, 선글라스, 양산"
3,4,맑음,여,롱패딩,히트텍,기모바지,히트텍,"목도리, 장갑, 핫팩"
25,28,흐림,남,얇은 가디건,반팔,면반바지,없음,"모자, 선글라스, 양산"
13,15,흐림,남,자켓,후드티,슬랙스,얇은 이너,없음
28,31,맑음,남,없음,반팔,반바지,없음,"모자, 선글라스, 양산"
29,31,맑음,여,없음,민소매,치마,없음,"모자, 선글라스, 양산"
19,14,비,남,자켓,후드티,청바지,없음,"레인부츠, 우산"
35,34,비,여,얇은 가디건,민소매,치마,없음,"레인부츠, 모자, 선글라스, 양산, 우산"
3,6,흐림,여,롱패딩,기모후드,기모바지,히트텍,"목도리, 장갑, 핫팩"
-4,-1,눈,남,패딩,니트,기모청바지,히트텍,"목도리, 부츠, 장갑, 핫팩"
35,32,비,남,없음,반팔,반바지,없음,"레인부츠, 모자, 선글라스, 양산, 우산"
14,11,흐림,여,자켓,후드티,롱스커트,얇은 이너,없음
35,33,비,남,없음,반팔,면반바지,없음,"레인부츠, 모자, 선글라스, 양산, 우산"
-7,-11,눈,여,패딩,히트텍,기모바지,히트텍,"목도리, 부츠, 장갑, 핫팩"
-4,-4,비,여,롱패딩,히트텍,기모치마,히트텍,"레인부츠, 목도리, 우산, 장갑, 핫팩"
18,19,흐림,여,자켓,긴팔티,청바지,얇은 이너,없음
-6,-9,비,남,코트,히트텍,기모청바지,히트텍,"레인부츠, 목도리, 우산, 장갑, 핫팩"
2,-2,눈,남,코트,니트,기모바지,히트텍,"목도리, 부츠, 장갑, 핫팩"
0,-4,눈,여,코트,히트텍,기모바지,히트텍,"목도리, 부츠, 장갑, 핫팩"
32,27,비,남,없음,반팔,반바지,없음,"레인부츠, 모자, 선글라스, 양산, 우산"
24,22,흐림,남,후드집업,후드티,면바지,얇은 이너,없음
-5,-10,맑음,여,코트,히트텍,기모바지,히트텍,"목도리, 장갑, 핫팩"
-8,-7,맑음,남,롱패딩,니트,기모청바지,히트텍,"목도리, 장갑, 핫팩"
32,27,맑음,남,없음,반팔,면반바지,없음,"모자, 선글라스, 양산"
16,15,눈,여,자켓,맨투맨,청바지,얇은 이너,"부츠, 장갑"
28,24,비,여,없음,반팔,치마,없음,"레인부츠, 모자, 선글라스, 양산, 우산"
18,20,맑음,여,후드집업,긴팔티,슬랙스,없음,없음
8,3,맑음,여,롱패딩,히트텍,기모치마,히트텍,없음
-5,-6,비,여,패딩,기모후드,기모치마,히트텍,"레인부츠, 목도리, 우산, 장갑, 핫팩"
35,37,비,여,없음,민소매,치마,없음,"레인부츠, 모자, 선글라스, 양산, 우산"
14,12,맑음,여,자켓,맨투맨,슬랙스,없음,없음
24,26,눈,여,후드집업,맨투맨,롱스커트,없음,"부츠, 장갑"
3,-2,흐림,남,패딩,니트,기모청바지,히트텍,"목도리, 장갑, 핫팩"
18,13,맑음,남,후드집업,맨투맨,면바지,얇은 이너,없음
26,22,맑음,여,얇은 가디건,민소매,반바지,없음,"모자, 선글라스, 양산"
-5,-3,맑음,여,롱패딩,히트텍,기모레깅스,히트텍,"목도리, 장갑, 핫팩"
22,21,맑음,남,가디건,긴팔티,면바지,얇은 이너,없음
2,-2,맑음,남,롱패딩,기모후드,기모바지,히트텍,"목도리, 장갑, 핫팩"
8,6,눈,남,롱패딩,니트,기모바지,히트텍,"부츠, 장갑"
-9,-14,비,남,패딩,히트텍,기모바지,히트텍,"레인부츠, 목도리, 우산, 장갑, 핫팩"
-2,-5,눈,여,패딩,기모후드,기모치마,히트텍,"목도리, 부츠, 장갑, 핫팩"
21,20,눈,여,가디건,맨투맨,슬랙스,없음,"부츠, 장갑"
1,0,비,여,롱패딩,기모후드,기모레깅스,히트텍,"레인부츠, 목도리, 우산, 장갑, 핫팩"
28,24,눈,남,없음,민소매,면반바지,없음,"모자, 부츠, 선글라스, 양산, 장갑"
29,24,맑음,남,없음,반팔,반바지,없음,"모자, 선글라스, 양산"
18,20,맑음,남,가디건,맨투맨,청바지,얇은 이너,없음
2,-2,비,여,롱패딩,히트텍,기모레깅스,히트텍,"레인부츠, 목도리, 우산, 장갑, 핫팩"
1,-3,맑음,남,패딩,기모후드,기모바지,히트텍,"목도리, 장갑, 핫팩"
-7,-6,눈,남,패딩,니트,기모바지,히트텍,"목도리, 부츠, 장갑, 핫팩"
24,26,흐림,남,후드집업,후드티,면바지,얇은 이너,없음
13,11,비,여,자켓,맨투맨,슬랙스,얇은 이너,"레인부츠, 우산"
-8,-10,비,여,롱패딩,니트,기모바지,히트텍,"레인부츠, 목도리, 우산, 장갑, 핫팩"
12,15,눈,여,가디건,후드티,슬랙스,얇은 이너,"부츠, 장갑"
2,4,맑음,여,코트,히트텍,기모치마,히트텍,"목도리, 장갑, 핫팩"
14,14,맑음,여,후드집업,후드티,청바지,없음,없음
3,1,흐림,여,코트,기모후드,기모바지,히트텍,"목도리, 장갑, 핫팩"
22,18,맑음,여,자켓,후드티,롱스커트,없음,없음
23,25,맑음,여,자켓,긴팔티,슬랙스,없음,없음
11,7,맑음,남,가디건,긴팔티,청바지,얇은 이너,없음
7,8,흐림,남,롱패딩,기모후드,기모청바지,히트텍,없음
17,17,눈,남,자켓,맨투맨,청바지,없음,"부츠, 장갑"
0,-5,맑음,남,패딩,기모후드,기모청바지,히트텍,"목도리, 장갑, 핫팩"
25,24,맑음,남,얇은 가디건,민소매,반바지,없음,"모자, 선글라스, 양산"
24,27,맑음,여,후드집업,맨투맨,슬랙스,얇은 이너,없음
19,20,흐림,남,후드집업,후드티,청바지,없음,없음
32,30,흐림,남,얇은 가디건,반팔,반바지,없음,"모자, 선글라스, 양산"
8,5,비,여,패딩,기모후드,기모치마,히트텍,"레인부츠, 우산"
34,37,비,남,없음,민소매,면반바지,없음,"레인부츠, 모자, 선글라스, 양산, 우산"
22,22,눈,여,가디건,후드티,롱스커트,얇은 이너,"부츠, 장갑"
34,35,눈,여,없음,반팔,치마,없음,"모자, 부츠, 선글라스, 양산, 장갑"
34,32,비,여,없음,민소매,반바지,없음,"레인부츠, 모자, 선글라스, 양산, 우산"
32,34,흐림,남,얇은 가디건,민소매,반바지,없음,"모자, 선글라스, 양산"
-4,-3,눈,남,패딩,니트,기모청바지,히트텍,"목도리, 부츠, 장갑, 핫팩"
31,32,맑음,남,없음,민소매,반바지,없음,"모자, 선글라스, 양산"
-6,-9,눈,남,롱패딩,히트텍,기모바지,히트텍,"목도리, 부츠, 장갑, 핫팩"
-3,-3,흐림,여,패딩,기모후드,기모치마,히트텍,"목도리, 장갑, 핫팩"
-2,-1,비,남,코트,니트,기모청바지,히트텍,"레인부츠, 목도리, 우산, 장갑, 핫팩"
34,30,비,남,얇은 가디건,반팔,면반바지,없음,"레인부츠, 모자, 선글라스, 양산, 우산"
14,16,맑음,여,자켓,맨투맨,롱스커트,얇은 이너,없음
31,28,비,여,없음,반팔,치마,없음,"레인부츠, 모자, 선글라스, 양산, 우산"
5,2,흐림,남,패딩,히트텍,기모바지,히트텍,"목도리, 장갑, 핫팩"
4,0,비,여,패딩,히트텍,기모치마,히트텍,"레인부츠, 목도리, 우산, 장갑, 핫팩"
-3,-8,비,여,패딩,히트텍,기모레깅스,히트텍,"레인부츠, 목도리, 우산, 장갑, 핫팩"
26,26,흐림,남,없음,반팔,반바지,없음,"모자, 선글라스, 양산"
28,23,흐림,여,얇은 가디건,반팔,반바지,없음,"모자, 선글라스, 양산"
35,36,맑음,여,없음,민소매,반바지,없음,"모자, 선글라스, 양산"
-6,-5,비,남,코트,기모후드,기모바지,히트텍,"레인부츠, 목도리, 우산, 장갑, 핫팩"
4,1,비,여,롱패딩,히트텍,기모바지,히트텍,"레인부츠, 목도리, 우산, 장갑, 핫팩"
12,9,비,남,후드집업,긴팔티,청바지,얇은 이너,"레인부츠, 우산"
8,4,맑음,남,롱패딩,기모후드,기모바지,히트텍,없음
25,25,비,여,얇은 가디건,반팔,치마,없음,"레인부츠, 모자, 선글라스, 양산, 우산"
12,9,눈,여,자켓,맨투맨,롱스커트,없음,"부츠, 장갑"
-9,-10,맑음,여,패딩,히트텍,기모바지,히트텍,"목도리, 장갑, 핫팩"
30,32,맑음,여,없음,민소매,치마,없음,"모자, 선글라스, 양산"
33,33,비,여,없음,민소매,반바지,없음,"레인부츠, 모자, 선글라스, 양산, 우산"
-7,-10,비,여,롱패딩,기모후드,기모치마,히트텍,"레인부츠, 목도리, 우산, 장갑, 핫팩"
30,29,눈,여,얇은 가디건,반팔,치마,없음,"모자, 부츠, 선글라스, 양산, 장갑"
23,19,비,여,가디건,긴팔티,청바지,없음,"레인부츠, 우산"
-8,-8,눈,남,패딩,니트,기모바지,히트텍,"목도리, 부츠, 장갑, 핫팩"
26,29,흐림,남,없음,반팔,면반바지,없음,"모자, 선글라스, 양산"
20,19,비,여,자켓,긴팔티,롱스커트,없음,"레인부츠, 우산"
27,29,비,남,얇은 가디건,반팔,면반바지,없음,"레인부츠, 모자, 선글라스, 양산, 우산"
21,20,비,남,후드집업,긴팔티,청바지,없음,"레인부츠, 우산"
16,19,비,남,후드집업,긴팔티,면바지,얇은 이너,"레인부츠, 우산"
24,25,비,남,가디건,맨투맨,슬랙스,얇은 이너,"레인부츠, 우산"
23,22,비,남,자켓,후드티,청바지,얇은 이너,"레인부츠, 우산"
26,26,눈,여,얇은 가디건,민소매,치마,없음,"모자, 부츠, 선글라스, 양산, 장갑"
29,31,흐림,남,없음,민소매,면반바지,없음,"모자, 선글라스, 양산"
28,29,비,남,없음,반팔,면반바지,없음,"레인부츠, 모자, 선글라스, 양산, 우산"
31,33,비,남,없음,반팔,면반바지,없음,"레인부츠, 모자, 선글라스, 양산, 우산"
33,33,비,남,얇은 가디건,민소매,반바지,없음,"레인부츠, 모자, 선글라스, 양산, 우산"
5,1,비,여,코트,히트텍,기모바지,히트텍,"레인부츠, 목도리, 우산, 장갑, 핫팩"
10,10,흐림,남,가디건,후드티,슬랙스,없음,없음
17,20,흐림,여,자켓,긴팔티,슬랙스,얇은 이너,없음
35,36,비,남,얇은 가디건,민소매,면반바지,없음,"레인부츠, 모자, 선글라스, 양산, 우산"
19,16,눈,남,가디건,맨투맨,면바지,얇은 이너,"부츠, 장갑"
9,5,맑음,남,패딩,니트,기모청바지,히트텍,없음
3,5,비,여,패딩,기모후드,기모치마,히트텍,"레인부츠, 목도리, 우산, 장갑, 핫팩"
19,20,눈,남,후드집업,긴팔티,슬랙스,없음,"부츠, 장갑"
23,20,흐림,남,후드집업,후드티,청바지,얇은 이너,없음
-7,-12,눈,남,패딩,히트텍,기모청바지,히트텍,"목도리, 부츠, 장갑, 핫팩"
2,-1,눈,여,코트,기모후드,기모바지,히트텍,"목도리, 부츠, 장갑, 핫팩"
35,33,비,여,얇은 가디건,반팔,치마,없음,"레인부츠, 모자, 선글라스, 양산, 우산"
28,24,비,여,없음,민소매,반바지,없음,"레인부츠, 모자, 선글라스, 양산, 우산"
-6,-10,흐림,여,롱패딩,기모후드,기모치마,히트텍,"목도리, 장갑, 핫팩"
20,22,흐림,남,가디건,후드티,면바지,없음,없음
18,20,비,남,후드집업,긴팔티,슬랙스,얇은 이너,"레인부츠, 우산"
19,19,비,여,가디건,긴팔티,롱스커트,없음,"레인부츠, 우산"
25,28,흐림,여,없음,민소매,치마,없음,"모자, 선글라스, 양산"
-10,-13,흐림,남,패딩,기모후드,기모바지,히트텍,"목도리, 장갑, 핫팩"
23,24,맑음,남,가디건,후드티,면바지,얇은 이너,없음
20,23,눈,여,가디건,긴팔티,슬랙스,없음,"부츠, 장갑"
1,2,눈,남,패딩,니트,기모청바지,히트텍,"목도리, 부츠, 장갑, 핫팩"
21,18,눈,여,가디건,후드티,롱스커트,얇은 이너,"부츠, 장갑"
1,-1,흐림,남,코트,히트텍,기모바지,히트텍,"목도리, 장갑, 핫팩"
15,10,눈,여,후드집업,긴팔티,롱스커트,얇은 이너,"부츠, 장갑"
18,18,비,여,가디건,후드티,롱스커트,얇은 이너,"레인부츠, 우산"
2,-2,눈,여,롱패딩,기모후드,기모치마,히트텍,"목도리, 부츠, 장갑, 핫팩"
23,18,눈,남,후드집업,긴팔티,면바지,없음,"부츠, 장갑"
22,23,비,남,후드집업,후드티,청바지,얇은 이너,"레인부츠, 우산"
35,38,눈,여,없음,반팔,치마,없음,"모자, 부츠, 선글라스, 양산, 장갑"
25,20,흐림,남,얇은 가디건,민소매,면반바지,없음,"모자, 선글라스, 양산"
18,14,흐림,여,가디건,후드티,롱스커트,얇은 이너,없음
24,24,맑음,남,후드집업,후드티,슬랙스,얇은 이너,없음
-8,-8,맑음,남,롱패딩,히트텍,기모바지,히트텍,"목도리, 장갑, 핫팩"
29,26,눈,남,없음,민소매,면반바지,없음,"모자, 부츠, 선글라스, 양산, 장갑"
27,22,눈,남,얇은 가디건,민소매,반바지,없음,"모자, 부츠, 선글라스, 양산, 장갑"
31,33,흐림,남,얇은 가디건,민소매,면반바지,없음,"모자, 선글라스, 양산"
13,13,흐림,남,후드집업,후드티,슬랙스,얇은 이너,없음
33,30,눈,남,없음,반팔,면반바지,없음,"모자, 부츠, 선글라스, 양산, 장갑"
16,17,눈,여,가디건,맨투맨,슬랙스,없음,"부츠, 장갑"
5,8,흐림,남,패딩,기모후드,기모바지,히트텍,"목도리, 장갑, 핫팩"
28,30,비,남,없음,반팔,반바지,없음,"레인부츠, 모자, 선글라스, 양산, 우산"
17,13,눈,여,자켓,맨투맨,롱스커트,얇은 이너,"부츠, 장갑"
18,20,맑음,여,자켓,맨투맨,롱스커트,없음,없음
14,16,흐림,여,가디건,긴팔티,슬랙스,없음,없음
12,11,비,여,자켓,후드티,슬랙스,얇은 이너,"레인부츠, 우산"
18,17,흐림,여,가디건,맨투맨,청바지,없음,없음
0,-2,맑음,남,패딩,니트,기모청바지,히트텍,"목도리, 장갑, 핫팩"
0,-1,흐림,여,패딩,니트,기모레깅스,히트텍,"목도리, 장갑, 핫팩"
-1,-1,눈,남,롱패딩,니트,기모바지,히트텍,"목도리, 부츠, 장갑, 핫팩"
28,31,흐림,남,얇은 가디건,반팔,반바지,없음,"모자, 선글라스, 양산"
15,16,흐림,남,후드집업,후드티,면바지,없음,없음
33,31,눈,여,없음,민소매,반바지,없음,"모자, 부츠, 선글라스, 양산, 장갑"
-9,-7,눈,여,롱패딩,기모후드,기모치마,히트텍,"목도리, 부츠, 장갑, 핫팩"
24,23,눈,여,자켓,후드티,청바지,얇은 이너,"부츠, 장갑"
3,3,눈,여,패딩,기모후드,기모바지,히트텍,"목도리, 부츠, 장갑, 핫팩"
-6,-4,흐림,여,패딩,니트,기모레깅스,히트텍,"목도리, 장갑, 핫팩"
21,19,비,여,자켓,맨투맨,롱스커트,없음,"레인부츠, 우산"
8,7,맑음,남,롱패딩,히트텍,기모청바지,히트텍,없음
27,23,흐림,남,없음,민소매,면반바지,없음,"모자, 선글라스, 양산"
14,10,맑음,여,자켓,긴팔티,롱스커트,없음,없음
20,17,눈,여,자켓,맨투맨,청바지,얇은 이너,"부츠, 장갑"
35,35,비,남,없음,민소매,면반바지,없음,"레인부츠, 모자, 선글라스, 양산, 우산"
30,31,맑음,여,얇은 가디건,반팔,반바지,없음,"모자, 선글라스, 양산"
31,27,맑음,여,없음,반팔,치마,없음,"모자, 선글라스, 양산"
28,28,흐림,여,얇은 가디건,민소매,반바지,없음,"모자, 선글라스, 양산"
24,26,맑음,남,자켓,긴팔티,면바지,없음,없음
24,27,흐림,여,자켓,후드티,청바지,얇은 이너,없음
5,0,흐림,여,롱패딩,기모후드,기모바지,히트텍,"목도리, 장갑, 핫팩"
20,16,흐림,여,가디건,긴팔티,롱스커트,얇은 이너,없음
27,26,흐림,여,얇은 가디건,반팔,반바지,없음,"모자, 선글라스, 양산"
13,10,흐림,남,후드집업,맨투맨,슬랙스,없음,없음
32,32,눈,여,얇은 가디건,민소매,반바지,없음,"모자, 부츠, 선글라스, 양산, 장갑"
35,35,비,남,없음,민소매,반바지,없음,"레인부츠, 모자, 선글라스, 양산, 우산"
2,3,맑음,남,롱패딩,기모후드,기모청바지,히트텍,"목도리, 장갑, 핫팩"
32,30,맑음,남,없음,민소매,반바지,없음,"모자, 선글라스, 양산"
4,1,비,여,패딩,니트,기모레깅스,히트텍,"레인부츠, 목도리, 우산, 장갑, 핫팩"
10,8,흐림,남,가디건,맨투맨,면바지,없음,없음
11,13,흐림,남,후드집업,긴팔티,면바지,없음,없음
22,20,눈,남,후드집업,긴팔티,슬랙스,얇은 이너,"부츠, 장갑"
-10,-10,흐림,남,코트,니트,기모바지,히트텍,"목도리, 장갑, 핫팩"
-8,-7,비,여,롱패딩,히트텍,기모레깅스,히트텍,"레인부츠, 목도리, 우산, 장갑, 핫팩"
18,16,맑음,남,자켓,맨투맨,슬랙스,얇은 이너,없음
12,9,맑음,남,후드집업,맨투맨,슬랙스,없음,없음
34,34,흐림,남,없음,반팔,반바지,없음,"모자, 선글라스, 양산"
0,-4,눈,남,롱패딩,니트,기모바지,히트텍,"목도리, 부츠, 장갑, 핫팩"
35,34,눈,남,없음,민소매,반바지,없음,"모자, 부츠, 선글라스, 양산, 장갑"
0,-3,맑음,여,코트,히트텍,기모치마,히트텍,"목도리, 장갑, 핫팩"
30,30,비,여,얇은 가디건,민소매,반바지,없음,"레인부츠, 모자, 선글라스, 양산, 우산"
26,24,눈,여,없음,반팔,치마,없음,"모자, 부츠, 선글라스, 양산, 장갑"
18,20,눈,여,자켓,후드티,청바지,얇은 이너,"부츠, 장갑"
30,32,비,남,얇은 가디건,민소매,면반바지,없음,"레인부츠, 모자, 선글라스, 양산, 우산"
29,24,맑음,남,얇은 가디건,민소매,면반바지,없음,"모자, 선글라스, 양산"
3,6,눈,여,패딩,니트,기모바지,히트텍,"목도리, 부츠, 장갑, 핫팩"
21,22,눈,여,자켓,맨투맨,청바지,없음,"부츠, 장갑"
17,18,맑음,여,가디건,맨투맨,청바지,얇은 이너,없음
20,15,눈,여,후드집업,후드티,청바지,없음,"부츠, 장갑"
18,14,맑음,남,가디건,긴팔티,면바지,얇은 이너,없음
21,23,맑음,남,후드집업,긴팔티,면바지,없음,없음
21,17,흐림,남,자켓,긴팔티,슬랙스,없음,없음
6,6,흐림,여,롱패딩,니트,기모레깅스,히트텍,없음
-6,-11,비,남,패딩,히트텍,기모바지,히트텍,"레인부츠, 목도리, 우산, 장갑, 핫팩"
-8,-8,맑음,여,패딩,히트텍,기모치마,히트텍,"목도리, 장갑, 핫팩"
23,24,흐림,남,가디건,맨투맨,슬랙스,없음,없음
9,10,비,여,코트,히트텍,기모치마,히트텍,"레인부츠, 우산"
29,27,비,남,얇은 가디건,반팔,반바지,없음,"레인부츠, 모자, 선글라스, 양산, 우산"
16,12,맑음,남,후드집업,긴팔티,면바지,없음,없음
9,12,눈,여,패딩,히트텍,기모레깅스,히트텍,"부츠, 장갑"
-1,-4,맑음,남,롱패딩,니트,기모청바지,히트텍,"목도리, 장갑, 핫팩"
20,19,눈,여,자켓,후드티,롱스커트,얇은 이너,"부츠, 장갑"
18,17,맑음,남,후드집업,후드티,청바지,없음,없음
17,12,비,여,후드집업,맨투맨,청바지,없음,"레인부츠, 우산"
8,9,맑음,남,패딩,니트,기모바지,히트텍,없음
-4,-6,맑음,남,코트,니트,기모청바지,히트텍,"목도리, 장갑, 핫팩"
19,15,흐림,여,자켓,후드티,슬랙스,없음,없음
-2,-6,눈,남,코트,니트,기모청바지,히트텍,"목도리, 부츠, 장갑, 핫팩"
21,24,눈,여,가디건,맨투맨,청바지,얇은 이너,"부츠, 장갑"
31,28,눈,남,없음,민소매,면반바지,없음,"모자, 부츠, 선글라스, 양산, 장갑"
-9,-9,맑음,남,패딩,니트,기모바지,히트텍,"목도리, 장갑, 핫팩"
12,7,흐림,여,가디건,후드티,청바지,없음,없음
6,5,눈,여,코트,기모후드,기모바지,히트텍,"부츠, 장갑"
16,15,맑음,여,자켓,후드티,슬랙스,없음,없음
-1,-2,흐림,남,패딩,히트텍,기모바지,히트텍,"목도리, 장갑, 핫팩"
20,18,눈,남,후드집업,긴팔티,슬랙스,얇은 이너,"부츠, 장갑"
6,7,비,남,코트,니트,기모바지,히트텍,"레인부츠, 우산"
-3,-8,맑음,여,롱패딩,니트,기모치마,히트텍,"목도리, 장갑, 핫팩"
-4,-2,비,남,패딩,히트텍,기모바지,히트텍,"레인부츠, 목도리, 우산, 장갑, 핫팩"
34,36,눈,여,없음,반팔,치마,없음,"모자, 부츠, 선글라스, 양산, 장갑"
-7,-9,눈,남,패딩,니트,기모청바지,히트텍,"목도리, 부츠, 장갑, 핫팩"
14,17,눈,남,가디건,긴팔티,청바지,얇은 이너,"부츠, 장갑"
19,15,비,여,가디건,긴팔티,청바지,없음,"레인부츠, 우산"
-3,-2,흐림,남,롱패딩,기모후드,기모바지,히트텍,"목도리, 장갑, 핫팩"
-3,0,맑음,남,코트,니트,기모청바지,히트텍,"목도리, 장갑, 핫팩"
19,21,비,남,자켓,맨투맨,면바지,없음,"레인부츠, 우산"
16,12,눈,남,가디건,긴팔티,면바지,얇은 이너,"부츠, 장갑"
-2,-6,흐림,여,코트,기모후드,기모치마,히트텍,"목도리, 장갑, 핫팩"
18,16,맑음,남,후드집업,맨투맨,슬랙스,얇은 이너,없음
-4,-3,맑음,남,패딩,히트텍,기모청바지,히트텍,"목도리, 장갑, 핫팩"
32,35,비,여,얇은 가디건,반팔,치마,없음,"레인부츠, 모자, 선글라스, 양산, 우산"
24,26,흐림,남,가디건,후드티,면바지,없음,없음
2,5,눈,남,패딩,히트텍,기모청바지,히트텍,"목도리, 부츠, 장갑, 핫팩"
33,33,눈,여,없음,반팔,치마,없음,"모자, 부츠, 선글라스, 양산, 장갑"
30,30,비,남,얇은 가디건,민소매,면반바지,없음,"레인부츠, 모자, 선글라스, 양산, 우산"
0,-4,흐림,남,패딩,히트텍,기모바지,히트텍,"목도리, 장갑, 핫팩"
-1,-6,비,남,롱패딩,니트,기모바지,히트텍,"레인부츠, 목도리, 우산, 장갑, 핫팩"
7,3,맑음,남,코트,히트텍,기모바지,히트텍,없음
13,10,맑음,남,후드집업,긴팔티,청바지,없음,없음
25,25,흐림,남,없음,민소매,반바지,없음,"모자, 선글라스, 양산"
3,2,비,남,패딩,히트텍,기모청바지,히트텍,"레인부츠, 목도리, 우산, 장갑, 핫팩"
17,14,비,여,자켓,맨투맨,청바지,얇은 이너,"레인부츠, 우산"
1,-4,비,남,코트,히트텍,기모바지,히트텍,"레인부츠, 목도리, 우산, 장갑, 핫팩"
15,10,눈,남,후드집업,긴팔티,청바지,없음,"부츠, 장갑"
-4,-9,맑음,남,코트,히트텍,기모바지,히트텍,"목도리, 장갑, 핫팩"
-6,-3,맑음,남,코트,히트텍,기모바지,히트텍,"목도리, 장갑, 핫팩"
16,16,비,여,후드집업,후드티,슬랙스,없음,"레인부츠, 우산"
27,30,눈,여,없음,반팔,반바지,없음,"모자, 부츠, 선글라스, 양산, 장갑"
14,9,눈,여,후드집업,맨투맨,롱스커트,없음,"부츠, 장갑"
17,18,흐림,여,가디건,긴팔티,슬랙스,얇은 이너,없음
-6,-10,맑음,남,코트,니트,기모바지,히트텍,"목도리, 장갑, 핫팩"
6,5,비,여,코트,니트,기모레깅스,히트텍,"레인부츠, 우산"
-7,-5,흐림,여,롱패딩,히트텍,기모바지,히트텍,"목도리, 장갑, 핫팩"
18,20,비,남,가디건,맨투맨,면바지,얇은 이너,"레인부츠, 우산"
21,18,눈,남,후드집업,긴팔티,면바지,얇은 이너,"부츠, 장갑"
-6,-6,눈,남,패딩,히트텍,기모바지,히트텍,"목도리, 부츠, 장갑, 핫팩"
20,15,흐림,남,가디건,맨투맨,슬랙스,얇은 이너,없음
-2,1,맑음,남,롱패딩,니트,기모청바지,히트텍,"목도리, 장갑, 핫팩"
-2,-6,흐림,남,패딩,니트,기모바지,히트텍,"목도리, 장갑, 핫팩"
6,7,흐림,남,패딩,기모후드,기모청바지,히트텍,없음
17,16,눈,남,자켓,긴팔티,슬랙스,얇은 이너,"부츠, 장갑"
28,29,맑음,남,얇은 가디건,민소매,반바지,없음,"모자, 선글라스, 양산"
15,16,흐림,남,후드집업,후드티,슬랙스,얇은 이너,없음
14,17,맑음,남,자켓,긴팔티,슬랙스,없음,없음
24,21,눈,여,자켓,맨투맨,슬랙스,얇은 이너,"부츠, 장갑"
1,-3,비,남,코트,기모후드,기모청바지,히트텍,"레인부츠, 목도리, 우산, 장갑, 핫팩"
0,-5,맑음,남,코트,니트,기모청바지,히트텍,"목도리, 장갑, 핫팩"
7,4,맑음,남,코트,니트,기모청바지,히트텍,없음
10,7,비,남,가디건,긴팔티,슬랙스,얇은 이너,"레인부츠, 우산"
6,7,맑음,여,코트,기모후드,기모치마,히트텍,없음
22,22,흐림,여,자켓,맨투맨,청바지,얇은 이너,없음
9,7,흐림,여,코트,기모후드,기모바지,히트텍,없음
5,6,비,남,롱패딩,히트텍,기모바지,히트텍,"레인부츠, 목도리, 우산, 장갑, 핫팩"
28,29,비,여,없음,반팔,반바지,없음,"레인부츠, 모자, 선글라스, 양산, 우산"
20,19,눈,여,가디건,맨투맨,슬랙스,없음,"부츠, 장갑"
17,19,비,여,자켓,긴팔티,롱스커트,얇은 이너,"레인부츠, 우산"
28,31,맑음,남,얇은 가디건,반팔,반바지,없음,"모자, 선글라스, 양산"
26,29,눈,여,없음,민소매,반바지,없음,"모자, 부츠, 선글라스, 양산, 장갑"
17,18,눈,남,후드집업,후드티,슬랙스,없음,"부츠, 장갑"
5,8,눈,남,패딩,히트텍,기모청바지,히트텍,"목도리, 부츠, 장갑, 핫팩"
30,28,비,여,없음,민소매,반바지,없음,"레인부츠, 모자, 선글라스, 양산, 우산"
22,17,맑음,여,후드집업,긴팔티,슬랙스,얇은 이너,없음
2,3,맑음,남,코트,니트,기모청바지,히트텍,"목도리, 장갑, 핫팩"
-4,-2,눈,남,코트,히트텍,기모청바지,히트텍,"목도리, 부츠, 장갑, 핫팩"
-4,-5,흐림,여,패딩,기모후드,기모치마,히트텍,"목도리, 장갑, 핫팩"
-3,-8,맑음,여,롱패딩,히트텍,기모레깅스,히트텍,"목도리, 장갑, 핫팩"
-9,-11,흐림,여,롱패딩,니트,기모바지,히트텍,"목도리, 장갑, 핫팩"
26,29,흐림,여,없음,반팔,반바지,없음,"모자, 선글라스, 양산"
13,16,눈,남,가디건,후드티,면바지,얇은 이너,"부츠, 장갑"
25,28,맑음,남,얇은 가디건,반팔,면반바지,없음,"모자, 선글라스, 양산"
-5,-4,눈,남,패딩,히트텍,기모바지,히트텍,"목도리, 부츠, 장갑, 핫팩"
-1,-6,맑음,남,코트,기모후드,기모청바지,히트텍,"목도리, 장갑, 핫팩"
2,1,흐림,여,패딩,히트텍,기모바지,히트텍,"목도리, 장갑, 핫팩"
26,26,맑음,여,없음,민소매,반바지,없음,"모자, 선글라스, 양산"
10,11,비,남,후드집업,맨투맨,슬랙스,얇은 이너,"레인부츠, 우산"
27,27,맑음,남,얇은 가디건,민소매,반바지,없음,"모자, 선글라스, 양산"
-2,-3,맑음,남,롱패딩,히트텍,기모바지,히트텍,"목도리, 장갑, 핫팩"
6,4,흐림,여,패딩,니트,기모레깅스,히트텍,없음
-1,1,흐림,여,패딩,기모후드,기모바지,히트텍,"목도리, 장갑, 핫팩"
-3,-5,맑음,여,패딩,니트,기모레깅스,히트텍,"목도리, 장갑, 핫팩"
21,24,눈,남,가디건,긴팔티,슬랙스,얇은 이너,"부츠, 장갑"
23,21,눈,남,가디건,후드티,슬랙스,없음,"부츠, 장갑"
30,33,흐림,남,얇은 가디건,반팔,반바지,없음,"모자, 선글라스, 양산"
11,11,눈,여,가디건,맨투맨,청바지,얇은 이너,"부츠, 장갑"
30,25,흐림,남,얇은 가디건,민소매,면반바지,없음,"모자, 선글라스, 양산"
15,11,비,남,가디건,긴팔티,면바지,얇은 이너,"레인부츠, 우산"
34,30,맑음,남,얇은 가디건,반팔,반바지,없음,"모자, 선글라스, 양산"
18,18,흐림,남,후드집업,후드티,슬랙스,없음,없음
-6,-6,흐림,여,코트,히트텍,기모레깅스,히트텍,"목도리, 장갑, 핫팩"
2,4,비,여,롱패딩,히트텍,기모치마,히트텍,"레인부츠, 목도리, 우산, 장갑, 핫팩"
-2,0,눈,남,코트,히트텍,기모청바지,히트텍,"목도리, 부츠, 장갑, 핫팩"
26,26,눈,남,얇은 가디건,민소매,반바지,없음,"모자, 부츠, 선글라스, 양산, 장갑"
-10,-9,흐림,남,코트,히트텍,기모바지,히트텍,"목도리, 장갑, 핫팩"
23,20,흐림,여,자켓,맨투맨,슬랙스,얇은 이너,없음
33,34,눈,여,얇은 가디건,반팔,반바지,없음,"모자, 부츠, 선글라스, 양산, 장갑"
29,31,흐림,남,없음,반팔,면반바지,없음,"모자, 선글라스, 양산"
-9,-7,비,여,패딩,기모후드,기모치마,히트텍,"레인부츠, 목도리, 우산, 장갑, 핫팩"
8,11,비,여,롱패딩,히트텍,기모바지,히트텍,"레인부츠, 우산"
17,18,흐림,여,가디건,긴팔티,롱스커트,없음,없음
30,32,흐림,여,없음,민소매,치마,없음,"모자, 선글라스, 양산"
-9,-12,눈,남,코트,니트,기모바지,히트텍,"목도리, 부츠, 장갑, 핫팩"
-1,-2,비,남,패딩,기모후드,기모바지,히트텍,"레인부츠, 목도리, 우산, 장갑, 핫팩"
3,4,맑음,여,패딩,히트텍,기모레깅스,히트텍,"목도리, 장갑, 핫팩"
7,9,맑음,여,코트,히트텍,기모레깅스,히트텍,없음
-5,-8,비,남,코트,니트,기모청바지,히트텍,"레인부츠, 목도리, 우산, 장갑, 핫팩"
22,18,비,여,후드집업,맨투맨,청바지,얇은 이너,"레인부츠, 우산"
18,14,비,여,후드집업,긴팔티,청바지,없음,"레인부츠, 우산"
22,20,눈,남,후드집업,맨투맨,청바지,얇은 이너,"부츠, 장갑"
-1,2,맑음,여,패딩,니트,기모레깅스,히트텍,"목도리, 장갑, 핫팩"
-8,-5,비,여,코트,니트,기모레깅스,히트텍,"레인부츠, 목도리, 우산, 장갑, 핫팩"
0,0,비,남,패딩,기모후드,기모바지,히트텍,"레인부츠, 목도리, 우산, 장갑, 핫팩"
3,2,눈,여,코트,니트,기모바지,히트텍,"목도리, 부츠, 장갑, 핫팩"
16,19,흐림,여,자켓,긴팔티,롱스커트,얇은 이너,없음
34,31,비,여,얇은 가디건,민소매,치마,없음,"레인부츠, 모자, 선글라스, 양산, 우산"
4,5,흐림,여,롱패딩,히트텍,기모바지,히트텍,"목도리, 장갑, 핫팩"
16,17,맑음,남,자켓,맨투맨,슬랙스,없음,없음
4,1,비,여,패딩,기모후드,기모레깅스,히트텍,"레인부츠, 목도리, 우산, 장갑, 핫팩"
-2,0,눈,남,코트,니트,기모청바지,히트텍,"목도리, 부츠, 장갑, 핫팩"
11,12,비,여,자켓,후드티,슬랙스,얇은 이너,"레인부츠, 우산"
11,14,흐림,남,후드집업,긴팔티,청바지,얇은 이너,없음
15,13,맑음,여,후드집업,후드티,롱스커트,없음,없음
-1,-6,눈,남,패딩,기모후드,기모바지,히트텍,"목도리, 부츠, 장갑, 핫팩"
1,-3,눈,남,코트,니트,기모바지,히트텍,"목도리, 부츠, 장갑, 핫팩"
34,34,맑음,남,얇은 가디건,민소매,면반바지,없음,"모자, 선글라스, 양산"
-5,-2,비,여,코트,히트텍,기모치마,히트텍,"레인부츠, 목도리, 우산, 장갑, 핫팩"
17,19,눈,남,후드집업,후드티,면바지,없음,"부츠, 장갑"
2,2,눈,남,롱패딩,기모후드,기모바지,히트텍,"목도리, 부츠, 장갑, 핫팩"
11,10,눈,여,후드집업,맨투맨,슬랙스,얇은 이너,"부츠, 장갑"
22,18,비,여,가디건,긴팔티,청바지,없음,"레인부츠, 우산"
28,26,흐림,여,얇은 가디건,민소매,반바지,없음,"모자, 선글라스, 양산"
15,15,비,여,후드집업,후드티,롱스커트,없음,"레인부츠, 우산"
4,7,흐림,남,패딩,히트텍,기모청바지,히트텍,"목도리, 장갑, 핫팩"
30,26,눈,남,얇은 가디건,민소매,반바지,없음,"모자, 부츠, 선글라스, 양산, 장갑"
5,5,흐림,여,롱패딩,기모후드,기모치마,히트텍,"목도리, 장갑, 핫팩"
-5,-8,비,여,패딩,니트,기모치마,히트텍,"레인부츠, 목도리, 우산, 장갑, 핫팩"
23,18,맑음,여,후드집업,맨투맨,롱스커트,없음,없음
24,25,비,여,후드집업,맨투맨,롱스커트,얇은 이너,"레인부츠, 우산"
8,8,맑음,남,롱패딩,니트,기모바지,히트텍,없음
25,20,맑음,여,없음,반팔,치마,없음,"모자, 선글라스, 양산"
11,10,맑음,여,자켓,후드티,롱스커트,없음,없음
11,10,맑음,여,가디건,긴팔티,청바지,얇은 이너,없음
13,12,비,여,가디건,긴팔티,롱스커트,얇은 이너,"레인부츠, 우산"
11,12,비,남,자켓,긴팔티,면바지,얇은 이너,"레인부츠, 우산"
-7,-8,비,여,코트,기모후드,기모바지,히트텍,"레인부츠, 목도리, 우산, 장갑, 핫팩"
2,3,비,여,롱패딩,니트,기모레깅스,히트텍,"레인부츠, 목도리, 우산, 장갑, 핫팩"
4,-1,흐림,남,코트,니트,기모바지,히트텍,"목도리, 장갑, 핫팩"
23,26,흐림,남,자켓,후드티,면바지,얇은 이너,없음
1,4,눈,남,코트,히트텍,기모바지,히트텍,"목도리, 부츠, 장갑, 핫팩"
8,5,눈,여,패딩,기모후드,기모바지,히트텍,"부츠, 장갑"
14,11,흐림,남,자켓,긴팔티,청바지,얇은 이너,없음
19,22,흐림,여,자켓,맨투맨,롱스커트,없음,없음
-6,-5,맑음,여,롱패딩,히트텍,기모레깅스,히트텍,"목도리, 장갑, 핫팩"
6,6,흐림,여,코트,기모후드,기모레깅스,히트텍,없음
-1,1,흐림,여,롱패딩,기모후드,기모레깅스,히트텍,"목도리, 장갑, 핫팩"
-9,-10,눈,남,롱패딩,니트,기모바지,히트텍,"목도리, 부츠, 장갑, 핫팩"
-3,-6,눈,여,패딩,히트텍,기모바지,히트텍,"목도리, 부츠, 장갑, 핫팩"
-1,1,비,여,롱패딩,니트,기모치마,히트텍,"레인부츠, 목도리, 우산, 장갑, 핫팩"
8,5,비,여,코트,히트텍,기모바지,히트텍,"레인부츠, 우산"
28,27,비,여,얇은 가디건,반팔,치마,없음,"레인부츠, 모자, 선글라스, 양산, 우산"
33,29,흐림,남,없음,민소매,반바지,없음,"모자, 선글라스, 양산"
5,6,흐림,여,롱패딩,니트,기모바지,히트텍,"목도리, 장갑, 핫팩"
23,19,맑음,여,후드집업,긴팔티,청바지,없음,없음
11,6,비,남,가디건,긴팔티,면바지,얇은 이너,"레인부츠, 우산"
23,18,맑음,남,가디건,긴팔티,면바지,없음,없음
15,18,눈,여,후드집업,맨투맨,슬랙스,얇은 이너,"부츠, 장갑"
-7,-9,흐림,여,패딩,히트텍,기모레깅스,히트텍,"목도리, 장갑, 핫팩"
-5,-8,맑음,남,롱패딩,히트텍,기모청바지,히트텍,"목도리, 장갑, 핫팩"
6,6,흐림,여,패딩,기모후드,기모레깅스,히트텍,없음
31,29,맑음,남,없음,민소매,면반바지,없음,"모자, 선글라스, 양산"
35,31,맑음,여,얇은 가디건,민소매,치마,없음,"모자, 선글라스, 양산"
35,37,눈,여,없음,민소매,반바지,없음,"모자, 부츠, 선글라스, 양산, 장갑"
20,19,맑음,남,후드집업,긴팔티,슬랙스,얇은 이너,없음
-10,-10,맑음,여,패딩,니트,기모레깅스,히트텍,"목도리, 장갑, 핫팩"
15,12,눈,여,후드집업,후드티,슬랙스,얇은 이너,"부츠, 장갑"
-8,-5,비,여,코트,기모후드,기모레깅스,히트텍,"레인부츠, 목도리, 우산, 장갑, 핫팩"
13,12,비,남,자켓,후드티,청바지,얇은 이너,"레인부츠, 우산"
28,24,눈,남,없음,민소매,면반바지,없음,"모자, 부츠, 선글라스, 양산, 장갑"
-8,-10,흐림,여,롱패딩,히트텍,기모바지,히트텍,"목도리, 장갑, 핫팩"
19,18,비,남,후드집업,후드티,청바지,없음,"레인부츠, 우산"
22,18,눈,여,후드집업,맨투맨,청바지,얇은 이너,"부츠, 장갑"
32,34,비,남,없음,반팔,면반바지,없음,"레인부츠, 모자, 선글라스, 양산, 우산"
2,4,눈,여,롱패딩,기모후드,기모바지,히트텍,"목도리, 부츠, 장갑, 핫팩"
12,9,흐림,남,후드집업,긴팔티,면바지,없음,없음
1,0,눈,남,롱패딩,니트,기모바지,히트텍,"목도리, 부츠, 장갑, 핫팩"
35,32,눈,남,없음,민소매,반바지,없음,"모자, 부츠, 선글라스, 양산, 장갑"
-4,-5,흐림,여,코트,니트,기모레깅스,히트텍,"목도리, 장갑, 핫팩"
20,19,맑음,여,자켓,후드티,청바지,얇은 이너,없음
35,33,맑음,남,얇은 가디건,반팔,면반바지,없음,"모자, 선글라스, 양산"
-8,-5,흐림,여,롱패딩,기모후드,기모바지,히트텍,"목도리, 장갑, 핫팩"
-2,-3,흐림,여,코트,히트텍,기모치마,히트텍,"목도리, 장갑, 핫팩"
7,5,맑음,여,롱패딩,기모후드,기모치마,히트텍,없음
15,15,맑음,남,후드집업,맨투맨,슬랙스,없음,없음
22,20,흐림,여,자켓,긴팔티,청바지,얇은 이너,없음
33,28,비,남,없음,민소매,면반바지,없음,"레인부츠, 모자, 선글라스, 양산, 우산"
21,23,비,여,후드집업,맨투맨,청바지,없음,"레인부츠, 우산"
4,5,비,남,코트,니트,기모청바지,히트텍,"레인부츠, 목도리, 우산, 장갑, 핫팩"
28,25,눈,남,없음,민소매,반바지,없음,"모자, 부츠, 선글라스, 양산, 장갑"
15,17,비,여,후드집업,후드티,청바지,얇은 이너,"레인부츠, 우산"
0,-2,흐림,여,롱패딩,니트,기모바지,히트텍,"목도리, 장갑, 핫팩"
23,23,흐림,여,가디건,맨투맨,청바지,없음,없음
15,15,흐림,여,후드집업,맨투맨,슬랙스,얇은 이너,없음
24,25,맑음,여,가디건,후드티,슬랙스,없음,없음
25,23,흐림,여,없음,반팔,반바지,없음,"모자, 선글라스, 양산"
1,0,맑음,남,롱패딩,기모후드,기모청바지,히트텍,"목도리, 장갑, 핫팩"
21,18,맑음,남,자켓,긴팔티,슬랙스,얇은 이너,없음
-5,-5,비,남,롱패딩,기모후드,기모청바지,히트텍,"레인부츠, 목도리, 우산, 장갑, 핫팩"
30,29,비,남,얇은 가디건,민소매,면반바지,없음,"레인부츠, 모자, 선글라스, 양산, 우산"
30,28,눈,남,얇은 가디건,반팔,면반바지,없음,"모자, 부츠, 선글라스, 양산, 장갑"
-8,-9,눈,여,롱패딩,기모후드,기모바지,히트텍,"목도리, 부츠, 장갑, 핫팩"
-6,-3,맑음,여,코트,니트,기모치마,히트텍,"목도리, 장갑, 핫팩"
29,29,맑음,남,없음,민소매,반바지,없음,"모자, 선글라스, 양산"
22,17,맑음,남,가디건,후드티,슬랙스,없음,없음
-8,-8,맑음,남,패딩,기모후드,기모청바지,히트텍,"목도리, 장갑, 핫팩"
34,31,눈,남,없음,반팔,면반바지,없음,"모자, 부츠, 선글라스, 양산, 장갑"
30,32,눈,남,없음,반팔,반바지,없음,"모자, 부츠, 선글라스, 양산, 장갑"
32,30,맑음,남,없음,민소매,반바지,없음,"모자, 선글라스, 양산"
14,16,맑음,남,자켓,맨투맨,면바지,얇은 이너,없음
-4,-7,눈,남,코트,니트,기모청바지,히트텍,"목도리, 부츠, 장갑, 핫팩"
7,4,비,남,패딩,기모후드,기모바지,히트텍,"레인부츠, 우산"
35,31,흐림,여,얇은 가디건,반팔,반바지,없음,"모자, 선글라스, 양산"
32,30,흐림,여,없음,민소매,치마,없음,"모자, 선글라스, 양산"
0,-4,비,남,롱패딩,기모후드,기모청바지,히트텍,"레인부츠, 목도리, 우산, 장갑, 핫팩"
27,29,맑음,여,없음,민소매,치마,없음,"모자, 선글라스, 양산"
14,16,맑음,남,후드집업,긴팔티,슬랙스,없음,없음
-4,-1,비,여,패딩,니트,기모치마,히트텍,"레인부츠, 목도리, 우산, 장갑, 핫팩"
28,26,맑음,남,얇은 가디건,반팔,반바지,없음,"모자, 선글라스, 양산"
17,12,눈,여,자켓,후드티,청바지,얇은 이너,"부츠, 장갑"
-3,-2,비,여,패딩,기모후드,기모레깅스,히트텍,"레인부츠, 목도리, 우산, 장갑, 핫팩"
12,15,비,남,후드집업,맨투맨,면바지,없음,"레인부츠, 우산"
16,12,비,여,후드집업,후드티,슬랙스,없음,"레인부츠, 우산"
31,26,맑음,남,없음,민소매,면반바지,없음,"모자, 선글라스, 양산"
5,6,맑음,남,패딩,니트,기모바지,히트텍,"목도리, 장갑, 핫팩"
32,28,비,여,없음,민소매,치마,없음,"레인부츠, 모자, 선글라스, 양산, 우산"
23,23,맑음,여,자켓,맨투맨,청바지,없음,없음
8,11,눈,여,코트,히트텍,기모레깅스,히트텍,"부츠, 장갑"
1,-4,비,여,코트,니트,기모치마,히트텍,"레인부츠, 목도리, 우산, 장갑, 핫팩"
11,10,비,여,후드집업,긴팔티,슬랙스,얇은 이너,"레인부츠, 우산"
21,23,맑음,남,가디건,후드티,면바지,얇은 이너,없음
11,14,눈,남,후드집업,후드티,면바지,없음,"부츠, 장갑"
16,17,눈,남,자켓,긴팔티,면바지,얇은 이너,"부츠, 장갑"
22,24,눈,여,자켓,긴팔티,청바지,없음,"부츠, 장갑"
3,0,흐림,남,패딩,기모후드,기모청바지,히트텍,"목도리, 장갑, 핫팩"
8,9,비,남,코트,니트,기모바지,히트텍,"레인부츠, 우산"
13,9,비,남,가디건,맨투맨,면바지,없음,"레인부츠, 우산"
-2,-6,맑음,남,롱패딩,니트,기모바지,히트텍,"목도리, 장갑, 핫팩"
20,15,눈,남,후드집업,긴팔티,슬랙스,얇은 이너,"부츠, 장갑"
-2,-4,눈,남,롱패딩,기모후드,기모바지,히트텍,"목도리, 부츠, 장갑, 핫팩"
1,2,눈,여,패딩,니트,기모바지,히트텍,"목도리, 부츠, 장갑, 핫팩"
-10,-13,맑음,남,코트,기모후드,기모바지,히트텍,"목도리, 장갑, 핫팩"
23,21,맑음,남,자켓,맨투맨,슬랙스,얇은 이너,없음
-3,-6,흐림,여,롱패딩,히트텍,기모치마,히트텍,"목도리, 장갑, 핫팩"
-10,-8,맑음,여,코트,히트텍,기모치마,히트텍,"목도리, 장갑, 핫팩"
-5,-10,눈,여,롱패딩,니트,기모치마,히트텍,"목도리, 부츠, 장갑, 핫팩"
15,11,흐림,여,가디건,후드티,청바지,얇은 이너,없음
-7,-10,비,남,패딩,기모후드,기모바지,히트텍,"레인부츠, 목도리, 우산, 장갑, 핫팩"
-8,-8,비,남,패딩,니트,기모바지,히트텍,"레인부츠, 목도리, 우산, 장갑, 핫팩"
35,34,눈,남,얇은 가디건,민소매,면반바지,없음,"모자, 부츠, 선글라스, 양산, 장갑"
13,13,비,여,자켓,맨투맨,슬랙스,얇은 이너,"레인부츠, 우산"
34,32,흐림,남,없음,반팔,면반바지,없음,"모자, 선글라스, 양산"
5,1,맑음,여,롱패딩,기모후드,기모치마,히트텍,"목도리, 장갑, 핫팩"
7,6,눈,남,롱패딩,기모후드,기모바지,히트텍,"부츠, 장갑"
9,6,비,남,패딩,니트,기모청바지,히트텍,"레인부츠, 우산"
15,16,맑음,남,가디건,맨투맨,슬랙스,얇은 이너,없음
-10,-10,눈,여,롱패딩,기모후드,기모바지,히트텍,"목도리, 부츠, 장갑, 핫팩"
29,28,비,남,없음,반팔,반바지,없음,"레인부츠, 모자, 선글라스, 양산, 우산"
-9,-13,눈,여,패딩,히트텍,기모치마,히트텍,"목도리, 부츠, 장갑, 핫팩"
33,28,비,여,없음,민소매,치마,없음,"레인부츠, 모자, 선글라스, 양산, 우산"
6,5,비,여,롱패딩,히트텍,기모치마,히트텍,"레인부츠, 우산"
-10,-15,비,여,코트,기모후드,기모바지,히트텍,"레인부츠, 목도리, 우산, 장갑, 핫팩"
-10,-11,흐림,여,코트,기모후드,기모바지,히트텍,"목도리, 장갑, 핫팩"
-1,-3,흐림,여,패딩,기모후드,기모레깅스,히트텍,"목도리, 장갑, 핫팩"
5,8,눈,여,코트,기모후드,기모치마,히트텍,"목도리, 부츠, 장갑, 핫팩"
0,-2,흐림,남,패딩,니트,기모청바지,히트텍,"목도리, 장갑, 핫팩"
0,-1,흐림,남,롱패딩,니트,기모바지,히트텍,"목도리, 장갑, 핫팩"
-1,-4,비,남,롱패딩,기모후드,기모청바지,히트텍,"레인부츠, 목도리, 우산, 장갑, 핫팩"
-3,0,맑음,남,패딩,니트,기모청바지,히트텍,"목도리, 장갑, 핫팩"
18,13,눈,여,자켓,긴팔티,슬랙스,없음,"부츠, 장갑"
-3,-7,흐림,남,롱패딩,기모후드,기모청바지,히트텍,"목도리, 장갑, 핫팩"
29,25,눈,여,얇은 가디건,반팔,치마,없음,"모자, 부츠, 선글라스, 양산, 장갑"
27,30,비,여,없음,민소매,반바지,없음,"레인부츠, 모자, 선글라스, 양산, 우산"
16,16,비,남,가디건,긴팔티,청바지,없음,"레인부츠, 우산"
25,26,눈,남,없음,민소매,반바지,없음,"모자, 부츠, 선글라스, 양산, 장갑"
6,8,맑음,여,패딩,니트,기모바지,히트텍,없음
27,30,비,여,없음,민소매,치마,없음,"레인부츠, 모자, 선글라스, 양산, 우산"
9,9,흐림,여,코트,니트,기모치마,히트텍,없음
35,31,비,여,얇은 가디건,민소매,치마,없음,"레인부츠, 모자, 선글라스, 양산, 우산"
20,17,흐림,남,후드집업,후드티,면바지,얇은 이너,없음
34,30,맑음,남,얇은 가디건,민소매,반바지,없음,"모자, 선글라스, 양산"
25,26,흐림,남,없음,반팔,면반바지,없음,"모자, 선글라스, 양산"
3,1,비,남,롱패딩,기모후드,기모청바지,히트텍,"레인부츠, 목도리, 우산, 장갑, 핫팩"
28,31,맑음,여,얇은 가디건,민소매,반바지,없음,"모자, 선글라스, 양산"
33,30,흐림,여,없음,민소매,반바지,없음,"모자, 선글라스, 양산"
7,3,맑음,여,패딩,니트,기모바지,히트텍,없음
7,9,눈,여,패딩,히트텍,기모치마,히트텍,"부츠, 장갑"
30,28,비,남,얇은 가디건,반팔,면반바지,없음,"레인부츠, 모자, 선글라스, 양산, 우산"
-1,-6,눈,남,패딩,히트텍,기모바지,히트텍,"목도리, 부츠, 장갑, 핫팩"
-3,-5,눈,여,코트,히트텍,기모바지,히트텍,"목도리, 부츠, 장갑, 핫팩"
14,15,눈,여,자켓,맨투맨,롱스커트,얇은 이너,"부츠, 장갑"
0,3,비,남,코트,기모후드,기모청바지,히트텍,"레인부츠, 목도리, 우산, 장갑, 핫팩"
-8,-12,흐림,여,롱패딩,니트,기모레깅스,히트텍,"목도리, 장갑, 핫팩"
9,9,흐림,여,코트,기모후드,기모레깅스,히트텍,없음
13,13,눈,남,자켓,맨투맨,면바지,없음,"부츠, 장갑"
25,20,눈,여,없음,반팔,치마,없음,"모자, 부츠, 선글라스, 양산, 장갑"
12,14,흐림,남,자켓,맨투맨,청바지,얇은 이너,없음
-3,-4,눈,남,코트,기모후드,기모청바지,히트텍,"목도리, 부츠, 장갑, 핫팩"
5,5,비,남,패딩,히트텍,기모바지,히트텍,"레인부츠, 목도리, 우산, 장갑, 핫팩"
25,26,맑음,남,없음,반팔,반바지,없음,"모자, 선글라스, 양산"
0,3,눈,여,롱패딩,기모후드,기모레깅스,히트텍,"목도리, 부츠, 장갑, 핫팩"
30,31,흐림,여,없음,민소매,반바지,없음,"모자, 선글라스, 양산"
16,14,맑음,남,후드집업,후드티,슬랙스,없음,없음
25,28,흐림,남,얇은 가디건,반팔,반바지,없음,"모자, 선글라스, 양산"
7,5,비,남,코트,니트,기모바지,히트텍,"레인부츠, 우산"
-10,-15,눈,남,롱패딩,기모후드,기모바지,히트텍,"목도리, 부츠, 장갑, 핫팩"
1,4,눈,남,패딩,기모후드,기모바지,히트텍,"목도리, 부츠, 장갑, 핫팩"
34,36,눈,여,없음,반팔,반바지,없음,"모자, 부츠, 선글라스, 양산, 장갑"
19,16,흐림,남,자켓,후드티,슬랙스,없음,없음
7,8,비,여,패딩,니트,기모레깅스,히트텍,"레인부츠, 우산"
-5,-9,비,남,코트,니트,기모바지,히트텍,"레인부츠, 목도리, 우산, 장갑, 핫팩"
11,11,맑음,여,후드집업,맨투맨,청바지,얇은 이너,없음
20,19,눈,남,자켓,후드티,슬랙스,얇은 이너,"부츠, 장갑"
34,36,흐림,여,없음,민소매,치마,없음,"모자, 선글라스, 양산"
-9,-12,맑음,여,패딩,기모후드,기모바지,히트텍,"목도리, 장갑, 핫팩"
18,14,흐림,여,후드집업,맨투맨,청바지,얇은 이너,없음
-9,-10,흐림,여,롱패딩,니트,기모레깅스,히트텍,"목도리, 장갑, 핫팩"
34,30,비,여,없음,반팔,치마,없음,"레인부츠, 모자, 선글라스, 양산, 우산"
6,6,비,여,롱패딩,기모후드,기모바지,히트텍,"레인부츠, 우산"
12,11,맑음,여,가디건,긴팔티,롱스커트,얇은 이너,없음
8,4,눈,여,롱패딩,기모후드,기모레깅스,히트텍,"부츠, 장갑"
-5,-8,맑음,여,롱패딩,니트,기모레깅스,히트텍,"목도리, 장갑, 핫팩"
1,-1,눈,여,코트,니트,기모레깅스,히트텍,"목도리, 부츠, 장갑, 핫팩"
20,16,맑음,여,가디건,긴팔티,슬랙스,없음,없음
10,5,맑음,여,후드집업,후드티,청바지,없음,없음
-8,-8,눈,남,롱패딩,히트텍,기모바지,히트텍,"목도리, 부츠, 장갑, 핫팩"
25,20,맑음,여,얇은 가디건,반팔,반바지,없음,"모자, 선글라스, 양산"
24,23,흐림,여,가디건,후드티,롱스커트,없음,없음
-10,-15,흐림,여,롱패딩,니트,기모바지,히트텍,"목도리, 장갑, 핫팩"
31,28,비,남,없음,민소매,반바지,없음,"레인부츠, 모자, 선글라스, 양산, 우산"
20,23,비,여,가디건,긴팔티,청바지,없음,"레인부츠, 우산"
-7,-12,눈,여,코트,히트텍,기모치마,히트텍,"목도리, 부츠, 장갑, 핫팩"
22,25,비,남,자켓,긴팔티,슬랙스,얇은 이너,"레인부츠, 우산"
23,24,맑음,여,가디건,맨투맨,청바지,없음,없음
16,12,맑음,여,후드집업,후드티,슬랙스,없음,없음
24,19,비,여,가디건,긴팔티,청바지,없음,"레인부츠, 우산"
26,28,맑음,여,없음,반팔,반바지,없음,"모자, 선글라스, 양산"
-10,-13,비,남,패딩,기모후드,기모청바지,히트텍,"레인부츠, 목도리, 우산, 장갑, 핫팩"
28,27,흐림,여,얇은 가디건,민소매,반바지,없음,"모자, 선글라스, 양산"
10,12,눈,남,후드집업,후드티,청바지,얇은 이너,"부츠, 장갑"
30,33,흐림,여,없음,반팔,치마,없음,"모자, 선글라스, 양산"
30,32,맑음,여,얇은 가디건,반팔,치마,없음,"모자, 선글라스, 양산"
29,24,맑음,남,없음,민소매,면반바지,없음,"모자, 선글라스, 양산"
26,22,흐림,남,얇은 가디건,민소매,반바지,없음,"모자, 선글라스, 양산"
-3,-8,비,여,패딩,니트,기모바지,히트텍,"레인부츠, 목도리, 우산, 장갑, 핫팩"
22,25,비,여,후드집업,맨투맨,슬랙스,없음,"레인부츠, 우산"
21,23,맑음,남,후드집업,긴팔티,슬랙스,없음,없음
35,31,맑음,남,얇은 가디건,반팔,반바지,없음,"모자, 선글라스, 양산"
0,0,흐림,여,롱패딩,니트,기모치마,히트텍,"목도리, 장갑, 핫팩"
-3,-4,비,여,롱패딩,기모후드,기모바지,히트텍,"레인부츠, 목도리, 우산, 장갑, 핫팩"
17,12,흐림,남,후드집업,맨투맨,청바지,얇은 이너,없음
7,5,맑음,여,롱패딩,기모후드,기모바지,히트텍,없음
6,9,눈,남,패딩,니트,기모바지,히트텍,"부츠, 장갑"
4,6,흐림,여,롱패딩,니트,기모레깅스,히트텍,"목도리, 장갑, 핫팩"
32,32,비,여,얇은 가디건,반팔,반바지,없음,"레인부츠, 모자, 선글라스, 양산, 우산"
18,15,눈,여,가디건,긴팔티,롱스커트,없음,"부츠, 장갑"
-1,2,비,남,롱패딩,기모후드,기모청바지,히트텍,"레인부츠, 목도리, 우산, 장갑, 핫팩"
7,8,맑음,여,코트,니트,기모치마,히트텍,없음
0,-4,맑음,남,코트,기모후드,기모청바지,히트텍,"목도리, 장갑, 핫팩"
35,33,눈,여,없음,반팔,치마,없음,"모자, 부츠, 선글라스, 양산, 장갑"
-1,0,흐림,여,롱패딩,기모후드,기모레깅스,히트텍,"목도리, 장갑, 핫팩"
-10,-9,눈,남,롱패딩,히트텍,기모청바지,히트텍,"목도리, 부츠, 장갑, 핫팩"
3,0,비,남,패딩,기모후드,기모청바지,히트텍,"레인부츠, 목도리, 우산, 장갑, 핫팩"
-10,-9,맑음,남,패딩,니트,기모바지,히트텍,"목도리, 장갑, 핫팩"
21,20,비,남,후드집업,긴팔티,면바지,얇은 이너,"레인부츠, 우산"
32,31,맑음,남,없음,반팔,면반바지,없음,"모자, 선글라스, 양산"
9,6,비,남,코트,니트,기모청바지,히트텍,"레인부츠, 우산"
19,19,흐림,남,후드집업,긴팔티,청바지,얇은 이너,없음
14,11,맑음,남,후드집업,긴팔티,면바지,없음,없음
15,13,맑음,남,가디건,후드티,슬랙스,없음,없음
14,10,맑음,여,가디건,후드티,롱스커트,얇은 이너,없음
0,3,맑음,남,패딩,기모후드,기모청바지,히트텍,"목도리, 장갑, 핫팩"
32,27,맑음,여,얇은 가디건,반팔,치마,없음,"모자, 선글라스, 양산"
-3,-7,맑음,남,코트,니트,기모청바지,히트텍,"목도리, 장갑, 핫팩"
35,30,눈,남,얇은 가디건,반팔,면반바지,없음,"모자, 부츠, 선글라스, 양산, 장갑"
32,32,맑음,남,얇은 가디건,민소매,반바지,없음,"모자, 선글라스, 양산"
30,25,눈,남,없음,반팔,면반바지,없음,"모자, 부츠, 선글라스, 양산, 장갑"
14,9,흐림,남,가디건,후드티,청바지,없음,없음
29,25,눈,남,없음,반팔,면반바지,없음,"모자, 부츠, 선글라스, 양산, 장갑"
-9,-7,흐림,여,코트,기모후드,기모레깅스,히트텍,"목도리, 장갑, 핫팩"
30,25,눈,남,없음,민소매,면반바지,없음,"모자, 부츠, 선글라스, 양산, 장갑"
15,11,흐림,남,후드집업,맨투맨,슬랙스,얇은 이너,없음
16,14,눈,남,가디건,긴팔티,면바지,얇은 이너,"부츠, 장갑"
25,28,흐림,여,얇은 가디건,반팔,치마,없음,"모자, 선글라스, 양산"
6,7,눈,여,패딩,기모후드,기모치마,히트텍,"부츠, 장갑"
20,18,비,여,가디건,후드티,청바지,없음,"레인부츠, 우산"
14,14,맑음,남,가디건,맨투맨,슬랙스,없음,없음
23,18,눈,여,가디건,맨투맨,청바지,없음,"부츠, 장갑"
8,11,맑음,남,코트,히트텍,기모바지,히트텍,없음
10,5,흐림,여,후드집업,긴팔티,슬랙스,없음,없음
3,5,비,남,롱패딩,히트텍,기모바지,히트텍,"레인부츠, 목도리, 우산, 장갑, 핫팩"
20,22,비,여,가디건,맨투맨,청바지,얇은 이너,"레인부츠, 우산"
-8,-8,흐림,여,코트,기모후드,기모바지,히트텍,"목도리, 장갑, 핫팩"
19,22,눈,남,자켓,후드티,면바지,얇은 이너,"부츠, 장갑"
28,24,비,남,얇은 가디건,민소매,면반바지,없음,"레인부츠, 모자, 선글라스, 양산, 우산"
16,18,흐림,여,가디건,맨투맨,슬랙스,얇은 이너,없음
8,8,눈,남,코트,니트,기모청바지,히트텍,"부츠, 장갑"
0,3,비,여,코트,니트,기모바지,히트텍,"레인부츠, 목도리, 우산, 장갑, 핫팩"
-10,-8,맑음,여,패딩,히트텍,기모바지,히트텍,"목도리, 장갑, 핫팩"
16,12,맑음,여,후드집업,맨투맨,슬랙스,얇은 이너,없음
11,7,흐림,여,가디건,긴팔티,슬랙스,없음,없음
22,23,맑음,여,후드집업,맨투맨,청바지,얇은 이너,없음
21,23,흐림,남,가디건,긴팔티,청바지,없음,없음
24,23,비,여,가디건,긴팔티,롱스커트,없음,"레인부츠, 우산"
7,4,맑음,여,코트,히트텍,기모바지,히트텍,없음
17,13,비,여,후드집업,긴팔티,슬랙스,없음,"레인부츠, 우산"
30,25,비,여,없음,반팔,치마,없음,"레인부츠, 모자, 선글라스, 양산, 우산"
3,3,비,여,롱패딩,기모후드,기모바지,히트텍,"레인부츠, 목도리, 우산, 장갑, 핫팩"
23,18,비,여,후드집업,긴팔티,롱스커트,얇은 이너,"레인부츠, 우산"
11,7,흐림,남,가디건,긴팔티,면바지,얇은 이너,없음
15,18,비,남,자켓,맨투맨,면바지,없음,"레인부츠, 우산"
-9,-12,눈,남,패딩,니트,기모바지,히트텍,"목도리, 부츠, 장갑, 핫팩"
-2,-6,흐림,남,코트,니트,기모청바지,히트텍,"목도리, 장갑, 핫팩"
30,25,흐림,여,없음,민소매,반바지,없음,"모자, 선글라스, 양산"
8,5,흐림,남,패딩,기모후드,기모바지,히트텍,없음
14,15,맑음,남,가디건,긴팔티,청바지,없음,없음
13,14,비,여,자켓,맨투맨,슬랙스,없음,"레인부츠, 우산"
-6,-4,맑음,여,롱패딩,히트텍,기모레깅스,히트텍,"목도리, 장갑, 핫팩"
12,10,눈,남,후드집업,후드티,청바지,얇은 이너,"부츠, 장갑"
10,10,흐림,여,가디건,후드티,슬랙스,얇은 이너,없음
18,20,비,남,후드집업,맨투맨,슬랙스,없음,"레인부츠, 우산"
32,29,눈,여,얇은 가디건,민소매,치마,없음,"모자, 부츠, 선글라스, 양산, 장갑"
-7,-12,흐림,여,패딩,니트,기모바지,히트텍,"목도리, 장갑, 핫팩"
16,12,비,남,자켓,긴팔티,청바지,얇은 이너,"레인부츠, 우산"
-4,-3,눈,남,롱패딩,히트텍,기모청바지,히트텍,"목도리, 부츠, 장갑, 핫팩"
0,0,맑음,여,롱패딩,기모후드,기모바지,히트텍,"목도리, 장갑, 핫팩"
32,27,흐림,남,얇은 가디건,민소매,면반바지,없음,"모자, 선글라스, 양산"
29,30,맑음,여,없음,반팔,반바지,없음,"모자, 선글라스, 양산"
26,28,눈,남,얇은 가디건,민소매,반바지,없음,"모자, 부츠, 선글라스, 양산, 장갑"
29,32,비,여,얇은 가디건,민소매,반바지,없음,"레인부츠, 모자, 선글라스, 양산, 우산"
15,13,눈,여,자켓,긴팔티,롱스커트,얇은 이너,"부츠, 장갑"
19,22,비,남,자켓,맨투맨,슬랙스,없음,"레인부츠, 우산"
-1,-6,비,여,롱패딩,니트,기모치마,히트텍,"레인부츠, 목도리, 우산, 장갑, 핫팩"
29,28,맑음,여,얇은 가디건,반팔,치마,없음,"모자, 선글라스, 양산"
4,3,비,여,롱패딩,히트텍,기모레깅스,히트텍,"레인부츠, 목도리, 우산, 장갑, 핫팩"
1,2,맑음,여,코트,히트텍,기모바지,히트텍,"목도리, 장갑, 핫팩"
-4,-2,흐림,여,롱패딩,히트텍,기모바지,히트텍,"목도리, 장갑, 핫팩"
21,23,흐림,남,후드집업,후드티,면바지,얇은 이너,없음
8,4,눈,남,코트,기모후드,기모청바지,히트텍,"부츠, 장갑"
18,18,맑음,여,자켓,긴팔티,롱스커트,없음,없음
-9,-14,비,여,코트,니트,기모바지,히트텍,"레인부츠, 목도리, 우산, 장갑, 핫팩"
-8,-5,흐림,남,패딩,니트,기모바지,히트텍,"목도리, 장갑, 핫팩"
18,14,흐림,여,가디건,긴팔티,청바지,없음,없음
6,2,흐림,남,패딩,히트텍,기모청바지,히트텍,없음
26,21,눈,여,얇은 가디건,민소매,치마,없음,"모자, 부츠, 선글라스, 양산, 장갑"
3,6,비,남,패딩,기모후드,기모바지,히트텍,"레인부츠, 목도리, 우산, 장갑, 핫팩"
-9,-9,눈,여,코트,히트텍,기모레깅스,히트텍,"목도리, 부츠, 장갑, 핫팩"
-9,-13,흐림,여,패딩,기모후드,기모치마,히트텍,"목도리, 장갑, 핫팩"
14,12,흐림,남,자켓,후드티,면바지,없음,없음
6,9,비,여,롱패딩,니트,기모바지,히트텍,"레인부츠, 우산"
26,24,맑음,여,없음,민소매,치마,없음,"모자, 선글라스, 양산"
-7,-4,흐림,여,코트,기모후드,기모바지,히트텍,"목도리, 장갑, 핫팩"
30,26,흐림,여,얇은 가디건,민소매,반바지,없음,"모자, 선글라스, 양산"
3,1,맑음,남,롱패딩,히트텍,기모청바지,히트텍,"목도리, 장갑, 핫팩"
-7,-10,맑음,여,패딩,히트텍,기모레깅스,히트텍,"목도리, 장갑, 핫팩"
20,23,비,남,가디건,후드티,청바지,없음,"레인부츠, 우산"
4,5,맑음,남,코트,히트텍,기모바지,히트텍,"목도리, 장갑, 핫팩"
-2,-6,맑음,남,코트,히트텍,기모바지,히트텍,"목도리, 장갑, 핫팩"
7,7,비,남,롱패딩,니트,기모청바지,히트텍,"레인부츠, 우산"
-6,-6,맑음,남,패딩,기모후드,기모청바지,히트텍,"목도리, 장갑, 핫팩"
33,33,눈,여,얇은 가디건,민소매,치마,없음,"모자, 부츠, 선글라스, 양산, 장갑"
14,12,비,남,자켓,후드티,슬랙스,없음,"레인부츠, 우산"
24,23,눈,남,가디건,후드티,슬랙스,얇은 이너,"부츠, 장갑"
-7,-9,비,여,패딩,히트텍,기모레깅스,히트텍,"레인부츠, 목도리, 우산, 장갑, 핫팩"
9,5,비,여,패딩,기모후드,기모바지,히트텍,"레인부츠, 우산"
24,27,비,여,자켓,후드티,롱스커트,얇은 이너,"레인부츠, 우산"
8,11,비,여,롱패딩,히트텍,기모치마,히트텍,"레인부츠, 우산"
23,24,맑음,여,자켓,후드티,롱스커트,얇은 이너,없음
2,1,맑음,여,롱패딩,니트,기모레깅스,히트텍,"목도리, 장갑, 핫팩"
9,9,눈,여,패딩,히트텍,기모레깅스,히트텍,"부츠, 장갑"
21,18,맑음,남,가디건,후드티,슬랙스,없음,없음
10,11,비,여,후드집업,긴팔티,롱스커트,얇은 이너,"레인부츠, 우산"
4,-1,맑음,여,패딩,니트,기모바지,히트텍,"목도리, 장갑, 핫팩"
24,24,흐림,여,가디건,긴팔티,롱스커트,얇은 이너,없음
4,6,비,여,패딩,히트텍,기모치마,히트텍,"레인부츠, 목도리, 우산, 장갑, 핫팩"
-7,-8,흐림,여,코트,니트,기모바지,히트텍,"목도리, 장갑, 핫팩"
-1,-5,비,남,코트,히트텍,기모바지,히트텍,"레인부츠, 목도리, 우산, 장갑, 핫팩"
3,0,맑음,여,코트,니트,기모바지,히트텍,"목도리, 장갑, 핫팩"
16,16,비,여,후드집업,맨투맨,롱스커트,얇은 이너,"레인부츠, 우산"
-3,-3,흐림,여,롱패딩,기모후드,기모치마,히트텍,"목도리, 장갑, 핫팩"
23,25,비,남,자켓,맨투맨,청바지,없음,"레인부츠, 우산"
23,25,눈,남,후드집업,긴팔티,면바지,없음,"부츠, 장갑"
7,8,맑음,여,패딩,기모후드,기모바지,히트텍,없음
-3,-3,비,남,패딩,니트,기모바지,히트텍,"레인부츠, 목도리, 우산, 장갑, 핫팩"
29,24,흐림,여,없음,민소매,치마,없음,"모자, 선글라스, 양산"
9,6,비,여,패딩,니트,기모레깅스,히트텍,"레인부츠, 우산"
3,2,비,여,코트,니트,기모치마,히트텍,"레인부츠, 목도리, 우산, 장갑, 핫팩"
14,15,맑음,여,자켓,후드티,슬랙스,없음,없음
-8,-8,눈,여,코트,기모후드,기모레깅스,히트텍,"목도리, 부츠, 장갑, 핫팩"
21,21,비,남,후드집업,후드티,청바지,없음,"레인부츠, 우산"
2,3,눈,여,코트,니트,기모레깅스,히트텍,"목도리, 부츠, 장갑, 핫팩"
22,17,비,여,가디건,긴팔티,슬랙스,얇은 이너,"레인부츠, 우산"
-10,-10,비,여,롱패딩,니트,기모레깅스,히트텍,"레인부츠, 목도리, 우산, 장갑, 핫팩"
-4,-4,맑음,여,코트,기모후드,기모레깅스,히트텍,"목도리, 장갑, 핫팩"
8,9,맑음,남,패딩,기모후드,기모청바지,히트텍,없음
0,-3,흐림,여,코트,히트텍,기모바지,히트텍,"목도리, 장갑, 핫팩"
15,18,흐림,여,자켓,후드티,슬랙스,얇은 이너,없음
20,20,흐림,여,후드집업,맨투맨,롱스커트,얇은 이너,없음
31,34,맑음,여,없음,반팔,반바지,없음,"모자, 선글라스, 양산"
-4,-6,비,남,롱패딩,히트텍,기모청바지,히트텍,"레인부츠, 목도리, 우산, 장갑, 핫팩"
34,29,맑음,남,얇은 가디건,반팔,면반바지,없음,"모자, 선글라스, 양산"
29,32,눈,여,얇은 가디건,반팔,반바지,없음,"모자, 부츠, 선글라스, 양산, 장갑"
-9,-9,흐림,여,롱패딩,니트,기모바지,히트텍,"목도리, 장갑, 핫팩"
-3,-4,흐림,남,패딩,기모후드,기모청바지,히트텍,"목도리, 장갑, 핫팩"
24,22,눈,남,자켓,긴팔티,청바지,얇은 이너,"부츠, 장갑"
19,19,비,여,가디건,후드티,슬랙스,없음,"레인부츠, 우산"
27,27,눈,여,없음,민소매,반바지,없음,"모자, 부츠, 선글라스, 양산, 장갑"
10,12,비,남,자켓,후드티,슬랙스,없음,"레인부츠, 우산"
31,33,흐림,여,얇은 가디건,반팔,치마,없음,"모자, 선글라스, 양산"
-2,-2,눈,남,롱패딩,기모후드,기모바지,히트텍,"목도리, 부츠, 장갑, 핫팩"
-8,-11,비,여,코트,니트,기모치마,히트텍,"레인부츠, 목도리, 우산, 장갑, 핫팩"
9,6,흐림,여,롱패딩,기모후드,기모치마,히트텍,없음
32,32,흐림,여,얇은 가디건,민소매,치마,없음,"모자, 선글라스, 양산"
19,20,흐림,남,자켓,후드티,슬랙스,얇은 이너,없음
18,21,흐림,여,후드집업,맨투맨,롱스커트,없음,없음
10,5,흐림,여,가디건,후드티,청바지,얇은 이너,없음
16,19,흐림,여,가디건,긴팔티,롱스커트,없음,없음
32,27,비,남,없음,반팔,면반바지,없음,"레인부츠, 모자, 선글라스, 양산, 우산"
14,15,눈,남,자켓,후드티,청바지,없음,"부츠, 장갑"
25,27,흐림,남,없음,민소매,반바지,없음,"모자, 선글라스, 양산"
28,29,흐림,남,없음,민소매,반바지,없음,"모자, 선글라스, 양산"
-3,0,흐림,여,롱패딩,기모후드,기모바지,히트텍,"목도리, 장갑, 핫팩"
-4,-6,흐림,남,롱패딩,히트텍,기모청바지,히트텍,"목도리, 장갑, 핫팩"
11,7,비,남,후드집업,후드티,슬랙스,없음,"레인부츠, 우산"
7,3,맑음,여,롱패딩,니트,기모레깅스,히트텍,없음
19,20,눈,여,후드집업,후드티,슬랙스,얇은 이너,"부츠, 장갑"
11,6,눈,남,가디건,긴팔티,청바지,없음,"부츠, 장갑"
3,2,맑음,여,코트,기모후드,기모바지,히트텍,"목도리, 장갑, 핫팩"
-3,0,흐림,남,롱패딩,히트텍,기모청바지,히트텍,"목도리, 장갑, 핫팩"
7,8,흐림,여,롱패딩,니트,기모치마,히트텍,없음
-7,-5,비,남,롱패딩,니트,기모청바지,히트텍,"레인부츠, 목도리, 우산, 장갑, 핫팩"
19,17,비,남,가디건,맨투맨,슬랙스,얇은 이너,"레인부츠, 우산"
23,24,흐림,여,자켓,후드티,슬랙스,얇은 이너,없음
-2,-4,눈,남,패딩,히트텍,기모바지,히트텍,"목도리, 부츠, 장갑, 핫팩"
30,33,맑음,여,얇은 가디건,반팔,치마,없음,"모자, 선글라스, 양산"
21,18,흐림,남,후드집업,후드티,면바지,없음,없음
30,26,눈,남,없음,반팔,반바지,없음,"모자, 부츠, 선글라스, 양산, 장갑"
-1,2,눈,여,코트,기모후드,기모치마,히트텍,"목도리, 부츠, 장갑, 핫팩"
10,7,흐림,남,가디건,맨투맨,슬랙스,얇은 이너,없음
-9,-6,맑음,여,롱패딩,기모후드,기모바지,히트텍,"목도리, 장갑, 핫팩"
14,12,눈,남,가디건,긴팔티,면바지,얇은 이너,"부츠, 장갑"
-7,-11,맑음,남,코트,기모후드,기모청바지,히트텍,"목도리, 장갑, 핫팩"
31,32,눈,남,얇은 가디건,반팔,면반바지,없음,"모자, 부츠, 선글라스, 양산, 장갑"
18,18,눈,여,자켓,후드티,슬랙스,없음,"부츠, 장갑"
25,22,맑음,남,없음,민소매,반바지,없음,"모자, 선글라스, 양산"
21,23,비,여,자켓,맨투맨,슬랙스,얇은 이너,"레인부츠, 우산"
0,0,흐림,남,롱패딩,니트,기모청바지,히트텍,"목도리, 장갑, 핫팩"
35,38,눈,남,얇은 가디건,반팔,반바지,없음,"모자, 부츠, 선글라스, 양산, 장갑"
15,14,맑음,여,가디건,맨투맨,슬랙스,얇은 이너,없음
35,38,맑음,남,없음,민소매,반바지,없음,"모자, 선글라스, 양산"
19,22,맑음,여,후드집업,후드티,롱스커트,얇은 이너,없음
-6,-11,맑음,남,코트,니트,기모바지,히트텍,"목도리, 장갑, 핫팩"
32,29,흐림,남,얇은 가디건,반팔,면반바지,없음,"모자, 선글라스, 양산"
-6,-8,눈,여,패딩,기모후드,기모레깅스,히트텍,"목도리, 부츠, 장갑, 핫팩"
10,8,흐림,남,가디건,맨투맨,청바지,없음,없음
25,27,흐림,남,없음,민소매,반바지,없음,"모자, 선글라스, 양산"
17,18,흐림,남,가디건,긴팔티,청바지,얇은 이너,없음
9,12,눈,남,롱패딩,기모후드,기모바지,히트텍,"부츠, 장갑"
23,25,맑음,여,후드집업,후드티,슬랙스,없음,없음
28,23,흐림,여,얇은 가디건,반팔,반바지,없음,"모자, 선글라스, 양산"
29,27,흐림,남,없음,민소매,반바지,없음,"모자, 선글라스, 양산"
9,8,맑음,남,롱패딩,히트텍,기모바지,히트텍,없음
26,25,비,남,얇은 가디건,반팔,반바지,없음,"레인부츠, 모자, 선글라스, 양산, 우산"
8,3,맑음,남,코트,니트,기모바지,히트텍,없음
-7,-11,맑음,여,롱패딩,니트,기모치마,히트텍,"목도리, 장갑, 핫팩"
23,18,맑음,여,가디건,후드티,슬랙스,얇은 이너,없음
31,28,흐림,여,얇은 가디건,반팔,반바지,없음,"모자, 선글라스, 양산"
13,13,눈,남,후드집업,후드티,슬랙스,얇은 이너,"부츠, 장갑"
20,22,눈,남,가디건,후드티,면바지,없음,"부츠, 장갑"
30,32,맑음,남,없음,민소매,반바지,없음,"모자, 선글라스, 양산"
0,-2,비,남,롱패딩,니트,기모바지,히트텍,"레인부츠, 목도리, 우산, 장갑, 핫팩"
17,17,맑음,남,가디건,맨투맨,청바지,얇은 이너,없음
27,23,눈,여,없음,반팔,반바지,없음,"모자, 부츠, 선글라스, 양산, 장갑"
35,32,비,남,얇은 가디건,반팔,반바지,없음,"레인부츠, 모자, 선글라스, 양산, 우산"
28,24,맑음,남,없음,민소매,면반바지,없음,"모자, 선글라스, 양산"
31,28,맑음,여,얇은 가디건,반팔,치마,없음,"모자, 선글라스, 양산"
5,4,맑음,남,코트,히트텍,기모바지,히트텍,"목도리, 장갑, 핫팩"
-2,-3,비,남,코트,히트텍,기모바지,히트텍,"레인부츠, 목도리, 우산, 장갑, 핫팩"
31,32,맑음,여,없음,민소매,반바지,없음,"모자, 선글라스, 양산"
-4,-7,비,남,패딩,니트,기모바지,히트텍,"레인부츠, 목도리, 우산, 장갑, 핫팩"
17,17,눈,남,가디건,긴팔티,청바지,없음,"부츠, 장갑"
23,23,눈,남,가디건,맨투맨,청바지,없음,"부츠, 장갑"
11,9,눈,남,가디건,긴팔티,청바지,얇은 이너,"부츠, 장갑"
24,21,맑음,여,자켓,맨투맨,롱스커트,없음,없음
-4,-4,흐림,남,롱패딩,기모후드,기모바지,히트텍,"목도리, 장갑, 핫팩"
10,12,눈,남,자켓,맨투맨,면바지,없음,"부츠, 장갑"
6,6,흐림,여,롱패딩,히트텍,기모바지,히트텍,없음
0,2,흐림,여,코트,히트텍,기모치마,히트텍,"목도리, 장갑, 핫팩"
-6,-4,흐림,남,패딩,기모후드,기모바지,히트텍,"목도리, 장갑, 핫팩"
29,24,흐림,남,없음,민소매,면반바지,없음,"모자, 선글라스, 양산"
15,18,흐림,여,자켓,맨투맨,청바지,없음,없음
-2,-2,흐림,여,패딩,니트,기모치마,히트텍,"목도리, 장갑, 핫팩"
34,34,흐림,남,얇은 가디건,민소매,면반바지,없음,"모자, 선글라스, 양산"
1,-1,눈,여,패딩,기모후드,기모레깅스,히트텍,"목도리, 부츠, 장갑, 핫팩"
17,19,비,남,자켓,후드티,면바지,얇은 이너,"레인부츠, 우산"
2,4,비,남,롱패딩,기모후드,기모청바지,히트텍,"레인부츠, 목도리, 우산, 장갑, 핫팩"
-3,-1,눈,남,코트,기모후드,기모청바지,히트텍,"목도리, 부츠, 장갑, 핫팩"
10,9,맑음,남,가디건,긴팔티,면바지,없음,없음
19,16,비,남,가디건,긴팔티,슬랙스,없음,"레인부츠, 우산"
0,-5,눈,여,패딩,기모후드,기모레깅스,히트텍,"목도리, 부츠, 장갑, 핫팩"
-1,-2,비,남,롱패딩,히트텍,기모바지,히트텍,"레인부츠, 목도리, 우산, 장갑, 핫팩"
34,36,흐림,남,없음,민소매,면반바지,없음,"모자, 선글라스, 양산"
8,5,흐림,남,패딩,니트,기모바지,히트텍,없음
-9,-9,비,여,코트,니트,기모바지,히트텍,"레인부츠, 목도리, 우산, 장갑, 핫팩"
35,38,눈,남,없음,반팔,반바지,없음,"모자, 부츠, 선글라스, 양산, 장갑"
8,9,비,여,롱패딩,기모후드,기모치마,히트텍,"레인부츠, 우산"
30,30,맑음,여,얇은 가디건,반팔,치마,없음,"모자, 선글라스, 양산"
24,25,비,여,가디건,후드티,슬랙스,없음,"레인부츠, 우산"
26,27,맑음,남,없음,반팔,반바지,없음,"모자, 선글라스, 양산"
12,8,눈,남,자켓,후드티,청바지,얇은 이너,"부츠, 장갑"
7,2,맑음,여,코트,기모후드,기모바지,히트텍,없음
29,24,맑음,여,없음,민소매,치마,없음,"모자, 선글라스, 양산"
-4,-2,맑음,여,롱패딩,기모후드,기모바지,히트텍,"목도리, 장갑, 핫팩"
27,26,비,여,얇은 가디건,반팔,반바지,없음,"레인부츠, 모자, 선글라스, 양산, 우산"
22,22,비,남,가디건,후드티,면바지,없음,"레인부츠, 우산"
-2,-1,맑음,남,패딩,히트텍,기모청바지,히트텍,"목도리, 장갑, 핫팩"
0,0,흐림,남,패딩,히트텍,기모청바지,히트텍,"목도리, 장갑, 핫팩"
15,18,맑음,여,후드집업,긴팔티,슬랙스,없음,없음
3,0,비,여,패딩,히트텍,기모레깅스,히트텍,"레인부츠, 목도리, 우산, 장갑, 핫팩"
-2,0,흐림,여,코트,히트텍,기모바지,히트텍,"목도리, 장갑, 핫팩"
33,33,비,여,얇은 가디건,반팔,반바지,없음,"레인부츠, 모자, 선글라스, 양산, 우산"
32,34,맑음,남,얇은 가디건,반팔,면반바지,없음,"모자, 선글라스, 양산"
0,1,흐림,남,코트,히트텍,기모바지,히트텍,"목도리, 장갑, 핫팩"
29,32,비,여,얇은 가디건,민소매,치마,없음,"레인부츠, 모자, 선글라스, 양산, 우산"
25,26,비,남,얇은 가디건,민소매,반바지,없음,"레인부츠, 모자, 선글라스, 양산, 우산"
-1,-2,비,여,코트,니트,기모치마,히트텍,"레인부츠, 목도리, 우산, 장갑, 핫팩"
-7,-8,흐림,여,코트,기모후드,기모레깅스,히트텍,"목도리, 장갑, 핫팩"
-2,-6,맑음,여,패딩,히트텍,기모바지,히트텍,"목도리, 장갑, 핫팩"
1,2,눈,여,롱패딩,니트,기모치마,히트텍,"목도리, 부츠, 장갑, 핫팩"
-6,-8,비,여,코트,기모후드,기모치마,히트텍,"레인부츠, 목도리, 우산, 장갑, 핫팩"
20,20,비,여,가디건,긴팔티,청바지,얇은 이너,"레인부츠, 우산"
19,15,흐림,여,자켓,후드티,슬랙스,없음,없음
0,-4,흐림,여,롱패딩,니트,기모치마,히트텍,"목도리, 장갑, 핫팩"
-5,-6,맑음,남,패딩,니트,기모청바지,히트텍,"목도리, 장갑, 핫팩"
-3,0,비,여,패딩,니트,기모치마,히트텍,"레인부츠, 목도리, 우산, 장갑, 핫팩"
-1,-3,흐림,남,코트,히트텍,기모청바지,히트텍,"목도리, 장갑, 핫팩"
-1,-4,눈,남,패딩,기모후드,기모바지,히트텍,"목도리, 부츠, 장갑, 핫팩"
7,10,맑음,남,코트,니트,기모청바지,히트텍,없음
22,24,맑음,남,후드집업,맨투맨,슬랙스,얇은 이너,없음
5,8,눈,여,코트,니트,기모바지,히트텍,"목도리, 부츠, 장갑, 핫팩"
-9,-6,눈,여,코트,기모후드,기모바지,히트텍,"목도리, 부츠, 장갑, 핫팩"
-6,-10,맑음,남,롱패딩,히트텍,기모청바지,히트텍,"목도리, 장갑, 핫팩"
32,34,비,여,없음,민소매,치마,없음,"레인부츠, 모자, 선글라스, 양산, 우산"
10,11,흐림,남,가디건,후드티,면바지,얇은 이너,없음
0,0,흐림,여,코트,히트텍,기모바지,히트텍,"목도리, 장갑, 핫팩"
0,-5,눈,남,롱패딩,기모후드,기모바지,히트텍,"목도리, 부츠, 장갑, 핫팩"
4,6,눈,남,코트,히트텍,기모청바지,히트텍,"목도리, 부츠, 장갑, 핫팩"
26,26,비,남,없음,반팔,반바지,없음,"레인부츠, 모자, 선글라스, 양산, 우산"
32,29,눈,여,없음,민소매,반바지,없음,"모자, 부츠, 선글라스, 양산, 장갑"
9,4,비,여,롱패딩,기모후드,기모바지,히트텍,"레인부츠, 우산"
-8,-7,맑음,여,패딩,히트텍,기모바지,히트텍,"목도리, 장갑, 핫팩"
30,27,흐림,여,없음,반팔,치마,없음,"모자, 선글라스, 양산"
26,26,흐림,남,없음,민소매,반바지,없음,"모자, 선글라스, 양산"
24,24,맑음,남,가디건,긴팔티,면바지,얇은 이너,없음
3,3,흐림,여,패딩,니트,기모레깅스,히트텍,"목도리, 장갑, 핫팩"
22,25,흐림,여,가디건,후드티,청바지,없음,없음
19,14,흐림,남,후드집업,맨투맨,슬랙스,없음,없음
30,33,맑음,남,얇은 가디건,반팔,반바지,없음,"모자, 선글라스, 양산"
7,4,비,남,롱패딩,니트,기모청바지,히트텍,"레인부츠, 우산"
-3,-2,흐림,남,롱패딩,히트텍,기모청바지,히트텍,"목도리, 장갑, 핫팩"
32,35,흐림,남,얇은 가디건,민소매,반바지,없음,"모자, 선글라스, 양산"
18,20,맑음,여,자켓,긴팔티,롱스커트,없음,없음
-4,-2,흐림,여,코트,니트,기모바지,히트텍,"목도리, 장갑, 핫팩"
0,2,비,여,롱패딩,히트텍,기모레깅스,히트텍,"레인부츠, 목도리, 우산, 장갑, 핫팩"
27,24,흐림,여,없음,민소매,치마,없음,"모자, 선글라스, 양산"
-10,-13,비,여,패딩,기모후드,기모바지,히트텍,"레인부츠, 목도리, 우산, 장갑, 핫팩"
10,9,맑음,남,후드집업,후드티,슬랙스,얇은 이너,없음
-2,-5,흐림,남,패딩,히트텍,기모청바지,히트텍,"목도리, 장갑, 핫팩"
-4,-8,맑음,여,롱패딩,히트텍,기모레깅스,히트텍,"목도리, 장갑, 핫팩"
35,35,맑음,남,얇은 가디건,민소매,반바지,없음,"모자, 선글라스, 양산"
8,6,비,남,롱패딩,기모후드,기모청바지,히트텍,"레인부츠, 우산"
19,19,눈,남,후드집업,맨투맨,청바지,없음,"부츠, 장갑"
24,25,흐림,여,후드집업,맨투맨,청바지,얇은 이너,없음
4,4,흐림,남,코트,니트,기모바지,히트텍,"목도리, 장갑, 핫팩"
20,21,비,남,후드집업,긴팔티,슬랙스,얇은 이너,"레인부츠, 우산"
23,26,흐림,여,자켓,후드티,청바지,얇은 이너,없음
28,27,흐림,남,없음,민소매,반바지,없음,"모자, 선글라스, 양산"
17,16,흐림,남,자켓,맨투맨,청바지,없음,없음
0,1,눈,여,패딩,히트텍,기모치마,히트텍,"목도리, 부츠, 장갑, 핫팩"
14,14,맑음,여,자켓,후드티,슬랙스,얇은 이너,없음
6,1,비,남,롱패딩,히트텍,기모청바지,히트텍,"레인부츠, 우산"
-10,-11,눈,여,코트,기모후드,기모바지,히트텍,"목도리, 부츠, 장갑, 핫팩"
-7,-9,흐림,여,코트,니트,기모레깅스,히트텍,"목도리, 장갑, 핫팩"
20,23,흐림,여,자켓,후드티,슬랙스,얇은 이너,없음
26,25,눈,남,없음,민소매,반바지,없음,"모자, 부츠, 선글라스, 양산, 장갑"
18,15,맑음,여,가디건,후드티,롱스커트,얇은 이너,없음
4,7,눈,여,패딩,히트텍,기모레깅스,히트텍,"목도리, 부츠, 장갑, 핫팩"
-2,-1,흐림,남,롱패딩,기모후드,기모청바지,히트텍,"목도리, 장갑, 핫팩"
-10,-7,흐림,여,패딩,기모후드,기모바지,히트텍,"목도리, 장갑, 핫팩"
28,30,눈,남,얇은 가디건,반팔,반바지,없음,"모자, 부츠, 선글라스, 양산, 장갑"
3,0,비,남,코트,히트텍,기모청바지,히트텍,"레인부츠, 목도리, 우산, 장갑, 핫팩"
31,31,비,여,없음,민소매,치마,없음,"레인부츠, 모자, 선글라스, 양산, 우산"
27,25,눈,여,얇은 가디건,반팔,반바지,없음,"모자, 부츠, 선글라스, 양산, 장갑"
31,26,눈,여,없음,민소매,치마,없음,"모자, 부츠, 선글라스, 양산, 장갑"
-6,-4,눈,여,코트,니트,기모바지,히트텍,"목도리, 부츠, 장갑, 핫팩"
26,25,맑음,여,없음,민소매,반바지,없음,"모자, 선글라스, 양산"
35,32,흐림,남,없음,민소매,면반바지,없음,"모자, 선글라스, 양산"
0,-2,흐림,여,롱패딩,니트,기모치마,히트텍,"목도리, 장갑, 핫팩"
-7,-9,흐림,남,패딩,니트,기모바지,히트텍,"목도리, 장갑, 핫팩"
1,2,눈,여,코트,니트,기모레깅스,히트텍,"목도리, 부츠, 장갑, 핫팩"
27,23,비,남,없음,반팔,반바지,없음,"레인부츠, 모자, 선글라스, 양산, 우산"
-5,-7,흐림,남,롱패딩,기모후드,기모청바지,히트텍,"목도리, 장갑, 핫팩"
26,21,비,남,얇은 가디건,반팔,반바지,없음,"레인부츠, 모자, 선글라스, 양산, 우산"
20,15,맑음,여,후드집업,맨투맨,슬랙스,없음,없음
9,9,맑음,여,코트,니트,기모레깅스,히트텍,없음
-4,-2,맑음,남,패딩,니트,기모바지,히트텍,"목도리, 장갑, 핫팩"
24,25,눈,남,자켓,긴팔티,면바지,얇은 이너,"부츠, 장갑"
32,33,비,여,없음,반팔,반바지,없음,"레인부츠, 모자, 선글라스, 양산, 우산"
-10,-14,흐림,남,코트,니트,기모청바지,히트텍,"목도리, 장갑, 핫팩"
9,9,비,여,롱패딩,니트,기모바지,히트텍,"레인부츠, 우산"
7,2,눈,남,패딩,기모후드,기모바지,히트텍,"부츠, 장갑"
29,31,흐림,남,없음,민소매,반바지,없음,"모자, 선글라스, 양산"
20,20,비,여,자켓,맨투맨,롱스커트,없음,"레인부츠, 우산"
21,19,비,남,후드집업,긴팔티,청바지,얇은 이너,"레인부츠, 우산"
-1,2,맑음,여,코트,히트텍,기모치마,히트텍,"목도리, 장갑, 핫팩"
-4,-3,흐림,남,패딩,니트,기모청바지,히트텍,"목도리, 장갑, 핫팩"
0,0,흐림,여,코트,히트텍,기모바지,히트텍,"목도리, 장갑, 핫팩"
24,20,맑음,여,후드집업,후드티,슬랙스,얇은 이너,없음
4,0,맑음,남,코트,히트텍,기모바지,히트텍,"목도리, 장갑, 핫팩"
-5,-4,눈,남,패딩,기모후드,기모청바지,히트텍,"목도리, 부츠, 장갑, 핫팩"
-8,-12,맑음,남,코트,기모후드,기모바지,히트텍,"목도리, 장갑, 핫팩"
8,6,눈,여,코트,히트텍,기모치마,히트텍,"부츠, 장갑"
2,-2,비,여,코트,기모후드,기모바지,히트텍,"레인부츠, 목도리, 우산, 장갑, 핫팩"
-5,-5,맑음,여,패딩,니트,기모레깅스,히트텍,"목도리, 장갑, 핫팩"
-10,-10,비,여,롱패딩,히트텍,기모레깅스,히트텍,"레인부츠, 목도리, 우산, 장갑, 핫팩"
30,31,비,여,얇은 가디건,민소매,치마,없음,"레인부츠, 모자, 선글라스, 양산, 우산"
-3,-2,흐림,여,롱패딩,기모후드,기모바지,히트텍,"목도리, 장갑, 핫팩"
-8,-11,맑음,여,패딩,히트텍,기모바지,히트텍,"목도리, 장갑, 핫팩"
34,29,눈,여,없음,민소매,치마,없음,"모자, 부츠, 선글라스, 양산, 장갑"
-5,-3,흐림,남,롱패딩,기모후드,기모청바지,히트텍,"목도리, 장갑, 핫팩"
8,5,맑음,여,패딩,니트,기모레깅스,히트텍,없음
17,19,맑음,여,후드집업,후드티,슬랙스,없음,없음
28,23,흐림,남,얇은 가디건,민소매,반바지,없음,"모자, 선글라스, 양산"
16,16,눈,남,후드집업,맨투맨,면바지,없음,"부츠, 장갑"
14,15,맑음,남,자켓,후드티,면바지,없음,없음
5,0,눈,여,패딩,히트텍,기모레깅스,히트텍,"목도리, 부츠, 장갑, 핫팩"
27,22,비,남,없음,민소매,면반바지,없음,"레인부츠, 모자, 선글라스, 양산, 우산"
22,25,흐림,여,후드집업,맨투맨,슬랙스,없음,없음
18,15,흐림,남,자켓,맨투맨,면바지,없음,없음
5,8,눈,여,코트,니트,기모바지,히트텍,"목도리, 부츠, 장갑, 핫팩"
-1,-2,비,여,패딩,니트,기모바지,히트텍,"레인부츠, 목도리, 우산, 장갑, 핫팩"
23,23,맑음,남,후드집업,맨투맨,면바지,없음,없음
2,5,맑음,남,패딩,히트텍,기모바지,히트텍,"목도리, 장갑, 핫팩"
-10,-15,비,남,롱패딩,니트,기모바지,히트텍,"레인부츠, 목도리, 우산, 장갑, 핫팩"
6,9,비,남,코트,니트,기모청바지,히트텍,"레인부츠, 우산"
29,32,비,여,없음,민소매,반바지,없음,"레인부츠, 모자, 선글라스, 양산, 우산"
9,6,흐림,여,롱패딩,히트텍,기모치마,히트텍,없음
22,24,비,남,후드집업,후드티,면바지,얇은 이너,"레인부츠, 우산"
5,1,비,여,롱패딩,히트텍,기모바지,히트텍,"레인부츠, 목도리, 우산, 장갑, 핫팩"
30,27,흐림,남,없음,반팔,반바지,없음,"모자, 선글라스, 양산"
27,22,눈,여,얇은 가디건,반팔,치마,없음,"모자, 부츠, 선글라스, 양산, 장갑"
33,28,흐림,여,얇은 가디건,반팔,치마,없음,"모자, 선글라스, 양산"
34,31,눈,여,얇은 가디건,반팔,반바지,없음,"모자, 부츠, 선글라스, 양산, 장갑"
12,8,비,여,가디건,긴팔티,슬랙스,없음,"레인부츠, 우산"
29,25,맑음,여,얇은 가디건,민소매,반바지,없음,"모자, 선글라스, 양산"
26,28,눈,여,없음,반팔,치마,없음,"모자, 부츠, 선글라스, 양산, 장갑"
5,4,맑음,여,패딩,히트텍,기모치마,히트텍,"목도리, 장갑, 핫팩"
3,-1,흐림,남,코트,니트,기모청바지,히트텍,"목도리, 장갑, 핫팩"
-3,-3,흐림,남,패딩,기모후드,기모청바지,히트텍,"목도리, 장갑, 핫팩"
27,28,맑음,여,없음,반팔,치마,없음,"모자, 선글라스, 양산"
21,16,맑음,여,가디건,후드티,슬랙스,얇은 이너,없음
19,19,맑음,여,후드집업,맨투맨,슬랙스,얇은 이너,없음
9,9,맑음,남,코트,니트,기모청바지,히트텍,없음
28,23,눈,여,얇은 가디건,민소매,치마,없음,"모자, 부츠, 선글라스, 양산, 장갑"
28,23,맑음,남,얇은 가디건,반팔,반바지,없음,"모자, 선글라스, 양산"
11,11,맑음,남,가디건,긴팔티,슬랙스,얇은 이너,없음
12,11,비,여,가디건,후드티,청바지,없음,"레인부츠, 우산"
-8,-11,맑음,남,롱패딩,히트텍,기모바지,히트텍,"목도리, 장갑, 핫팩"
24,26,비,여,가디건,맨투맨,롱스커트,없음,"레인부츠, 우산"
16,19,비,남,가디건,후드티,면바지,없음,"레인부츠, 우산"
20,22,흐림,남,가디건,긴팔티,면바지,얇은 이너,없음
19,19,눈,여,가디건,긴팔티,슬랙스,없음,"부츠, 장갑"
29,31,흐림,여,없음,민소매,치마,없음,"모자, 선글라스, 양산"
9,8,눈,남,코트,니트,기모청바지,히트텍,"부츠, 장갑"
29,25,맑음,여,얇은 가디건,반팔,치마,없음,"모자, 선글라스, 양산"
33,30,눈,여,없음,민소매,반바지,없음,"모자, 부츠, 선글라스, 양산, 장갑"
-10,-14,눈,남,롱패딩,기모후드,기모청바지,히트텍,"목도리, 부츠, 장갑, 핫팩"
16,13,비,여,후드집업,긴팔티,슬랙스,얇은 이너,"레인부츠, 우산"
2,0,흐림,남,롱패딩,니트,기모청바지,히트텍,"목도리, 장갑, 핫팩"
33,30,눈,여,얇은 가디건,반팔,반바지,없음,"모자, 부츠, 선글라스, 양산, 장갑"
-2,1,흐림,여,패딩,니트,기모치마,히트텍,"목도리, 장갑, 핫팩"
33,32,흐림,여,없음,민소매,반바지,없음,"모자, 선글라스, 양산"
23,20,흐림,여,가디건,맨투맨,슬랙스,얇은 이너,없음
10,5,맑음,남,자켓,맨투맨,면바지,얇은 이너,없음
-1,-1,눈,여,롱패딩,히트텍,기모바지,히트텍,"목도리, 부츠, 장갑, 핫팩"
29,31,비,남,얇은 가디건,민소매,면반바지,없음,"레인부츠, 모자, 선글라스, 양산, 우산"
1,3,눈,여,패딩,니트,기모바지,히트텍,"목도리, 부츠, 장갑, 핫팩"
31,34,눈,남,없음,민소매,면반바지,없음,"모자, 부츠, 선글라스, 양산, 장갑"
21,24,맑음,여,가디건,맨투맨,청바지,없음,없음
20,15,눈,여,후드집업,맨투맨,청바지,얇은 이너,"부츠, 장갑"
2,-2,눈,남,롱패딩,기모후드,기모바지,히트텍,"목도리, 부츠, 장갑, 핫팩"
17,15,비,남,가디건,맨투맨,청바지,없음,"레인부츠, 우산"
19,20,눈,여,자켓,긴팔티,롱스커트,얇은 이너,"부츠, 장갑"
10,13,흐림,남,후드집업,맨투맨,슬랙스,얇은 이너,없음
9,8,눈,여,코트,기모후드,기모치마,히트텍,"부츠, 장갑"
26,22,흐림,여,없음,반팔,반바지,없음,"모자, 선글라스, 양산"
7,2,맑음,여,코트,기모후드,기모치마,히트텍,없음
17,19,맑음,여,자켓,긴팔티,롱스커트,없음,없음
-4,-5,흐림,여,패딩,기모후드,기모치마,히트텍,"목도리, 장갑, 핫팩"
34,32,눈,남,없음,반팔,면반바지,없음,"모자, 부츠, 선글라스, 양산, 장갑"
29,28,흐림,여,얇은 가디건,반팔,치마,없음,"모자, 선글라스, 양산"
4,-1,눈,여,패딩,기모후드,기모바지,히트텍,"목도리, 부츠, 장갑, 핫팩"
16,16,눈,남,후드집업,후드티,청바지,없음,"부츠, 장갑"
27,23,비,남,얇은 가디건,반팔,반바지,없음,"레인부츠, 모자, 선글라스, 양산, 우산"
-3,-1,비,남,코트,히트텍,기모청바지,히트텍,"레인부츠, 목도리, 우산, 장갑, 핫팩"
16,13,맑음,남,가디건,맨투맨,면바지,없음,없음
25,20,눈,여,없음,민소매,치마,없음,"모자, 부츠, 선글라스, 양산, 장갑"
-10,-9,눈,여,롱패딩,히트텍,기모바지,히트텍,"목도리, 부츠, 장갑, 핫팩"
30,32,맑음,남,없음,민소매,반바지,없음,"모자, 선글라스, 양산"
5,6,비,여,코트,니트,기모바지,히트텍,"레인부츠, 목도리, 우산, 장갑, 핫팩"
-7,-9,비,남,코트,히트텍,기모청바지,히트텍,"레인부츠, 목도리, 우산, 장갑, 핫팩"
28,27,맑음,남,얇은 가디건,반팔,면반바지,없음,"모자, 선글라스, 양산"
3,-2,비,여,패딩,기모후드,기모치마,히트텍,"레인부츠, 목도리, 우산, 장갑, 핫팩"
25,27,비,남,얇은 가디건,민소매,반바지,없음,"레인부츠, 모자, 선글라스, 양산, 우산"
7,4,맑음,남,패딩,기모후드,기모청바지,히트텍,없음
25,27,맑음,여,얇은 가디건,민소매,반바지,없음,"모자, 선글라스, 양산"
31,31,비,여,없음,민소매,반바지,없음,"레인부츠, 모자, 선글라스, 양산, 우산"
15,13,비,여,후드집업,긴팔티,롱스커트,없음,"레인부츠, 우산"
11,10,눈,남,후드집업,맨투맨,청바지,없음,"부츠, 장갑"
-10,-12,맑음,여,코트,니트,기모레깅스,히트텍,"목도리, 장갑, 핫팩"
2,4,흐림,여,패딩,히트텍,기모치마,히트텍,"목도리, 장갑, 핫팩"
32,27,비,여,없음,민소매,치마,없음,"레인부츠, 모자, 선글라스, 양산, 우산"
2,-1,맑음,남,코트,기모후드,기모청바지,히트텍,"목도리, 장갑, 핫팩"
-6,-4,눈,여,코트,히트텍,기모치마,히트텍,"목도리, 부츠, 장갑, 핫팩"
15,16,맑음,남,자켓,후드티,슬랙스,없음,없음
24,23,흐림,남,후드집업,맨투맨,면바지,얇은 이너,없음
33,29,비,남,없음,반팔,면반바지,없음,"레인부츠, 모자, 선글라스, 양산, 우산"
23,23,흐림,여,자켓,후드티,롱스커트,없음,없음
32,33,눈,여,얇은 가디건,반팔,치마,없음,"모자, 부츠, 선글라스, 양산, 장갑"
14,12,눈,남,가디건,후드티,청바지,얇은 이너,"부츠, 장갑"
-4,-5,비,여,패딩,니트,기모바지,히트텍,"레인부츠, 목도리, 우산, 장갑, 핫팩"
7,4,눈,여,롱패딩,기모후드,기모바지,히트텍,"부츠, 장갑"
31,26,맑음,여,없음,민소매,반바지,없음,"모자, 선글라스, 양산"
7,3,눈,여,패딩,기모후드,기모레깅스,히트텍,"부츠, 장갑"
27,24,맑음,남,얇은 가디건,민소매,반바지,없음,"모자, 선글라스, 양산"
15,11,흐림,여,자켓,긴팔티,슬랙스,없음,없음
34,36,눈,여,얇은 가디건,반팔,치마,없음,"모자, 부츠, 선글라스, 양산, 장갑"
29,25,눈,남,없음,민소매,면반바지,없음,"모자, 부츠, 선글라스, 양산, 장갑"
-5,-9,흐림,여,패딩,기모후드,기모치마,히트텍,"목도리, 장갑, 핫팩"
16,14,맑음,남,가디건,긴팔티,청바지,얇은 이너,없음
28,24,흐림,여,없음,반팔,치마,없음,"모자, 선글라스, 양산"
2,-3,눈,남,코트,히트텍,기모바지,히트텍,"목도리, 부츠, 장갑, 핫팩"
1,4,눈,여,코트,히트텍,기모바지,히트텍,"목도리, 부츠, 장갑, 핫팩"
7,4,맑음,남,코트,니트,기모청바지,히트텍,없음
23,25,맑음,남,자켓,후드티,슬랙스,없음,없음
-8,-13,흐림,여,코트,니트,기모레깅스,히트텍,"목도리, 장갑, 핫팩"
9,4,비,여,롱패딩,히트텍,기모치마,히트텍,"레인부츠, 우산"
28,23,눈,여,없음,반팔,치마,없음,"모자, 부츠, 선글라스, 양산, 장갑"
3,5,맑음,여,롱패딩,니트,기모치마,히트텍,"목도리, 장갑, 핫팩"
11,14,흐림,남,후드집업,맨투맨,면바지,얇은 이너,없음
29,32,눈,남,없음,민소매,면반바지,없음,"모자, 부츠, 선글라스, 양산, 장갑"
14,17,흐림,남,자켓,후드티,면바지,얇은 이너,없음
-9,-12,맑음,여,패딩,히트텍,기모치마,히트텍,"목도리, 장갑, 핫팩"
-2,-1,눈,여,코트,기모후드,기모바지,히트텍,"목도리, 부츠, 장갑, 핫팩"
16,19,흐림,여,가디건,맨투맨,슬랙스,없음,없음
-5,-4,맑음,여,코트,히트텍,기모치마,히트텍,"목도리, 장갑, 핫팩"
-1,-1,비,여,코트,히트텍,기모바지,히트텍,"레인부츠, 목도리, 우산, 장갑, 핫팩"
-3,-2,맑음,여,롱패딩,니트,기모치마,히트텍,"목도리, 장갑, 핫팩"
11,10,흐림,여,후드집업,긴팔티,슬랙스,없음,없음
18,13,흐림,여,후드집업,후드티,청바지,없음,없음
6,2,흐림,남,롱패딩,니트,기모청바지,히트텍,없음
24,24,맑음,여,후드집업,긴팔티,슬랙스,없음,없음
-4,-6,눈,여,패딩,니트,기모치마,히트텍,"목도리, 부츠, 장갑, 핫팩"
12,12,비,여,자켓,후드티,롱스커트,얇은 이너,"레인부츠, 우산"
-10,-10,흐림,여,패딩,기모후드,기모레깅스,히트텍,"목도리, 장갑, 핫팩"
16,19,흐림,여,가디건,긴팔티,슬랙스,없음,없음
18,13,흐림,여,후드집업,긴팔티,롱스커트,얇은 이너,없음
1,-4,흐림,남,롱패딩,기모후드,기모바지,히트텍,"목도리, 장갑, 핫팩"
-1,0,비,남,패딩,니트,기모청바지,히트텍,"레인부츠, 목도리, 우산, 장갑, 핫팩"
35,38,흐림,여,얇은 가디건,민소매,치마,없음,"모자, 선글라스, 양산"
7,9,비,남,코트,기모후드,기모청바지,히트텍,"레인부츠, 우산"
-7,-7,눈,남,패딩,니트,기모청바지,히트텍,"목도리, 부츠, 장갑, 핫팩"
18,13,비,남,후드집업,후드티,면바지,얇은 이너,"레인부츠, 우산"
-5,-5,맑음,남,코트,기모후드,기모바지,히트텍,"목도리, 장갑, 핫팩"
13,13,비,남,자켓,맨투맨,슬랙스,얇은 이너,"레인부츠, 우산"
5,3,눈,여,코트,히트텍,기모레깅스,히트텍,"목도리, 부츠, 장갑, 핫팩"
15,18,흐림,남,가디건,맨투맨,슬랙스,없음,없음
21,24,맑음,남,자켓,맨투맨,청바지,없음,없음
26,21,비,여,없음,민소매,반바지,없음,"레인부츠, 모자, 선글라스, 양산, 우산"
20,16,맑음,남,가디건,맨투맨,슬랙스,얇은 이너,없음
-4,-7,눈,남,롱패딩,기모후드,기모바지,히트텍,"목도리, 부츠, 장갑, 핫팩"
10,8,흐림,여,후드집업,맨투맨,롱스커트,얇은 이너,없음
20,21,비,남,자켓,긴팔티,청바지,없음,"레인부츠, 우산"
-6,-9,비,남,패딩,니트,기모청바지,히트텍,"레인부츠, 목도리, 우산, 장갑, 핫팩"
22,22,눈,남,자켓,맨투맨,슬랙스,없음,"부츠, 장갑"
-3,-2,비,여,코트,니트,기모치마,히트텍,"레인부츠, 목도리, 우산, 장갑, 핫팩"
-7,-11,맑음,남,패딩,기모후드,기모바지,히트텍,"목도리, 장갑, 핫팩"
-3,-1,비,여,롱패딩,기모후드,기모치마,히트텍,"레인부츠, 목도리, 우산, 장갑, 핫팩"
17,18,비,여,가디건,맨투맨,롱스커트,얇은 이너,"레인부츠, 우산"
4,1,비,남,코트,기모후드,기모바지,히트텍,"레인부츠, 목도리, 우산, 장갑, 핫팩"
31,34,흐림,남,얇은 가디건,반팔,반바지,없음,"모자, 선글라스, 양산"
21,23,눈,여,자켓,후드티,슬랙스,없음,"부츠, 장갑"
33,36,흐림,남,없음,민소매,면반바지,없음,"모자, 선글라스, 양산"
26,25,흐림,남,얇은 가디건,반팔,면반바지,없음,"모자, 선글라스, 양산"
18,17,비,남,후드집업,후드티,청바지,없음,"레인부츠, 우산"
10,9,비,남,후드집업,맨투맨,슬랙스,얇은 이너,"레인부츠, 우산"
12,11,비,여,자켓,긴팔티,롱스커트,없음,"레인부츠, 우산"
30,27,눈,여,얇은 가디건,반팔,치마,없음,"모자, 부츠, 선글라스, 양산, 장갑"
-4,-9,눈,남,패딩,니트,기모청바지,히트텍,"목도리, 부츠, 장갑, 핫팩"
9,8,눈,남,롱패딩,기모후드,기모청바지,히트텍,"부츠, 장갑"
30,29,눈,남,얇은 가디건,반팔,면반바지,없음,"모자, 부츠, 선글라스, 양산, 장갑"
25,20,눈,여,없음,민소매,반바지,없음,"모자, 부츠, 선글라스, 양산, 장갑"
21,22,맑음,여,후드집업,긴팔티,청바지,없음,없음
5,6,눈,여,패딩,니트,기모치마,히트텍,"목도리, 부츠, 장갑, 핫팩"
-4,-3,흐림,남,패딩,히트텍,기모바지,히트텍,"목도리, 장갑, 핫팩"
8,6,흐림,남,패딩,히트텍,기모청바지,히트텍,없음
29,32,흐림,남,얇은 가디건,반팔,반바지,없음,"모자, 선글라스, 양산"
0,2,비,여,롱패딩,히트텍,기모레깅스,히트텍,"레인부츠, 목도리, 우산, 장갑, 핫팩"
-9,-6,흐림,여,롱패딩,니트,기모바지,히트텍,"목도리, 장갑, 핫팩"
20,17,눈,여,후드집업,후드티,청바지,없음,"부츠, 장갑"
14,13,비,여,가디건,맨투맨,롱스커트,얇은 이너,"레인부츠, 우산"
27,23,흐림,남,얇은 가디건,반팔,반바지,없음,"모자, 선글라스, 양산"
12,15,눈,여,가디건,맨투맨,롱스커트,없음,"부츠, 장갑"
11,10,눈,여,가디건,맨투맨,슬랙스,얇은 이너,"부츠, 장갑"
20,18,흐림,남,자켓,긴팔티,슬랙스,얇은 이너,없음
23,18,흐림,여,후드집업,긴팔티,슬랙스,없음,없음
-8,-8,흐림,여,코트,기모후드,기모치마,히트텍,"목도리, 장갑, 핫팩"
13,12,눈,남,자켓,맨투맨,면바지,없음,"부츠, 장갑"
7,5,흐림,남,패딩,히트텍,기모바지,히트텍,없음
14,14,흐림,남,후드집업,긴팔티,청바지,얇은 이너,없음
21,22,눈,여,가디건,후드티,청바지,얇은 이너,"부츠, 장갑"
13,11,맑음,남,가디건,맨투맨,면바지,없음,없음
22,21,흐림,남,후드집업,긴팔티,슬랙스,얇은 이너,없음
4,6,비,여,롱패딩,니트,기모치마,히트텍,"레인부츠, 목도리, 우산, 장갑, 핫팩"
8,3,맑음,여,패딩,니트,기모레깅스,히트텍,없음
7,5,비,남,패딩,히트텍,기모바지,히트텍,"레인부츠, 우산"
3,0,눈,남,롱패딩,니트,기모청바지,히트텍,"목도리, 부츠, 장갑, 핫팩"
1,-1,흐림,여,패딩,히트텍,기모치마,히트텍,"목도리, 장갑, 핫팩"
17,19,비,남,자켓,긴팔티,면바지,얇은 이너,"레인부츠, 우산"
14,13,맑음,남,가디건,긴팔티,면바지,없음,없음
15,18,비,남,가디건,긴팔티,면바지,얇은 이너,"레인부츠, 우산"
21,20,눈,남,가디건,긴팔티,슬랙스,얇은 이너,"부츠, 장갑"
24,24,흐림,남,자켓,맨투맨,청바지,얇은 이너,없음
22,24,눈,남,후드집업,맨투맨,청바지,얇은 이너,"부츠, 장갑"
3,3,비,여,코트,기모후드,기모레깅스,히트텍,"레인부츠, 목도리, 우산, 장갑, 핫팩"
12,13,흐림,남,가디건,후드티,슬랙스,없음,없음
-5,-10,비,여,코트,니트,기모바지,히트텍,"레인부츠, 목도리, 우산, 장갑, 핫팩"
9,12,비,남,패딩,기모후드,기모청바지,히트텍,"레인부츠, 우산"
33,31,맑음,여,얇은 가디건,민소매,반바지,없음,"모자, 선글라스, 양산"
8,10,눈,여,코트,기모후드,기모바지,히트텍,"부츠, 장갑"
2,-1,눈,여,패딩,니트,기모바지,히트텍,"목도리, 부츠, 장갑, 핫팩"
-5,-2,맑음,남,롱패딩,니트,기모청바지,히트텍,"목도리, 장갑, 핫팩"
29,28,흐림,남,없음,반팔,반바지,없음,"모자, 선글라스, 양산"
9,8,맑음,남,롱패딩,히트텍,기모청바지,히트텍,없음
12,7,맑음,여,자켓,후드티,슬랙스,없음,없음
1,-4,맑음,여,패딩,니트,기모치마,히트텍,"목도리, 장갑, 핫팩"
14,10,맑음,여,후드집업,후드티,롱스커트,없음,없음
4,7,눈,남,패딩,히트텍,기모청바지,히트텍,"목도리, 부츠, 장갑, 핫팩"
-2,-7,비,남,패딩,히트텍,기모바지,히트텍,"레인부츠, 목도리, 우산, 장갑, 핫팩"
13,15,비,남,가디건,맨투맨,면바지,없음,"레인부츠, 우산"
-10,-7,맑음,남,패딩,기모후드,기모청바지,히트텍,"목도리, 장갑, 핫팩"
-5,-6,비,여,패딩,기모후드,기모치마,히트텍,"레인부츠, 목도리, 우산, 장갑, 핫팩"
1,1,흐림,여,패딩,기모후드,기모치마,히트텍,"목도리, 장갑, 핫팩"
3,5,비,여,롱패딩,히트텍,기모바지,히트텍,"레인부츠, 목도리, 우산, 장갑, 핫팩"
-8,-12,흐림,여,패딩,히트텍,기모바지,히트텍,"목도리, 장갑, 핫팩"
-6,-4,비,남,코트,히트텍,기모바지,히트텍,"레인부츠, 목도리, 우산, 장갑, 핫팩"
22,24,흐림,여,가디건,후드티,롱스커트,없음,없음
33,36,비,남,없음,민소매,면반바지,없음,"레인부츠, 모자, 선글라스, 양산, 우산"
-2,1,흐림,남,코트,히트텍,기모청바지,히트텍,"목도리, 장갑, 핫팩"
5,4,비,여,코트,니트,기모치마,히트텍,"레인부츠, 목도리, 우산, 장갑, 핫팩"
7,9,맑음,여,코트,히트텍,기모레깅스,히트텍,없음
30,31,맑음,남,얇은 가디건,반팔,반바지,없음,"모자, 선글라스, 양산"
-1,2,흐림,여,롱패딩,니트,기모레깅스,히트텍,"목도리, 장갑, 핫팩"
21,20,비,여,자켓,긴팔티,롱스커트,없음,"레인부츠, 우산"
26,26,맑음,여,얇은 가디건,민소매,반바지,없음,"모자, 선글라스, 양산"
-4,-4,비,남,패딩,기모후드,기모바지,히트텍,"레인부츠, 목도리, 우산, 장갑, 핫팩"
24,22,맑음,남,자켓,긴팔티,슬랙스,얇은 이너,없음
-5,-10,흐림,남,롱패딩,니트,기모바지,히트텍,"목도리, 장갑, 핫팩"
-4,-7,비,남,패딩,기모후드,기모청바지,히트텍,"레인부츠, 목도리, 우산, 장갑, 핫팩"
5,3,비,남,패딩,니트,기모바지,히트텍,"레인부츠, 목도리, 우산, 장갑, 핫팩"
-5,-7,비,여,코트,니트,기모바지,히트텍,"레인부츠, 목도리, 우산, 장갑, 핫팩"
13,12,비,여,자켓,긴팔티,슬랙스,얇은 이너,"레인부츠, 우산"
15,11,흐림,남,자켓,후드티,슬랙스,얇은 이너,없음
-3,-7,맑음,남,패딩,니트,기모바지,히트텍,"목도리, 장갑, 핫팩"
-3,-4,흐림,여,패딩,기모후드,기모레깅스,히트텍,"목도리, 장갑, 핫팩"
10,7,눈,남,자켓,후드티,청바지,없음,"부츠, 장갑"
-3,-4,눈,여,패딩,기모후드,기모바지,히트텍,"목도리, 부츠, 장갑, 핫팩"
5,4,흐림,남,패딩,기모후드,기모바지,히트텍,"목도리, 장갑, 핫팩"
23,21,흐림,남,가디건,긴팔티,슬랙스,얇은 이너,없음
-9,-11,맑음,여,코트,기모후드,기모치마,히트텍,"목도리, 장갑, 핫팩"
31,33,비,남,없음,민소매,면반바지,없음,"레인부츠, 모자, 선글라스, 양산, 우산"
-8,-6,맑음,여,롱패딩,기모후드,기모레깅스,히트텍,"목도리, 장갑, 핫팩"
-2,-3,흐림,여,패딩,니트,기모레깅스,히트텍,"목도리, 장갑, 핫팩"
20,17,맑음,여,가디건,맨투맨,청바지,얇은 이너,없음
9,10,맑음,여,패딩,기모후드,기모바지,히트텍,없음
-1,-3,눈,남,패딩,히트텍,기모바지,히트텍,"목도리, 부츠, 장갑, 핫팩"
30,32,맑음,남,얇은 가디건,민소매,반바지,없음,"모자, 선글라스, 양산"
7,6,눈,여,코트,히트텍,기모치마,히트텍,"부츠, 장갑"
14,14,흐림,남,가디건,긴팔티,면바지,없음,없음
9,9,흐림,남,패딩,기모후드,기모청바지,히트텍,없음
30,25,맑음,여,없음,민소매,치마,없음,"모자, 선글라스, 양산"
35,38,눈,남,없음,민소매,면반바지,없음,"모자, 부츠, 선글라스, 양산, 장갑"
27,22,비,남,얇은 가디건,민소매,반바지,없음,"레인부츠, 모자, 선글라스, 양산, 우산"
15,16,비,남,가디건,맨투맨,면바지,없음,"레인부츠, 우산"
19,15,비,남,후드집업,긴팔티,청바지,얇은 이너,"레인부츠, 우산"
-10,-13,맑음,여,코트,니트,기모바지,히트텍,"목도리, 장갑, 핫팩"
-8,-11,눈,남,코트,니트,기모바지,히트텍,"목도리, 부츠, 장갑, 핫팩"
-10,-12,흐림,남,패딩,니트,기모청바지,히트텍,"목도리, 장갑, 핫팩"
8,11,비,여,롱패딩,니트,기모치마,히트텍,"레인부츠, 우산"
19,14,비,여,자켓,맨투맨,슬랙스,없음,"레인부츠, 우산"
27,24,비,여,얇은 가디건,민소매,반바지,없음,"레인부츠, 모자, 선글라스, 양산, 우산"
11,10,흐림,여,후드집업,맨투맨,슬랙스,없음,없음
10,12,흐림,남,자켓,후드티,청바지,없음,없음
6,5,흐림,여,코트,기모후드,기모치마,히트텍,없음
6,7,맑음,남,롱패딩,히트텍,기모청바지,히트텍,없음
28,28,맑음,여,없음,반팔,치마,없음,"모자, 선글라스, 양산"
1,3,눈,남,패딩,히트텍,기모바지,히트텍,"목도리, 부츠, 장갑, 핫팩"
-5,-7,맑음,여,롱패딩,기모후드,기모레깅스,히트텍,"목도리, 장갑, 핫팩"
18,17,비,여,자켓,후드티,롱스커트,얇은 이너,"레인부츠, 우산"
3,1,비,남,코트,기모후드,기모바지,히트텍,"레인부츠, 목도리, 우산, 장갑, 핫팩"
28,23,맑음,남,얇은 가디건,반팔,반바지,없음,"모자, 선글라스, 양산"
35,36,비,남,얇은 가디건,민소매,면반바지,없음,"레인부츠, 모자, 선글라스, 양산, 우산"
20,23,흐림,여,자켓,후드티,슬랙스,얇은 이너,없음
6,8,눈,여,롱패딩,히트텍,기모치마,히트텍,"부츠, 장갑"
25,26,비,남,없음,반팔,면반바지,없음,"레인부츠, 모자, 선글라스, 양산, 우산"
1,3,흐림,여,패딩,니트,기모레깅스,히트텍,"목도리, 장갑, 핫팩"
5,6,맑음,남,롱패딩,기모후드,기모청바지,히트텍,"목도리, 장갑, 핫팩"
10,10,비,여,후드집업,후드티,슬랙스,얇은 이너,"레인부츠, 우산"
8,11,맑음,여,패딩,히트텍,기모바지,히트텍,없음
19,18,비,여,후드집업,맨투맨,청바지,없음,"레인부츠, 우산"
16,18,흐림,여,후드집업,후드티,슬랙스,얇은 이너,없음
-10,-13,비,여,코트,기모후드,기모바지,히트텍,"레인부츠, 목도리, 우산, 장갑, 핫팩"
31,30,눈,남,얇은 가디건,반팔,반바지,없음,"모자, 부츠, 선글라스, 양산, 장갑"
18,14,맑음,여,가디건,긴팔티,청바지,얇은 이너,없음
32,32,흐림,남,얇은 가디건,민소매,면반바지,없음,"모자, 선글라스, 양산"
19,18,눈,여,후드집업,후드티,청바지,얇은 이너,"부츠, 장갑"
10,7,비,남,후드집업,후드티,슬랙스,얇은 이너,"레인부츠, 우산"
-6,-6,비,남,코트,히트텍,기모바지,히트텍,"레인부츠, 목도리, 우산, 장갑, 핫팩"
28,28,비,여,없음,민소매,반바지,없음,"레인부츠, 모자, 선글라스, 양산, 우산"
20,16,눈,여,후드집업,긴팔티,롱스커트,얇은 이너,"부츠, 장갑"
7,4,눈,남,패딩,니트,기모청바지,히트텍,"부츠, 장갑"
10,10,흐림,남,자켓,후드티,슬랙스,얇은 이너,없음
-6,-6,맑음,여,코트,기모후드,기모바지,히트텍,"목도리, 장갑, 핫팩"
18,17,비,남,자켓,후드티,면바지,없음,"레인부츠, 우산"
30,28,맑음,남,얇은 가디건,반팔,면반바지,없음,"모자, 선글라스, 양산"
4,7,흐림,여,패딩,히트텍,기모치마,히트텍,"목도리, 장갑, 핫팩"
33,32,맑음,여,얇은 가디건,반팔,반바지,없음,"모자, 선글라스, 양산"
9,6,맑음,여,롱패딩,니트,기모레깅스,히트텍,없음
5,8,맑음,여,패딩,니트,기모치마,히트텍,"목도리, 장갑, 핫팩"
9,8,맑음,남,롱패딩,기모후드,기모청바지,히트텍,없음
-3,-4,비,남,롱패딩,기모후드,기모청바지,히트텍,"레인부츠, 목도리, 우산, 장갑, 핫팩"
8,3,흐림,남,롱패딩,니트,기모청바지,히트텍,없음
35,30,맑음,여,없음,민소매,치마,없음,"모자, 선글라스, 양산"
22,18,눈,남,자켓,후드티,면바지,없음,"부츠, 장갑"
-9,-12,비,여,패딩,니트,기모바지,히트텍,"레인부츠, 목도리, 우산, 장갑, 핫팩"
33,28,흐림,여,얇은 가디건,반팔,치마,없음,"모자, 선글라스, 양산"
8,7,눈,여,패딩,히트텍,기모치마,히트텍,"부츠, 장갑"
20,21,눈,남,후드집업,후드티,슬랙스,얇은 이너,"부츠, 장갑"
-7,-8,비,남,롱패딩,니트,기모바지,히트텍,"레인부츠, 목도리, 우산, 장갑, 핫팩"
28,25,눈,남,없음,반팔,반바지,없음,"모자, 부츠, 선글라스, 양산, 장갑"
35,36,흐림,남,없음,민소매,반바지,없음,"모자, 선글라스, 양산"
35,33,눈,여,얇은 가디건,반팔,반바지,없음,"모자, 부츠, 선글라스, 양산, 장갑"
33,30,맑음,남,얇은 가디건,민소매,면반바지,없음,"모자, 선글라스, 양산"
6,2,비,여,롱패딩,히트텍,기모치마,히트텍,"레인부츠, 우산"
17,18,눈,여,가디건,후드티,슬랙스,얇은 이너,"부츠, 장갑"
35,33,흐림,남,얇은 가디건,반팔,면반바지,없음,"모자, 선글라스, 양산"
2,1,맑음,여,롱패딩,니트,기모레깅스,히트텍,"목도리, 장갑, 핫팩"
-8,-7,흐림,남,패딩,히트텍,기모바지,히트텍,"목도리, 장갑, 핫팩"
17,14,눈,여,자켓,맨투맨,청바지,없음,"부츠, 장갑"
12,12,맑음,여,자켓,긴팔티,롱스커트,얇은 이너,없음
-5,-6,눈,여,롱패딩,기모후드,기모치마,히트텍,"목도리, 부츠, 장갑, 핫팩"
10,9,흐림,여,가디건,맨투맨,롱스커트,얇은 이너,없음
20,23,맑음,남,자켓,후드티,슬랙스,얇은 이너,없음
3,-2,눈,남,코트,니트,기모청바지,히트텍,"목도리, 부츠, 장갑, 핫팩"
16,15,눈,여,후드집업,긴팔티,슬랙스,없음,"부츠, 장갑"
-8,-13,눈,남,패딩,기모후드,기모바지,히트텍,"목도리, 부츠, 장갑, 핫팩"
-10,-14,흐림,여,롱패딩,니트,기모바지,히트텍,"목도리, 장갑, 핫팩"
-4,-9,흐림,여,코트,기모후드,기모레깅스,히트텍,"목도리, 장갑, 핫팩"
-8,-6,흐림,남,코트,기모후드,기모청바지,히트텍,"목도리, 장갑, 핫팩"
19,18,흐림,여,자켓,맨투맨,청바지,없음,없음
12,13,눈,여,후드집업,긴팔티,청바지,없음,"부츠, 장갑"
24,27,맑음,남,후드집업,긴팔티,청바지,얇은 이너,없음
-5,-10,비,남,코트,기모후드,기모청바지,히트텍,"레인부츠, 목도리, 우산, 장갑, 핫팩"
19,14,비,남,자켓,후드티,면바지,얇은 이너,"레인부츠, 우산"
-1,-4,흐림,남,패딩,기모후드,기모바지,히트텍,"목도리, 장갑, 핫팩"
3,5,눈,남,코트,니트,기모바지,히트텍,"목도리, 부츠, 장갑, 핫팩"
19,21,맑음,남,후드집업,긴팔티,면바지,없음,없음
27,28,비,여,얇은 가디건,민소매,치마,없음,"레인부츠, 모자, 선글라스, 양산, 우산"
5,8,비,남,롱패딩,기모후드,기모청바지,히트텍,"레인부츠, 목도리, 우산, 장갑, 핫팩"
25,25,눈,남,얇은 가디건,민소매,반바지,없음,"모자, 부츠, 선글라스, 양산, 장갑"
14,13,맑음,남,자켓,후드티,면바지,얇은 이너,없음
35,32,눈,여,없음,민소매,반바지,없음,"모자, 부츠, 선글라스, 양산, 장갑"
7,10,눈,남,패딩,히트텍,기모청바지,히트텍,"부츠, 장갑"
32,34,맑음,남,없음,반팔,반바지,없음,"모자, 선글라스, 양산"
2,3,흐림,남,코트,니트,기모청바지,히트텍,"목도리, 장갑, 핫팩"
30,25,흐림,남,얇은 가디건,민소매,반바지,없음,"모자, 선글라스, 양산"
1,2,비,여,코트,히트텍,기모바지,히트텍,"레인부츠, 목도리, 우산, 장갑, 핫팩"
23,19,비,남,가디건,후드티,면바지,없음,"레인부츠, 우산"
5,2,눈,남,패딩,기모후드,기모청바지,히트텍,"목도리, 부츠, 장갑, 핫팩"
10,5,흐림,남,가디건,후드티,슬랙스,얇은 이너,없음
1,-2,맑음,남,코트,기모후드,기모청바지,히트텍,"목도리, 장갑, 핫팩"
-6,-6,흐림,남,패딩,히트텍,기모바지,히트텍,"목도리, 장갑, 핫팩"
17,13,눈,남,후드집업,긴팔티,면바지,얇은 이너,"부츠, 장갑"
6,2,맑음,여,코트,기모후드,기모바지,히트텍,없음
8,4,눈,남,패딩,히트텍,기모바지,히트텍,"부츠, 장갑"
35,32,비,남,얇은 가디건,반팔,면반바지,없음,"레인부츠, 모자, 선글라스, 양산, 우산"
-8,-11,흐림,남,패딩,히트텍,기모청바지,히트텍,"목도리, 장갑, 핫팩"
11,9,눈,여,자켓,긴팔티,롱스커트,없음,"부츠, 장갑"
9,10,맑음,여,롱패딩,기모후드,기모치마,히트텍,없음
5,1,흐림,남,롱패딩,니트,기모청바지,히트텍,"목도리, 장갑, 핫팩"
8,8,맑음,여,롱패딩,기모후드,기모레깅스,히트텍,없음
11,10,비,여,가디건,맨투맨,슬랙스,없음,"레인부츠, 우산"
35,35,비,여,얇은 가디건,민소매,치마,없음,"레인부츠, 모자, 선글라스, 양산, 우산"
-8,-9,흐림,남,롱패딩,기모후드,기모바지,히트텍,"목도리, 장갑, 핫팩"
-3,-8,비,여,롱패딩,기모후드,기모레깅스,히트텍,"레인부츠, 목도리, 우산, 장갑, 핫팩"
27,26,맑음,여,없음,반팔,치마,없음,"모자, 선글라스, 양산"
7,3,맑음,남,롱패딩,니트,기모바지,히트텍,없음
-1,-1,흐림,여,롱패딩,니트,기모레깅스,히트텍,"목도리, 장갑, 핫팩"
3,-1,맑음,남,롱패딩,히트텍,기모바지,히트텍,"목도리, 장갑, 핫팩"
14,17,비,남,후드집업,후드티,청바지,없음,"레인부츠, 우산"
-8,-6,비,여,코트,히트텍,기모치마,히트텍,"레인부츠, 목도리, 우산, 장갑, 핫팩"
31,31,비,남,얇은 가디건,민소매,면반바지,없음,"레인부츠, 모자, 선글라스, 양산, 우산"
25,24,비,여,없음,반팔,치마,없음,"레인부츠, 모자, 선글라스, 양산, 우산"
31,31,눈,여,없음,반팔,반바지,없음,"모자, 부츠, 선글라스, 양산, 장갑"
23,22,흐림,남,가디건,후드티,면바지,얇은 이너,없음
35,38,비,여,얇은 가디건,민소매,반바지,없음,"레인부츠, 모자, 선글라스, 양산, 우산"
6,6,눈,남,롱패딩,기모후드,기모바지,히트텍,"부츠, 장갑"
20,18,맑음,여,후드집업,맨투맨,청바지,없음,없음
27,23,눈,여,없음,반팔,치마,없음,"모자, 부츠, 선글라스, 양산, 장갑"
28,26,비,여,없음,민소매,반바지,없음,"레인부츠, 모자, 선글라스, 양산, 우산"
32,32,비,여,얇은 가디건,반팔,반바지,없음,"레인부츠, 모자, 선글라스, 양산, 우산"
25,24,맑음,여,얇은 가디건,반팔,치마,없음,"모자, 선글라스, 양산"
24,26,맑음,남,자켓,맨투맨,청바지,얇은 이너,없음
-7,-10,비,남,롱패딩,니트,기모청바지,히트텍,"레인부츠, 목도리, 우산, 장갑, 핫팩"
26,28,흐림,여,얇은 가디건,민소매,반바지,없음,"모자, 선글라스, 양산"
12,7,흐림,여,자켓,후드티,롱스커트,없음,없음
21,19,흐림,남,후드집업,맨투맨,면바지,없음,없음
16,12,흐림,남,후드집업,긴팔티,면바지,얇은 이너,없음
9,6,눈,여,롱패딩,기모후드,기모바지,히트텍,"부츠, 장갑"
-5,-8,비,여,롱패딩,기모후드,기모바지,히트텍,"레인부츠, 목도리, 우산, 장갑, 핫팩"
32,34,흐림,여,얇은 가디건,민소매,치마,없음,"모자, 선글라스, 양산"
22,21,맑음,여,가디건,맨투맨,슬랙스,얇은 이너,없음
-9,-13,맑음,남,롱패딩,기모후드,기모청바지,히트텍,"목도리, 장갑, 핫팩"
11,11,흐림,여,가디건,긴팔티,롱스커트,얇은 이너,없음
7,2,눈,여,롱패딩,기모후드,기모바지,히트텍,"부츠, 장갑"
25,28,비,남,얇은 가디건,민소매,면반바지,없음,"레인부츠, 모자, 선글라스, 양산, 우산"
25,24,비,여,없음,반팔,치마,없음,"레인부츠, 모자, 선글라스, 양산, 우산"
32,28,맑음,여,얇은 가디건,반팔,반바지,없음,"모자, 선글라스, 양산"
2,-3,비,남,롱패딩,기모후드,기모청바지,히트텍,"레인부츠, 목도리, 우산, 장갑, 핫팩"
23,25,흐림,남,가디건,긴팔티,청바지,얇은 이너,없음
23,26,흐림,여,자켓,긴팔티,청바지,얇은 이너,없음
17,15,눈,여,가디건,맨투맨,롱스커트,없음,"부츠, 장갑"
9,9,흐림,여,롱패딩,니트,기모바지,히트텍,없음
29,24,흐림,여,없음,민소매,치마,없음,"모자, 선글라스, 양산"
18,18,흐림,여,후드집업,긴팔티,슬랙스,얇은 이너,없음
20,16,눈,남,가디건,후드티,슬랙스,없음,"부츠, 장갑"
5,8,눈,여,코트,니트,기모바지,히트텍,"목도리, 부츠, 장갑, 핫팩"
16,11,흐림,남,가디건,맨투맨,슬랙스,없음,없음
17,19,맑음,남,가디건,긴팔티,면바지,얇은 이너,없음
3,-2,눈,남,코트,니트,기모바지,히트텍,"목도리, 부츠, 장갑, 핫팩"
-2,0,눈,여,패딩,히트텍,기모치마,히트텍,"목도리, 부츠, 장갑, 핫팩"
32,33,맑음,여,없음,민소매,반바지,없음,"모자, 선글라스, 양산"
11,7,맑음,여,자켓,후드티,롱스커트,얇은 이너,없음
11,6,비,여,자켓,후드티,청바지,얇은 이너,"레인부츠, 우산"
33,29,흐림,남,얇은 가디건,반팔,반바지,없음,"모자, 선글라스, 양산"
-5,-7,눈,여,롱패딩,니트,기모바지,히트텍,"목도리, 부츠, 장갑, 핫팩"
-5,-9,눈,남,롱패딩,기모후드,기모청바지,히트텍,"목도리, 부츠, 장갑, 핫팩"
-2,-2,맑음,남,롱패딩,기모후드,기모바지,히트텍,"목도리, 장갑, 핫팩"
13,8,맑음,여,가디건,긴팔티,롱스커트,없음,없음
29,28,비,여,얇은 가디건,민소매,반바지,없음,"레인부츠, 모자, 선글라스, 양산, 우산"
27,25,흐림,여,얇은 가디건,반팔,반바지,없음,"모자, 선글라스, 양산"
10,7,맑음,남,자켓,후드티,청바지,없음,없음
26,26,흐림,남,없음,반팔,면반바지,없음,"모자, 선글라스, 양산"
27,23,눈,남,얇은 가디건,민소매,반바지,없음,"모자, 부츠, 선글라스, 양산, 장갑"
-9,-12,흐림,남,패딩,히트텍,기모바지,히트텍,"목도리, 장갑, 핫팩"
16,19,비,남,가디건,맨투맨,슬랙스,없음,"레인부츠, 우산"
32,35,눈,여,얇은 가디건,반팔,반바지,없음,"모자, 부츠, 선글라스, 양산, 장갑"
4,4,맑음,여,코트,기모후드,기모바지,히트텍,"목도리, 장갑, 핫팩"
13,10,흐림,남,후드집업,맨투맨,청바지,얇은 이너,없음
-1,-3,맑음,남,패딩,기모후드,기모청바지,히트텍,"목도리, 장갑, 핫팩"
-7,-11,맑음,여,패딩,히트텍,기모바지,히트텍,"목도리, 장갑, 핫팩"
-1,-2,눈,여,패딩,니트,기모바지,히트텍,"목도리, 부츠, 장갑, 핫팩"
11,12,흐림,여,가디건,후드티,롱스커트,없음,없음
19,19,맑음,여,자켓,맨투맨,슬랙스,없음,없음
12,8,맑음,남,후드집업,맨투맨,청바지,얇은 이너,없음
-4,-4,흐림,여,롱패딩,히트텍,기모치마,히트텍,"목도리, 장갑, 핫팩"
4,2,눈,여,코트,히트텍,기모치마,히트텍,"목도리, 부츠, 장갑, 핫팩"
-8,-12,비,남,패딩,히트텍,기모바지,히트텍,"레인부츠, 목도리, 우산, 장갑, 핫팩"
33,32,눈,남,얇은 가디건,민소매,반바지,없음,"모자, 부츠, 선글라스, 양산, 장갑"
24,23,맑음,남,가디건,후드티,슬랙스,없음,없음
20,23,맑음,여,자켓,맨투맨,청바지,얇은 이너,없음
35,35,맑음,남,얇은 가디건,반팔,면반바지,없음,"모자, 선글라스, 양산"
-5,-10,맑음,여,코트,기모후드,기모레깅스,히트텍,"목도리, 장갑, 핫팩"
30,25,흐림,남,없음,반팔,반바지,없음,"모자, 선글라스, 양산"
32,28,흐림,여,얇은 가디건,민소매,치마,없음,"모자, 선글라스, 양산"
29,29,눈,남,없음,반팔,면반바지,없음,"모자, 부츠, 선글라스, 양산, 장갑"
8,7,비,여,패딩,기모후드,기모레깅스,히트텍,"레인부츠, 우산"
35,30,비,남,없음,반팔,면반바지,없음,"레인부츠, 모자, 선글라스, 양산, 우산"
-7,-9,눈,여,롱패딩,니트,기모치마,히트텍,"목도리, 부츠, 장갑, 핫팩"
25,28,눈,여,얇은 가디건,반팔,반바지,없음,"모자, 부츠, 선글라스, 양산, 장갑"
23,24,비,여,가디건,긴팔티,롱스커트,얇은 이너,"레인부츠, 우산"
31,30,흐림,여,없음,반팔,반바지,없음,"모자, 선글라스, 양산"
21,22,비,남,후드집업,후드티,청바지,없음,"레인부츠, 우산"
28,30,맑음,여,없음,반팔,반바지,없음,"모자, 선글라스, 양산"
32,27,눈,여,없음,민소매,반바지,없음,"모자, 부츠, 선글라스, 양산, 장갑"
5,5,비,남,롱패딩,기모후드,기모청바지,히트텍,"레인부츠, 목도리, 우산, 장갑, 핫팩"
-3,0,맑음,남,패딩,히트텍,기모바지,히트텍,"목도리, 장갑, 핫팩"
5,4,비,남,패딩,히트텍,기모바지,히트텍,"레인부츠, 목도리, 우산, 장갑, 핫팩"
6,6,비,남,롱패딩,히트텍,기모청바지,히트텍,"레인부츠, 우산"
20,18,비,남,자켓,맨투맨,청바지,얇은 이너,"레인부츠, 우산"
21,21,눈,여,가디건,후드티,슬랙스,없음,"부츠, 장갑"
7,2,맑음,여,코트,기모후드,기모치마,히트텍,없음
32,27,비,남,없음,반팔,면반바지,없음,"레인부츠, 모자, 선글라스, 양산, 우산"
13,14,비,여,가디건,긴팔티,롱스커트,없음,"레인부츠, 우산"
5,3,맑음,여,롱패딩,니트,기모레깅스,히트텍,"목도리, 장갑, 핫팩"
-10,-14,비,여,롱패딩,히트텍,기모레깅스,히트텍,"레인부츠, 목도리, 우산, 장갑, 핫팩"
1,-1,맑음,여,코트,히트텍,기모바지,히트텍,"목도리, 장갑, 핫팩"
27,24,흐림,남,얇은 가디건,민소매,면반바지,없음,"모자, 선글라스, 양산"
33,31,비,여,얇은 가디건,민소매,반바지,없음,"레인부츠, 모자, 선글라스, 양산, 우산"
32,32,눈,남,얇은 가디건,반팔,반바지,없음,"모자, 부츠, 선글라스, 양산, 장갑"
22,21,맑음,여,자켓,맨투맨,슬랙스,없음,없음
32,30,흐림,남,얇은 가디건,민소매,면반바지,없음,"모자, 선글라스, 양산"
33,33,눈,남,얇은 가디건,민소매,면반바지,없음,"모자, 부츠, 선글라스, 양산, 장갑"
22,24,눈,남,후드집업,맨투맨,면바지,얇은 이너,"부츠, 장갑"
19,20,비,여,가디건,긴팔티,청바지,없음,"레인부츠, 우산"
35,36,맑음,남,없음,민소매,반바지,없음,"모자, 선글라스, 양산"
-7,-4,비,남,패딩,히트텍,기모청바지,히트텍,"레인부츠, 목도리, 우산, 장갑, 핫팩"
-8,-5,흐림,여,코트,니트,기모바지,히트텍,"목도리, 장갑, 핫팩"
30,25,눈,여,없음,반팔,반바지,없음,"모자, 부츠, 선글라스, 양산, 장갑"
-4,-4,흐림,여,패딩,니트,기모바지,히트텍,"목도리, 장갑, 핫팩"
29,26,맑음,남,얇은 가디건,민소매,반바지,없음,"모자, 선글라스, 양산"
3,6,흐림,여,코트,히트텍,기모바지,히트텍,"목도리, 장갑, 핫팩"
10,8,흐림,여,후드집업,맨투맨,청바지,없음,없음
12,7,맑음,여,자켓,맨투맨,청바지,없음,없음
10,7,맑음,여,자켓,후드티,롱스커트,없음,없음
19,22,흐림,남,후드집업,긴팔티,슬랙스,없음,없음
14,11,흐림,여,가디건,긴팔티,슬랙스,얇은 이너,없음
-1,-5,비,여,롱패딩,기모후드,기모레깅스,히트텍,"레인부츠, 목도리, 우산, 장갑, 핫팩"
8,7,눈,남,코트,니트,기모청바지,히트텍,"부츠, 장갑"
2,3,비,남,코트,니트,기모바지,히트텍,"레인부츠, 목도리, 우산, 장갑, 핫팩"
11,6,흐림,남,자켓,후드티,청바지,얇은 이너,없음
-9,-12,비,여,코트,히트텍,기모바지,히트텍,"레인부츠, 목도리, 우산, 장갑, 핫팩"
-9,-10,맑음,여,코트,히트텍,기모레깅스,히트텍,"목도리, 장갑, 핫팩"
26,23,비,남,없음,민소매,면반바지,없음,"레인부츠, 모자, 선글라스, 양산, 우산"
30,28,맑음,여,없음,반팔,반바지,없음,"모자, 선글라스, 양산"
14,16,비,남,가디건,긴팔티,청바지,없음,"레인부츠, 우산"
6,9,비,여,코트,니트,기모바지,히트텍,"레인부츠, 우산"
1,1,비,여,롱패딩,기모후드,기모치마,히트텍,"레인부츠, 목도리, 우산, 장갑, 핫팩"
0,1,비,남,패딩,니트,기모바지,히트텍,"레인부츠, 목도리, 우산, 장갑, 핫팩"
12,12,맑음,여,가디건,후드티,청바지,얇은 이너,없음
-3,-5,흐림,여,패딩,기모후드,기모바지,히트텍,"목도리, 장갑, 핫팩"
28,29,맑음,남,얇은 가디건,반팔,면반바지,없음,"모자, 선글라스, 양산"
3,1,눈,여,롱패딩,기모후드,기모레깅스,히트텍,"목도리, 부츠, 장갑, 핫팩"
34,31,눈,여,없음,반팔,반바지,없음,"모자, 부츠, 선글라스, 양산, 장갑"
17,12,맑음,남,후드집업,긴팔티,면바지,얇은 이너,없음
-5,-2,맑음,남,롱패딩,니트,기모바지,히트텍,"목도리, 장갑, 핫팩"
12,13,흐림,남,가디건,긴팔티,슬랙스,없음,없음
14,10,눈,남,가디건,맨투맨,면바지,얇은 이너,"부츠, 장갑"
9,4,비,여,롱패딩,기모후드,기모레깅스,히트텍,"레인부츠, 우산"
17,16,맑음,남,후드집업,후드티,슬랙스,얇은 이너,없음
-10,-12,눈,남,롱패딩,니트,기모청바지,히트텍,"목도리, 부츠, 장갑, 핫팩"
0,-3,비,여,코트,니트,기모치마,히트텍,"레인부츠, 목도리, 우산, 장갑, 핫팩"
20,20,흐림,여,자켓,후드티,슬랙스,없음,없음
-5,-8,흐림,여,패딩,기모후드,기모바지,히트텍,"목도리, 장갑, 핫팩"
18,17,흐림,여,후드집업,맨투맨,청바지,없음,없음
-10,-14,눈,여,코트,니트,기모바지,히트텍,"목도리, 부츠, 장갑, 핫팩"
-5,-8,눈,여,롱패딩,기모후드,기모레깅스,히트텍,"목도리, 부츠, 장갑, 핫팩"
-2,0,흐림,여,롱패딩,히트텍,기모치마,히트텍,"목도리, 장갑, 핫팩"
32,29,흐림,남,없음,민소매,면반바지,없음,"모자, 선글라스, 양산"
4,6,맑음,남,코트,니트,기모청바지,히트텍,"목도리, 장갑, 핫팩"
15,11,눈,여,후드집업,후드티,슬랙스,얇은 이너,"부츠, 장갑"
7,8,맑음,남,롱패딩,히트텍,기모바지,히트텍,없음
14,17,흐림,여,후드집업,긴팔티,청바지,없음,없음
13,15,맑음,여,후드집업,맨투맨,슬랙스,얇은 이너,없음
25,24,눈,남,없음,민소매,반바지,없음,"모자, 부츠, 선글라스, 양산, 장갑"
2,4,흐림,여,롱패딩,기모후드,기모바지,히트텍,"목도리, 장갑, 핫팩"
7,10,맑음,여,코트,니트,기모레깅스,히트텍,없음
34,34,흐림,여,없음,반팔,반바지,없음,"모자, 선글라스, 양산"
0,-5,흐림,남,롱패딩,히트텍,기모바지,히트텍,"목도리, 장갑, 핫팩"
13,10,눈,남,자켓,긴팔티,슬랙스,얇은 이너,"부츠, 장갑"
23,22,비,여,자켓,긴팔티,슬랙스,얇은 이너,"레인부츠, 우산"
1,1,눈,여,코트,니트,기모레깅스,히트텍,"목도리, 부츠, 장갑, 핫팩"
30,31,맑음,남,없음,민소매,반바지,없음,"모자, 선글라스, 양산"
0,-2,비,남,롱패딩,기모후드,기모청바지,히트텍,"레인부츠, 목도리, 우산, 장갑, 핫팩"
20,21,흐림,남,자켓,긴팔티,청바지,얇은 이너,없음
33,36,비,여,없음,반팔,반바지,없음,"레인부츠, 모자, 선글라스, 양산, 우산"
24,19,눈,여,자켓,맨투맨,슬랙스,없음,"부츠, 장갑"
13,13,눈,여,후드집업,후드티,슬랙스,얇은 이너,"부츠, 장갑"
-7,-10,맑음,남,코트,히트텍,기모청바지,히트텍,"목도리, 장갑, 핫팩"
32,31,맑음,남,얇은 가디건,민소매,면반바지,없음,"모자, 선글라스, 양산"
7,2,흐림,남,패딩,기모후드,기모바지,히트텍,없음
23,21,눈,남,후드집업,후드티,청바지,없음,"부츠, 장갑"
7,2,비,남,코트,니트,기모청바지,히트텍,"레인부츠, 우산"
14,15,맑음,여,후드집업,맨투맨,롱스커트,없음,없음
-1,0,맑음,여,패딩,히트텍,기모바지,히트텍,"목도리, 장갑, 핫팩"
27,22,비,남,얇은 가디건,민소매,면반바지,없음,"레인부츠, 모자, 선글라스, 양산, 우산"
13,16,흐림,남,가디건,후드티,청바지,없음,없음
4,5,비,남,코트,히트텍,기모바지,히트텍,"레인부츠, 목도리, 우산, 장갑, 핫팩"
19,21,눈,여,자켓,긴팔티,롱스커트,없음,"부츠, 장갑"
3,4,흐림,여,롱패딩,히트텍,기모바지,히트텍,"목도리, 장갑, 핫팩"
9,8,눈,남,패딩,기모후드,기모바지,히트텍,"부츠, 장갑"
6,1,맑음,남,패딩,니트,기모바지,히트텍,없음
29,25,눈,여,없음,반팔,치마,없음,"모자, 부츠, 선글라스, 양산, 장갑"
25,22,맑음,여,없음,민소매,치마,없음,"모자, 선글라스, 양산"
-3,-2,비,남,롱패딩,니트,기모바지,히트텍,"레인부츠, 목도리, 우산, 장갑, 핫팩"
22,24,맑음,여,가디건,맨투맨,롱스커트,얇은 이너,없음
31,31,비,남,없음,민소매,반바지,없음,"레인부츠, 모자, 선글라스, 양산, 우산"
15,11,눈,남,자켓,긴팔티,청바지,얇은 이너,"부츠, 장갑"
34,37,눈,남,없음,민소매,면반바지,없음,"모자, 부츠, 선글라스, 양산, 장갑"
17,14,눈,남,가디건,후드티,면바지,없음,"부츠, 장갑"
19,20,맑음,여,자켓,맨투맨,슬랙스,얇은 이너,없음
17,17,흐림,여,자켓,후드티,슬랙스,없음,없음
-5,-8,비,여,패딩,히트텍,기모바지,히트텍,"레인부츠, 목도리, 우산, 장갑, 핫팩"
-1,-3,눈,남,패딩,히트텍,기모바지,히트텍,"목도리, 부츠, 장갑, 핫팩"
29,30,흐림,남,없음,민소매,반바지,없음,"모자, 선글라스, 양산"
1,2,비,남,롱패딩,히트텍,기모바지,히트텍,"레인부츠, 목도리, 우산, 장갑, 핫팩"
1,-3,눈,여,코트,기모후드,기모바지,히트텍,"목도리, 부츠, 장갑, 핫팩"
26,25,맑음,여,얇은 가디건,민소매,반바지,없음,"모자, 선글라스, 양산"
19,17,비,여,가디건,후드티,청바지,얇은 이너,"레인부츠, 우산"
25,27,흐림,남,얇은 가디건,반팔,면반바지,없음,"모자, 선글라스, 양산"
30,31,비,여,얇은 가디건,반팔,치마,없음,"레인부츠, 모자, 선글라스, 양산, 우산"
-6,-3,눈,남,패딩,니트,기모청바지,히트텍,"목도리, 부츠, 장갑, 핫팩"
8,10,맑음,남,롱패딩,기모후드,기모청바지,히트텍,없음
-6,-8,흐림,남,코트,히트텍,기모청바지,히트텍,"목도리, 장갑, 핫팩"
-8,-5,흐림,여,패딩,기모후드,기모치마,히트텍,"목도리, 장갑, 핫팩"
20,22,비,남,가디건,맨투맨,슬랙스,얇은 이너,"레인부츠, 우산"
31,31,흐림,여,없음,민소매,반바지,없음,"모자, 선글라스, 양산"
-3,-4,흐림,여,코트,기모후드,기모바지,히트텍,"목도리, 장갑, 핫팩"
17,16,맑음,여,가디건,긴팔티,롱스커트,얇은 이너,없음
-2,-2,흐림,여,롱패딩,기모후드,기모레깅스,히트텍,"목도리, 장갑, 핫팩"
-5,-7,눈,남,롱패딩,기모후드,기모바지,히트텍,"목도리, 부츠, 장갑, 핫팩"
-4,-6,눈,남,코트,히트텍,기모바지,히트텍,"목도리, 부츠, 장갑, 핫팩"
8,10,비,여,롱패딩,히트텍,기모치마,히트텍,"레인부츠, 우산"
1,4,흐림,여,패딩,히트텍,기모치마,히트텍,"목도리, 장갑, 핫팩"
3,3,맑음,남,롱패딩,니트,기모청바지,히트텍,"목도리, 장갑, 핫팩"
31,31,흐림,여,얇은 가디건,반팔,반바지,없음,"모자, 선글라스, 양산"
26,21,맑음,남,없음,민소매,반바지,없음,"모자, 선글라스, 양산"
3,-2,흐림,남,코트,히트텍,기모바지,히트텍,"목도리, 장갑, 핫팩"
0,1,흐림,여,패딩,니트,기모레깅스,히트텍,"목도리, 장갑, 핫팩"
21,22,눈,여,후드집업,긴팔티,롱스커트,얇은 이너,"부츠, 장갑"
22,19,맑음,남,후드집업,맨투맨,슬랙스,얇은 이너,없음
0,-2,눈,남,패딩,니트,기모청바지,히트텍,"목도리, 부츠, 장갑, 핫팩"
28,29,흐림,여,얇은 가디건,반팔,반바지,없음,"모자, 선글라스, 양산"
-10,-14,맑음,남,패딩,히트텍,기모바지,히트텍,"목도리, 장갑, 핫팩"
-9,-11,비,여,코트,기모후드,기모레깅스,히트텍,"레인부츠, 목도리, 우산, 장갑, 핫팩"
0,1,비,남,패딩,히트텍,기모청바지,히트텍,"레인부츠, 목도리, 우산, 장갑, 핫팩"
10,11,흐림,남,후드집업,긴팔티,청바지,없음,없음
33,36,비,여,없음,민소매,치마,없음,"레인부츠, 모자, 선글라스, 양산, 우산"
5,1,비,여,패딩,히트텍,기모레깅스,히트텍,"레인부츠, 목도리, 우산, 장갑, 핫팩"
33,32,맑음,남,없음,반팔,반바지,없음,"모자, 선글라스, 양산"
3,5,흐림,여,패딩,히트텍,기모바지,히트텍,"목도리, 장갑, 핫팩"
30,32,비,여,없음,민소매,치마,없음,"레인부츠, 모자, 선글라스, 양산, 우산"
27,29,흐림,여,없음,민소매,치마,없음,"모자, 선글라스, 양산"
7,3,흐림,남,롱패딩,기모후드,기모바지,히트텍,없음
5,3,눈,남,패딩,히트텍,기모바지,히트텍,"목도리, 부츠, 장갑, 핫팩"
-6,-11,흐림,남,코트,히트텍,기모청바지,히트텍,"목도리, 장갑, 핫팩"
10,13,흐림,여,후드집업,후드티,슬랙스,얇은 이너,없음
22,20,맑음,여,자켓,긴팔티,롱스커트,얇은 이너,없음
-9,-11,흐림,남,롱패딩,기모후드,기모청바지,히트텍,"목도리, 장갑, 핫팩"
0,-5,맑음,남,패딩,니트,기모청바지,히트텍,"목도리, 장갑, 핫팩"
8,3,비,남,코트,기모후드,기모바지,히트텍,"레인부츠, 우산"
22,24,흐림,남,후드집업,후드티,청바지,없음,없음
-10,-10,흐림,여,롱패딩,기모후드,기모치마,히트텍,"목도리, 장갑, 핫팩"
19,22,맑음,여,후드집업,맨투맨,청바지,없음,없음
30,27,눈,남,얇은 가디건,반팔,면반바지,없음,"모자, 부츠, 선글라스, 양산, 장갑"
4,5,흐림,여,롱패딩,히트텍,기모바지,히트텍,"목도리, 장갑, 핫팩"
21,20,비,여,가디건,긴팔티,청바지,없음,"레인부츠, 우산"
22,18,맑음,남,후드집업,긴팔티,슬랙스,얇은 이너,없음
27,30,비,남,얇은 가디건,민소매,반바지,없음,"레인부츠, 모자, 선글라스, 양산, 우산"
31,33,흐림,남,얇은 가디건,민소매,반바지,없음,"모자, 선글라스, 양산"
26,21,맑음,남,없음,반팔,반바지,없음,"모자, 선글라스, 양산"
9,11,눈,여,롱패딩,니트,기모바지,히트텍,"부츠, 장갑"
-8,-8,흐림,여,패딩,히트텍,기모바지,히트텍,"목도리, 장갑, 핫팩"
4,7,비,여,롱패딩,니트,기모치마,히트텍,"레인부츠, 목도리, 우산, 장갑, 핫팩"
34,29,흐림,여,얇은 가디건,반팔,반바지,없음,"모자, 선글라스, 양산"
7,7,비,여,코트,기모후드,기모치마,히트텍,"레인부츠, 우산"
-3,-7,비,여,코트,히트텍,기모치마,히트텍,"레인부츠, 목도리, 우산, 장갑, 핫팩"
35,33,눈,남,얇은 가디건,반팔,반바지,없음,"모자, 부츠, 선글라스, 양산, 장갑"
3,6,맑음,남,롱패딩,니트,기모바지,히트텍,"목도리, 장갑, 핫팩"
-7,-5,흐림,남,패딩,니트,기모바지,히트텍,"목도리, 장갑, 핫팩"
34,36,흐림,남,얇은 가디건,민소매,반바지,없음,"모자, 선글라스, 양산"
33,31,맑음,남,얇은 가디건,반팔,반바지,없음,"모자, 선글라스, 양산"
23,21,비,남,가디건,맨투맨,면바지,없음,"레인부츠, 우산"
12,9,비,여,후드집업,긴팔티,청바지,없음,"레인부츠, 우산"
34,35,눈,남,없음,반팔,반바지,없음,"모자, 부츠, 선글라스, 양산, 장갑"
31,29,맑음,남,얇은 가디건,민소매,반바지,없음,"모자, 선글라스, 양산"
8,6,눈,여,롱패딩,기모후드,기모레깅스,히트텍,"부츠, 장갑"
23,25,눈,여,후드집업,후드티,청바지,얇은 이너,"부츠, 장갑"
2,1,맑음,남,코트,니트,기모바지,히트텍,"목도리, 장갑, 핫팩"
31,32,흐림,여,없음,반팔,반바지,없음,"모자, 선글라스, 양산"
0,3,눈,여,롱패딩,기모후드,기모레깅스,히트텍,"목도리, 부츠, 장갑, 핫팩"
16,18,눈,여,자켓,후드티,청바지,얇은 이너,"부츠, 장갑"
-4,-2,비,여,코트,히트텍,기모치마,히트텍,"레인부츠, 목도리, 우산, 장갑, 핫팩"
31,31,흐림,여,없음,반팔,반바지,없음,"모자, 선글라스, 양산"
32,28,흐림,여,없음,민소매,반바지,없음,"모자, 선글라스, 양산"
11,7,맑음,남,자켓,긴팔티,면바지,없음,없음
2,-1,흐림,여,롱패딩,히트텍,기모치마,히트텍,"목도리, 장갑, 핫팩"
26,21,비,여,없음,민소매,반바지,없음,"레인부츠, 모자, 선글라스, 양산, 우산"
0,-3,맑음,여,패딩,기모후드,기모치마,히트텍,"목도리, 장갑, 핫팩"
4,1,비,남,코트,기모후드,기모바지,히트텍,"레인부츠, 목도리, 우산, 장갑, 핫팩"
24,22,눈,여,자켓,긴팔티,청바지,없음,"부츠, 장갑"
17,13,흐림,여,후드집업,긴팔티,롱스커트,없음,없음
5,7,비,여,코트,니트,기모바지,히트텍,"레인부츠, 목도리, 우산, 장갑, 핫팩"
16,15,흐림,남,자켓,긴팔티,면바지,얇은 이너,없음
-5,-3,맑음,여,롱패딩,히트텍,기모바지,히트텍,"목도리, 장갑, 핫팩"
27,29,눈,여,없음,민소매,치마,없음,"모자, 부츠, 선글라스, 양산, 장갑"
33,30,흐림,여,없음,반팔,치마,없음,"모자, 선글라스, 양산"
18,17,비,남,가디건,후드티,슬랙스,얇은 이너,"레인부츠, 우산"
21,20,눈,여,자켓,후드티,롱스커트,얇은 이너,"부츠, 장갑"
0,-5,흐림,여,롱패딩,기모후드,기모레깅스,히트텍,"목도리, 장갑, 핫팩"
32,31,맑음,남,얇은 가디건,반팔,반바지,없음,"모자, 선글라스, 양산"
-8,-12,비,여,패딩,기모후드,기모레깅스,히트텍,"레인부츠, 목도리, 우산, 장갑, 핫팩"
27,28,눈,남,없음,민소매,면반바지,없음,"모자, 부츠, 선글라스, 양산, 장갑"
32,27,눈,여,없음,반팔,치마,없음,"모자, 부츠, 선글라스, 양산, 장갑"
8,6,비,남,코트,히트텍,기모청바지,히트텍,"레인부츠, 우산"
25,28,비,남,얇은 가디건,민소매,반바지,없음,"레인부츠, 모자, 선글라스, 양산, 우산"
19,17,흐림,여,후드집업,맨투맨,슬랙스,없음,없음
25,24,비,여,얇은 가디건,반팔,반바지,없음,"레인부츠, 모자, 선글라스, 양산, 우산"
-1,-1,흐림,남,롱패딩,니트,기모바지,히트텍,"목도리, 장갑, 핫팩"
13,16,맑음,여,가디건,긴팔티,슬랙스,얇은 이너,없음
16,14,눈,남,후드집업,후드티,면바지,얇은 이너,"부츠, 장갑"
18,20,눈,남,자켓,후드티,슬랙스,얇은 이너,"부츠, 장갑"
22,18,맑음,여,후드집업,맨투맨,슬랙스,얇은 이너,없음
15,16,비,남,자켓,긴팔티,면바지,없음,"레인부츠, 우산"
-8,-8,눈,남,패딩,히트텍,기모청바지,히트텍,"목도리, 부츠, 장갑, 핫팩"
5,0,흐림,남,롱패딩,기모후드,기모청바지,히트텍,"목도리, 장갑, 핫팩"
17,17,눈,여,후드집업,맨투맨,롱스커트,얇은 이너,"부츠, 장갑"
-6,-11,맑음,여,롱패딩,히트텍,기모치마,히트텍,"목도리, 장갑, 핫팩"
15,14,흐림,남,후드집업,긴팔티,슬랙스,없음,없음
10,5,눈,남,후드집업,맨투맨,청바지,없음,"부츠, 장갑"
5,3,비,남,패딩,기모후드,기모청바지,히트텍,"레인부츠, 목도리, 우산, 장갑, 핫팩"
32,35,흐림,남,얇은 가디건,민소매,반바지,없음,"모자, 선글라스, 양산"
9,8,맑음,남,롱패딩,기모후드,기모바지,히트텍,없음
26,24,비,여,없음,반팔,반바지,없음,"레인부츠, 모자, 선글라스, 양산, 우산"
32,29,눈,여,없음,반팔,반바지,없음,"모자, 부츠, 선글라스, 양산, 장갑"
10,10,맑음,여,자켓,후드티,롱스커트,없음,없음
6,5,눈,남,패딩,히트텍,기모청바지,히트텍,"부츠, 장갑"
29,30,비,남,없음,반팔,반바지,없음,"레인부츠, 모자, 선글라스, 양산, 우산"
30,26,눈,여,없음,반팔,치마,없음,"모자, 부츠, 선글라스, 양산, 장갑"
-1,1,눈,여,롱패딩,히트텍,기모바지,히트텍,"목도리, 부츠, 장갑, 핫팩"
19,14,맑음,여,가디건,맨투맨,슬랙스,없음,없음
23,24,맑음,남,가디건,긴팔티,청바지,얇은 이너,없음
-3,-8,흐림,여,코트,니트,기모치마,히트텍,"목도리, 장갑, 핫팩"
33,29,흐림,남,얇은 가디건,반팔,반바지,없음,"모자, 선글라스, 양산"
-1,-6,흐림,남,롱패딩,니트,기모바지,히트텍,"목도리, 장갑, 핫팩"
7,8,눈,여,롱패딩,히트텍,기모바지,히트텍,"부츠, 장갑"
-2,-4,흐림,여,롱패딩,기모후드,기모치마,히트텍,"목도리, 장갑, 핫팩"
15,18,맑음,남,후드집업,긴팔티,면바지,얇은 이너,없음
9,9,비,남,코트,니트,기모바지,히트텍,"레인부츠, 우산"
-4,-9,비,여,코트,히트텍,기모치마,히트텍,"레인부츠, 목도리, 우산, 장갑, 핫팩"
9,5,눈,여,코트,기모후드,기모바지,히트텍,"부츠, 장갑"
28,28,흐림,남,얇은 가디건,반팔,면반바지,없음,"모자, 선글라스, 양산"
4,5,흐림,여,코트,히트텍,기모바지,히트텍,"목도리, 장갑, 핫팩"
5,8,흐림,남,롱패딩,니트,기모바지,히트텍,"목도리, 장갑, 핫팩"
28,27,비,여,얇은 가디건,민소매,반바지,없음,"레인부츠, 모자, 선글라스, 양산, 우산"
8,3,비,남,코트,기모후드,기모바지,히트텍,"레인부츠, 우산"
11,13,흐림,여,자켓,맨투맨,롱스커트,얇은 이너,없음
9,8,눈,여,코트,기모후드,기모치마,히트텍,"부츠, 장갑"
27,29,맑음,남,없음,민소매,면반바지,없음,"모자, 선글라스, 양산"
25,25,흐림,남,얇은 가디건,민소매,반바지,없음,"모자, 선글라스, 양산"
9,7,맑음,남,패딩,기모후드,기모청바지,히트텍,없음
21,20,흐림,여,후드집업,후드티,청바지,얇은 이너,없음
11,8,비,여,자켓,긴팔티,롱스커트,없음,"레인부츠, 우산"
-10,-9,비,여,코트,니트,기모치마,히트텍,"레인부츠, 목도리, 우산, 장갑, 핫팩"
15,15,눈,여,후드집업,맨투맨,청바지,얇은 이너,"부츠, 장갑"
20,16,흐림,남,가디건,후드티,면바지,얇은 이너,없음
-10,-12,흐림,남,코트,히트텍,기모청바지,히트텍,"목도리, 장갑, 핫팩"
30,32,비,여,없음,반팔,반바지,없음,"레인부츠, 모자, 선글라스, 양산, 우산"
-7,-6,눈,남,코트,기모후드,기모바지,히트텍,"목도리, 부츠, 장갑, 핫팩"
31,32,비,여,없음,반팔,반바지,없음,"레인부츠, 모자, 선글라스, 양산, 우산"
21,19,눈,남,자켓,맨투맨,청바지,없음,"부츠, 장갑"
11,7,비,남,가디건,맨투맨,슬랙스,없음,"레인부츠, 우산"
4,1,흐림,남,코트,기모후드,기모바지,히트텍,"목도리, 장갑, 핫팩"
7,6,눈,남,롱패딩,히트텍,기모청바지,히트텍,"부츠, 장갑"
25,26,눈,여,없음,반팔,치마,없음,"모자, 부츠, 선글라스, 양산, 장갑"
-3,-1,흐림,남,패딩,기모후드,기모바지,히트텍,"목도리, 장갑, 핫팩"
27,28,맑음,여,없음,민소매,치마,없음,"모자, 선글라스, 양산"
25,21,흐림,여,없음,민소매,치마,없음,"모자, 선글라스, 양산"
9,8,눈,남,패딩,니트,기모바지,히트텍,"부츠, 장갑"
33,33,비,여,얇은 가디건,민소매,치마,없음,"레인부츠, 모자, 선글라스, 양산, 우산"
1,-2,눈,여,코트,니트,기모치마,히트텍,"목도리, 부츠, 장갑, 핫팩"
29,26,맑음,남,없음,반팔,반바지,없음,"모자, 선글라스, 양산"
33,36,맑음,남,없음,반팔,반바지,없음,"모자, 선글라스, 양산"
23,23,흐림,남,자켓,맨투맨,청바지,얇은 이너,없음
12,13,흐림,여,후드집업,후드티,슬랙스,없음,없음
1,-4,흐림,남,패딩,히트텍,기모바지,히트텍,"목도리, 장갑, 핫팩"
24,26,눈,남,가디건,긴팔티,면바지,없음,"부츠, 장갑"
-5,-2,비,남,코트,기모후드,기모청바지,히트텍,"레인부츠, 목도리, 우산, 장갑, 핫팩"
18,17,흐림,남,후드집업,후드티,면바지,얇은 이너,없음
5,2,비,남,롱패딩,히트텍,기모청바지,히트텍,"레인부츠, 목도리, 우산, 장갑, 핫팩"
29,32,비,남,없음,민소매,면반바지,없음,"레인부츠, 모자, 선글라스, 양산, 우산"
22,20,맑음,여,자켓,맨투맨,청바지,얇은 이너,없음
25,28,눈,여,없음,민소매,치마,없음,"모자, 부츠, 선글라스, 양산, 장갑"
-4,-2,흐림,여,코트,니트,기모치마,히트텍,"목도리, 장갑, 핫팩"
4,7,흐림,여,코트,니트,기모바지,히트텍,"목도리, 장갑, 핫팩"
8,11,흐림,남,코트,니트,기모바지,히트텍,없음
22,22,눈,남,후드집업,후드티,슬랙스,얇은 이너,"부츠, 장갑"
-5,-4,눈,여,패딩,니트,기모레깅스,히트텍,"목도리, 부츠, 장갑, 핫팩"
5,2,맑음,여,롱패딩,니트,기모바지,히트텍,"목도리, 장갑, 핫팩"
24,22,흐림,남,자켓,맨투맨,청바지,얇은 이너,없음
3,0,비,여,패딩,히트텍,기모치마,히트텍,"레인부츠, 목도리, 우산, 장갑, 핫팩"
0,-3,비,여,롱패딩,히트텍,기모치마,히트텍,"레인부츠, 목도리, 우산, 장갑, 핫팩"
24,22,비,남,자켓,맨투맨,청바지,얇은 이너,"레인부츠, 우산"
8,11,비,여,패딩,니트,기모치마,히트텍,"레인부츠, 우산"
2,-3,맑음,남,롱패딩,기모후드,기모청바지,히트텍,"목도리, 장갑, 핫팩"
10,6,비,여,가디건,후드티,청바지,없음,"레인부츠, 우산"
-2,-7,흐림,남,코트,니트,기모바지,히트텍,"목도리, 장갑, 핫팩"
-4,-6,비,여,롱패딩,기모후드,기모바지,히트텍,"레인부츠, 목도리, 우산, 장갑, 핫팩"
-8,-12,비,여,코트,히트텍,기모레깅스,히트텍,"레인부츠, 목도리, 우산, 장갑, 핫팩"
16,18,비,남,자켓,긴팔티,슬랙스,없음,"레인부츠, 우산"
1,-1,비,여,패딩,니트,기모바지,히트텍,"레인부츠, 목도리, 우산, 장갑, 핫팩"
-4,-8,비,남,코트,기모후드,기모청바지,히트텍,"레인부츠, 목도리, 우산, 장갑, 핫팩"
31,32,비,남,얇은 가디건,민소매,면반바지,없음,"레인부츠, 모자, 선글라스, 양산, 우산"
0,-2,눈,여,롱패딩,히트텍,기모레깅스,히트텍,"목도리, 부츠, 장갑, 핫팩"
1,-3,흐림,남,코트,기모후드,기모바지,히트텍,"목도리, 장갑, 핫팩"
19,15,맑음,여,가디건,긴팔티,슬랙스,얇은 이너,없음
19,22,비,남,자켓,후드티,청바지,없음,"레인부츠, 우산"
23,18,비,남,자켓,긴팔티,면바지,얇은 이너,"레인부츠, 우산"
18,15,맑음,여,자켓,맨투맨,청바지,없음,없음
3,6,눈,남,패딩,히트텍,기모바지,히트텍,"목도리, 부츠, 장갑, 핫팩"
21,20,눈,남,자켓,긴팔티,슬랙스,없음,"부츠, 장갑"
21,16,맑음,여,자켓,맨투맨,슬랙스,없음,없음
-6,-10,맑음,여,롱패딩,니트,기모바지,히트텍,"목도리, 장갑, 핫팩"
-1,0,맑음,남,패딩,니트,기모바지,히트텍,"목도리, 장갑, 핫팩"
7,6,흐림,여,롱패딩,니트,기모레깅스,히트텍,없음
34,35,비,여,얇은 가디건,반팔,반바지,없음,"레인부츠, 모자, 선글라스, 양산, 우산"
33,29,비,남,없음,민소매,반바지,없음,"레인부츠, 모자, 선글라스, 양산, 우산"
34,30,맑음,여,없음,민소매,반바지,없음,"모자, 선글라스, 양산"
12,11,맑음,여,가디건,긴팔티,청바지,얇은 이너,없음
26,24,흐림,남,얇은 가디건,반팔,면반바지,없음,"모자, 선글라스, 양산"
26,22,눈,남,없음,민소매,면반바지,없음,"모자, 부츠, 선글라스, 양산, 장갑"
17,15,흐림,남,후드집업,후드티,청바지,없음,없음
-9,-10,흐림,남,롱패딩,니트,기모바지,히트텍,"목도리, 장갑, 핫팩"
11,11,눈,여,후드집업,긴팔티,슬랙스,얇은 이너,"부츠, 장갑"
30,30,비,여,얇은 가디건,민소매,치마,없음,"레인부츠, 모자, 선글라스, 양산, 우산"
5,5,흐림,여,코트,니트,기모치마,히트텍,"목도리, 장갑, 핫팩"
-8,-10,맑음,여,롱패딩,니트,기모레깅스,히트텍,"목도리, 장갑, 핫팩"
5,6,흐림,남,롱패딩,니트,기모바지,히트텍,"목도리, 장갑, 핫팩"
19,15,눈,여,후드집업,맨투맨,슬랙스,얇은 이너,"부츠, 장갑"
-4,-6,맑음,여,코트,니트,기모바지,히트텍,"목도리, 장갑, 핫팩"
24,21,눈,여,자켓,후드티,슬랙스,없음,"부츠, 장갑"
-9,-12,비,남,코트,히트텍,기모바지,히트텍,"레인부츠, 목도리, 우산, 장갑, 핫팩"
-2,-5,눈,여,롱패딩,기모후드,기모레깅스,히트텍,"목도리, 부츠, 장갑, 핫팩"
-6,-10,비,여,롱패딩,니트,기모바지,히트텍,"레인부츠, 목도리, 우산, 장갑, 핫팩"
21,16,비,여,후드집업,후드티,청바지,얇은 이너,"레인부츠, 우산"
-7,-8,맑음,남,롱패딩,기모후드,기모청바지,히트텍,"목도리, 장갑, 핫팩"
26,28,맑음,남,얇은 가디건,반팔,반바지,없음,"모자, 선글라스, 양산"
28,27,눈,남,얇은 가디건,민소매,반바지,없음,"모자, 부츠, 선글라스, 양산, 장갑"
29,26,맑음,남,없음,민소매,면반바지,없음,"모자, 선글라스, 양산"
34,35,맑음,여,없음,반팔,치마,없음,"모자, 선글라스, 양산"
25,23,눈,남,얇은 가디건,반팔,반바지,없음,"모자, 부츠, 선글라스, 양산, 장갑"
14,15,맑음,여,자켓,긴팔티,슬랙스,없음,없음
-10,-13,맑음,남,코트,기모후드,기모바지,히트텍,"목도리, 장갑, 핫팩"
34,35,눈,남,없음,민소매,면반바지,없음,"모자, 부츠, 선글라스, 양산, 장갑"
14,13,맑음,남,자켓,맨투맨,면바지,얇은 이너,없음
15,16,맑음,남,가디건,후드티,면바지,없음,없음
14,10,맑음,남,자켓,맨투맨,청바지,없음,없음
9,7,흐림,여,패딩,기모후드,기모레깅스,히트텍,없음
-9,-10,눈,여,롱패딩,기모후드,기모레깅스,히트텍,"목도리, 부츠, 장갑, 핫팩"
10,9,맑음,여,자켓,긴팔티,슬랙스,없음,없음
18,21,흐림,남,가디건,긴팔티,청바지,없음,없음
2,0,맑음,남,패딩,기모후드,기모바지,히트텍,"목도리, 장갑, 핫팩"
6,5,맑음,남,롱패딩,기모후드,기모바지,히트텍,없음
-8,-11,눈,여,코트,히트텍,기모바지,히트텍,"목도리, 부츠, 장갑, 핫팩"
16,19,눈,남,자켓,긴팔티,청바지,없음,"부츠, 장갑"
-5,-6,비,남,코트,히트텍,기모바지,히트텍,"레인부츠, 목도리, 우산, 장갑, 핫팩"
24,21,흐림,여,가디건,맨투맨,청바지,얇은 이너,없음
-3,-7,비,여,패딩,니트,기모치마,히트텍,"레인부츠, 목도리, 우산, 장갑, 핫팩"
32,28,비,남,없음,반팔,면반바지,없음,"레인부츠, 모자, 선글라스, 양산, 우산"
11,11,눈,남,자켓,맨투맨,슬랙스,없음,"부츠, 장갑"
-9,-7,맑음,남,롱패딩,기모후드,기모바지,히트텍,"목도리, 장갑, 핫팩"
3,4,비,남,코트,히트텍,기모청바지,히트텍,"레인부츠, 목도리, 우산, 장갑, 핫팩"
2,-1,맑음,남,롱패딩,니트,기모청바지,히트텍,"목도리, 장갑, 핫팩"
13,9,흐림,여,가디건,맨투맨,청바지,없음,없음
13,9,눈,여,자켓,맨투맨,청바지,없음,"부츠, 장갑"
25,20,비,여,없음,민소매,치마,없음,"레인부츠, 모자, 선글라스, 양산, 우산"
33,31,흐림,남,얇은 가디건,민소매,면반바지,없음,"모자, 선글라스, 양산"
28,25,비,여,없음,반팔,반바지,없음,"레인부츠, 모자, 선글라스, 양산, 우산"
31,28,흐림,남,없음,민소매,면반바지,없음,"모자, 선글라스, 양산"
1,1,비,남,코트,히트텍,기모청바지,히트텍,"레인부츠, 목도리, 우산, 장갑, 핫팩"
28,26,맑음,남,없음,민소매,면반바지,없음,"모자, 선글라스, 양산"
10,13,맑음,남,가디건,맨투맨,청바지,얇은 이너,없음
17,16,눈,남,후드집업,후드티,청바지,얇은 이너,"부츠, 장갑"
-1,-1,눈,여,코트,히트텍,기모치마,히트텍,"목도리, 부츠, 장갑, 핫팩"
14,9,맑음,여,후드집업,후드티,청바지,얇은 이너,없음
34,32,흐림,남,얇은 가디건,민소매,면반바지,없음,"모자, 선글라스, 양산"
13,15,흐림,남,자켓,긴팔티,면바지,없음,없음
33,36,맑음,여,얇은 가디건,민소매,반바지,없음,"모자, 선글라스, 양산"
10,12,눈,여,가디건,맨투맨,롱스커트,얇은 이너,"부츠, 장갑"
13,8,맑음,여,가디건,후드티,청바지,없음,없음
-9,-11,비,여,롱패딩,니트,기모치마,히트텍,"레인부츠, 목도리, 우산, 장갑, 핫팩"
27,23,비,여,얇은 가디건,반팔,반바지,없음,"레인부츠, 모자, 선글라스, 양산, 우산"
-3,-7,눈,남,롱패딩,히트텍,기모청바지,히트텍,"목도리, 부츠, 장갑, 핫팩"
8,9,비,여,롱패딩,니트,기모치마,히트텍,"레인부츠, 우산"
30,26,맑음,여,없음,민소매,반바지,없음,"모자, 선글라스, 양산"
7,9,흐림,남,코트,히트텍,기모바지,히트텍,없음
-6,-10,흐림,여,코트,니트,기모레깅스,히트텍,"목도리, 장갑, 핫팩"
-10,-9,눈,여,패딩,기모후드,기모레깅스,히트텍,"목도리, 부츠, 장갑, 핫팩"
18,21,비,남,후드집업,맨투맨,면바지,없음,"레인부츠, 우산"
17,20,비,남,후드집업,맨투맨,면바지,얇은 이너,"레인부츠, 우산"
33,32,맑음,여,얇은 가디건,민소매,반바지,없음,"모자, 선글라스, 양산"
30,30,맑음,여,없음,민소매,치마,없음,"모자, 선글라스, 양산"
5,7,맑음,여,코트,니트,기모치마,히트텍,"목도리, 장갑, 핫팩"
24,22,눈,여,자켓,맨투맨,청바지,없음,"부츠, 장갑"
9,6,눈,여,코트,히트텍,기모레깅스,히트텍,"부츠, 장갑"
23,21,눈,남,가디건,긴팔티,슬랙스,얇은 이너,"부츠, 장갑"
-2,-4,비,남,패딩,기모후드,기모바지,히트텍,"레인부츠, 목도리, 우산, 장갑, 핫팩"
13,8,눈,남,후드집업,맨투맨,면바지,얇은 이너,"부츠, 장갑"
11,8,비,여,가디건,맨투맨,청바지,얇은 이너,"레인부츠, 우산"
19,15,흐림,남,가디건,후드티,면바지,없음,없음
-5,-3,흐림,여,롱패딩,히트텍,기모치마,히트텍,"목도리, 장갑, 핫팩"
34,30,눈,여,얇은 가디건,반팔,치마,없음,"모자, 부츠, 선글라스, 양산, 장갑"
2,1,흐림,여,패딩,히트텍,기모바지,히트텍,"목도리, 장갑, 핫팩"
17,15,맑음,남,자켓,맨투맨,면바지,없음,없음
30,29,비,남,얇은 가디건,민소매,반바지,없음,"레인부츠, 모자, 선글라스, 양산, 우산"
2,-3,비,남,패딩,히트텍,기모바지,히트텍,"레인부츠, 목도리, 우산, 장갑, 핫팩"
-5,-9,흐림,남,롱패딩,히트텍,기모청바지,히트텍,"목도리, 장갑, 핫팩"
3,2,맑음,남,패딩,니트,기모청바지,히트텍,"목도리, 장갑, 핫팩"
-4,-7,흐림,남,롱패딩,히트텍,기모바지,히트텍,"목도리, 장갑, 핫팩"
6,6,비,여,롱패딩,니트,기모치마,히트텍,"레인부츠, 우산"
30,32,눈,여,얇은 가디건,민소매,반바지,없음,"모자, 부츠, 선글라스, 양산, 장갑"
-9,-7,눈,여,패딩,니트,기모치마,히트텍,"목도리, 부츠, 장갑, 핫팩"
-8,-9,맑음,남,패딩,히트텍,기모청바지,히트텍,"목도리, 장갑, 핫팩"
-6,-6,비,여,패딩,히트텍,기모치마,히트텍,"레인부츠, 목도리, 우산, 장갑, 핫팩"
25,27,흐림,남,없음,반팔,반바지,없음,"모자, 선글라스, 양산"
33,34,맑음,여,없음,반팔,반바지,없음,"모자, 선글라스, 양산"
23,21,눈,남,후드집업,긴팔티,슬랙스,얇은 이너,"부츠, 장갑"
33,31,흐림,남,없음,반팔,반바지,없음,"모자, 선글라스, 양산"
-10,-10,비,여,패딩,니트,기모바지,히트텍,"레인부츠, 목도리, 우산, 장갑, 핫팩"
-7,-9,눈,여,패딩,니트,기모바지,히트텍,"목도리, 부츠, 장갑, 핫팩"
-5,-2,맑음,남,롱패딩,히트텍,기모바지,히트텍,"목도리, 장갑, 핫팩"
5,1,흐림,남,롱패딩,히트텍,기모청바지,히트텍,"목도리, 장갑, 핫팩"
-3,-1,눈,남,롱패딩,니트,기모바지,히트텍,"목도리, 부츠, 장갑, 핫팩"
10,11,비,남,자켓,긴팔티,슬랙스,없음,"레인부츠, 우산"
3,5,맑음,남,코트,히트텍,기모바지,히트텍,"목도리, 장갑, 핫팩"
-6,-8,눈,여,코트,니트,기모치마,히트텍,"목도리, 부츠, 장갑, 핫팩"
-9,-14,흐림,여,롱패딩,히트텍,기모바지,히트텍,"목도리, 장갑, 핫팩"
29,24,흐림,남,얇은 가디건,민소매,면반바지,없음,"모자, 선글라스, 양산"
-6,-8,맑음,여,롱패딩,히트텍,기모치마,히트텍,"목도리, 장갑, 핫팩"
33,35,눈,남,없음,반팔,반바지,없음,"모자, 부츠, 선글라스, 양산, 장갑"
28,29,눈,남,없음,민소매,반바지,없음,"모자, 부츠, 선글라스, 양산, 장갑"
17,16,비,남,자켓,긴팔티,면바지,얇은 이너,"레인부츠, 우산"
10,7,흐림,남,자켓,긴팔티,청바지,없음,없음
0,0,눈,남,패딩,히트텍,기모청바지,히트텍,"목도리, 부츠, 장갑, 핫팩"
22,21,맑음,여,가디건,후드티,롱스커트,얇은 이너,없음
2,1,비,여,코트,히트텍,기모레깅스,히트텍,"레인부츠, 목도리, 우산, 장갑, 핫팩"
6,2,흐림,남,롱패딩,기모후드,기모청바지,히트텍,없음
13,15,흐림,여,자켓,긴팔티,청바지,없음,없음
-1,1,비,여,코트,니트,기모치마,히트텍,"레인부츠, 목도리, 우산, 장갑, 핫팩"
23,24,흐림,남,가디건,후드티,슬랙스,얇은 이너,없음
19,18,비,여,후드집업,긴팔티,청바지,없음,"레인부츠, 우산"
33,29,비,남,없음,반팔,반바지,없음,"레인부츠, 모자, 선글라스, 양산, 우산"
-10,-9,맑음,여,롱패딩,히트텍,기모레깅스,히트텍,"목도리, 장갑, 핫팩"
0,0,눈,남,패딩,니트,기모바지,히트텍,"목도리, 부츠, 장갑, 핫팩"
19,18,눈,여,후드집업,긴팔티,슬랙스,얇은 이너,"부츠, 장갑"
21,20,맑음,여,자켓,긴팔티,청바지,얇은 이너,없음
8,9,흐림,남,코트,니트,기모청바지,히트텍,없음
15,10,비,남,후드집업,맨투맨,슬랙스,없음,"레인부츠, 우산"
10,11,맑음,여,가디건,후드티,롱스커트,없음,없음
28,25,비,여,없음,민소매,치마,없음,"레인부츠, 모자, 선글라스, 양산, 우산"
23,25,눈,여,가디건,맨투맨,롱스커트,없음,"부츠, 장갑"
4,5,맑음,남,롱패딩,히트텍,기모바지,히트텍,"목도리, 장갑, 핫팩"
32,31,눈,여,없음,민소매,반바지,없음,"모자, 부츠, 선글라스, 양산, 장갑"
20,21,눈,남,자켓,긴팔티,슬랙스,얇은 이너,"부츠, 장갑"
9,6,비,남,패딩,니트,기모청바지,히트텍,"레인부츠, 우산"
31,30,맑음,여,없음,민소매,치마,없음,"모자, 선글라스, 양산"
15,15,눈,남,가디건,긴팔티,면바지,없음,"부츠, 장갑"
-7,-11,맑음,여,패딩,니트,기모바지,히트텍,"목도리, 장갑, 핫팩"
27,24,눈,남,얇은 가디건,반팔,반바지,없음,"모자, 부츠, 선글라스, 양산, 장갑"
20,22,흐림,남,후드집업,맨투맨,슬랙스,얇은 이너,없음
-7,-12,맑음,남,코트,니트,기모바지,히트텍,"목도리, 장갑, 핫팩"
16,13,맑음,여,후드집업,긴팔티,슬랙스,얇은 이너,없음
21,19,흐림,여,가디건,후드티,슬랙스,얇은 이너,없음
31,33,흐림,여,없음,민소매,치마,없음,"모자, 선글라스, 양산"
-4,-9,비,남,코트,히트텍,기모청바지,히트텍,"레인부츠, 목도리, 우산, 장갑, 핫팩"
23,26,흐림,남,후드집업,긴팔티,슬랙스,없음,없음
0,-1,눈,남,패딩,니트,기모청바지,히트텍,"목도리, 부츠, 장갑, 핫팩"
21,16,눈,남,후드집업,맨투맨,청바지,없음,"부츠, 장갑"
35,33,눈,여,얇은 가디건,반팔,치마,없음,"모자, 부츠, 선글라스, 양산, 장갑"
28,26,눈,여,없음,반팔,치마,없음,"모자, 부츠, 선글라스, 양산, 장갑"
-7,-8,맑음,여,롱패딩,히트텍,기모치마,히트텍,"목도리, 장갑, 핫팩"
17,19,맑음,여,자켓,긴팔티,롱스커트,얇은 이너,없음
24,22,흐림,여,후드집업,긴팔티,슬랙스,얇은 이너,없음
30,25,흐림,남,없음,반팔,면반바지,없음,"모자, 선글라스, 양산"
19,15,맑음,여,자켓,후드티,롱스커트,없음,없음
6,8,맑음,남,롱패딩,히트텍,기모바지,히트텍,없음
25,25,눈,여,얇은 가디건,반팔,반바지,없음,"모자, 부츠, 선글라스, 양산, 장갑"
15,12,맑음,남,자켓,후드티,면바지,없음,없음
3,5,눈,여,코트,니트,기모레깅스,히트텍,"목도리, 부츠, 장갑, 핫팩"
-6,-11,흐림,남,코트,니트,기모바지,히트텍,"목도리, 장갑, 핫팩"
4,0,눈,여,패딩,기모후드,기모바지,히트텍,"목도리, 부츠, 장갑, 핫팩"
11,11,맑음,남,자켓,후드티,면바지,없음,없음
-5,-8,눈,여,롱패딩,기모후드,기모치마,히트텍,"목도리, 부츠, 장갑, 핫팩"
24,25,흐림,여,자켓,후드티,슬랙스,얇은 이너,없음
33,36,맑음,남,없음,민소매,면반바지,없음,"모자, 선글라스, 양산"
-1,-4,맑음,여,롱패딩,기모후드,기모바지,히트텍,"목도리, 장갑, 핫팩"
31,32,눈,여,얇은 가디건,민소매,치마,없음,"모자, 부츠, 선글라스, 양산, 장갑"
15,14,흐림,여,자켓,긴팔티,청바지,얇은 이너,없음
8,9,눈,남,패딩,니트,기모바지,히트텍,"부츠, 장갑"
16,19,흐림,여,가디건,맨투맨,롱스커트,얇은 이너,없음
28,27,흐림,여,없음,반팔,반바지,없음,"모자, 선글라스, 양산"
-6,-8,눈,여,코트,니트,기모레깅스,히트텍,"목도리, 부츠, 장갑, 핫팩"
4,1,흐림,남,코트,기모후드,기모청바지,히트텍,"목도리, 장갑, 핫팩"
30,27,눈,남,얇은 가디건,민소매,면반바지,없음,"모자, 부츠, 선글라스, 양산, 장갑"
18,15,흐림,여,가디건,맨투맨,슬랙스,없음,없음
12,7,눈,여,후드집업,맨투맨,롱스커트,없음,"부츠, 장갑"
10,12,비,여,자켓,맨투맨,청바지,얇은 이너,"레인부츠, 우산"
25,27,비,여,없음,반팔,치마,없음,"레인부츠, 모자, 선글라스, 양산, 우산"
28,31,비,남,얇은 가디건,반팔,면반바지,없음,"레인부츠, 모자, 선글라스, 양산, 우산"
21,22,비,여,자켓,후드티,롱스커트,없음,"레인부츠, 우산"
-10,-10,맑음,여,롱패딩,기모후드,기모치마,히트텍,"목도리, 장갑, 핫팩"
6,1,눈,남,롱패딩,히트텍,기모바지,히트텍,"부츠, 장갑"
14,12,비,남,가디건,긴팔티,슬랙스,없음,"레인부츠, 우산"
-3,-7,비,남,패딩,니트,기모바지,히트텍,"레인부츠, 목도리, 우산, 장갑, 핫팩"
15,14,맑음,여,후드집업,맨투맨,청바지,얇은 이너,없음
34,30,비,남,얇은 가디건,민소매,반바지,없음,"레인부츠, 모자, 선글라스, 양산, 우산"
17,15,눈,여,자켓,맨투맨,슬랙스,없음,"부츠, 장갑"
-2,0,눈,남,코트,니트,기모청바지,히트텍,"목도리, 부츠, 장갑, 핫팩"
-9,-9,맑음,여,코트,기모후드,기모치마,히트텍,"목도리, 장갑, 핫팩"
29,29,흐림,여,얇은 가디건,민소매,반바지,없음,"모자, 선글라스, 양산"
21,18,비,여,자켓,후드티,청바지,없음,"레인부츠, 우산"
5,5,흐림,여,코트,기모후드,기모치마,히트텍,"목도리, 장갑, 핫팩"
1,-1,맑음,여,패딩,기모후드,기모치마,히트텍,"목도리, 장갑, 핫팩"
4,6,맑음,여,패딩,니트,기모레깅스,히트텍,"목도리, 장갑, 핫팩"
11,9,눈,여,가디건,후드티,청바지,없음,"부츠, 장갑"
11,12,흐림,여,후드집업,후드티,롱스커트,없음,없음
20,16,눈,남,자켓,긴팔티,슬랙스,얇은 이너,"부츠, 장갑"
-5,-9,눈,남,코트,히트텍,기모바지,히트텍,"목도리, 부츠, 장갑, 핫팩"
-7,-7,맑음,남,코트,기모후드,기모청바지,히트텍,"목도리, 장갑, 핫팩"
19,20,흐림,여,가디건,맨투맨,청바지,얇은 이너,없음
17,13,눈,남,자켓,맨투맨,면바지,없음,"부츠, 장갑"
19,14,비,여,자켓,후드티,슬랙스,얇은 이너,"레인부츠, 우산"
20,16,비,남,가디건,긴팔티,슬랙스,얇은 이너,"레인부츠, 우산"
17,20,눈,여,자켓,긴팔티,청바지,얇은 이너,"부츠, 장갑"
34,36,흐림,남,없음,반팔,반바지,없음,"모자, 선글라스, 양산"
33,36,흐림,남,없음,민소매,면반바지,없음,"모자, 선글라스, 양산"
3,4,맑음,남,코트,기모후드,기모청바지,히트텍,"목도리, 장갑, 핫팩"
-2,-1,흐림,여,롱패딩,기모후드,기모치마,히트텍,"목도리, 장갑, 핫팩"
34,36,맑음,남,없음,민소매,면반바지,없음,"모자, 선글라스, 양산"
-10,-10,맑음,여,패딩,기모후드,기모치마,히트텍,"목도리, 장갑, 핫팩"
-9,-9,비,여,롱패딩,기모후드,기모바지,히트텍,"레인부츠, 목도리, 우산, 장갑, 핫팩"
16,12,흐림,여,자켓,긴팔티,슬랙스,없음,없음
-4,-3,비,남,코트,히트텍,기모바지,히트텍,"레인부츠, 목도리, 우산, 장갑, 핫팩"
-7,-12,비,여,패딩,히트텍,기모치마,히트텍,"레인부츠, 목도리, 우산, 장갑, 핫팩"
20,16,흐림,남,자켓,맨투맨,슬랙스,없음,없음
23,21,흐림,남,가디건,후드티,청바지,얇은 이너,없음
12,11,흐림,남,후드집업,후드티,면바지,얇은 이너,없음
7,8,눈,남,코트,기모후드,기모바지,히트텍,"부츠, 장갑"
0,-1,눈,남,코트,히트텍,기모바지,히트텍,"목도리, 부츠, 장갑, 핫팩"
-4,-5,비,남,패딩,히트텍,기모청바지,히트텍,"레인부츠, 목도리, 우산, 장갑, 핫팩"
-3,-8,맑음,여,롱패딩,기모후드,기모레깅스,히트텍,"목도리, 장갑, 핫팩"
-9,-8,흐림,남,롱패딩,기모후드,기모청바지,히트텍,"목도리, 장갑, 핫팩"
19,20,흐림,남,후드집업,긴팔티,청바지,없음,없음
31,33,비,여,없음,민소매,반바지,없음,"레인부츠, 모자, 선글라스, 양산, 우산"
16,16,눈,남,자켓,맨투맨,면바지,없음,"부츠, 장갑"
13,15,눈,남,자켓,맨투맨,면바지,얇은 이너,"부츠, 장갑"
27,30,눈,여,얇은 가디건,민소매,치마,없음,"모자, 부츠, 선글라스, 양산, 장갑"
17,12,눈,남,후드집업,후드티,청바지,없음,"부츠, 장갑"
1,4,눈,남,롱패딩,히트텍,기모바지,히트텍,"목도리, 부츠, 장갑, 핫팩"
22,19,흐림,여,가디건,후드티,슬랙스,없음,없음
25,20,비,남,없음,반팔,면반바지,없음,"레인부츠, 모자, 선글라스, 양산, 우산"
11,7,맑음,남,자켓,긴팔티,청바지,얇은 이너,없음
16,14,흐림,남,자켓,후드티,슬랙스,얇은 이너,없음
27,30,비,남,없음,반팔,반바지,없음,"레인부츠, 모자, 선글라스, 양산, 우산"
28,31,흐림,여,없음,민소매,치마,없음,"모자, 선글라스, 양산"
5,0,눈,남,롱패딩,니트,기모바지,히트텍,"목도리, 부츠, 장갑, 핫팩"
10,11,맑음,여,가디건,맨투맨,롱스커트,없음,없음
24,21,눈,남,자켓,후드티,슬랙스,없음,"부츠, 장갑"
19,20,눈,남,자켓,맨투맨,청바지,없음,"부츠, 장갑"
0,3,비,남,코트,히트텍,기모바지,히트텍,"레인부츠, 목도리, 우산, 장갑, 핫팩"
11,12,비,여,가디건,긴팔티,슬랙스,얇은 이너,"레인부츠, 우산"
2,5,눈,여,롱패딩,기모후드,기모레깅스,히트텍,"목도리, 부츠, 장갑, 핫팩"
1,4,눈,여,패딩,니트,기모바지,히트텍,"목도리, 부츠, 장갑, 핫팩"
-6,-8,맑음,남,롱패딩,니트,기모바지,히트텍,"목도리, 장갑, 핫팩"
31,26,눈,남,없음,민소매,반바지,없음,"모자, 부츠, 선글라스, 양산, 장갑"
10,8,눈,남,자켓,후드티,면바지,얇은 이너,"부츠, 장갑"
9,10,비,남,패딩,기모후드,기모바지,히트텍,"레인부츠, 우산"
15,11,눈,여,후드집업,긴팔티,슬랙스,없음,"부츠, 장갑"
2,3,눈,남,코트,니트,기모바지,히트텍,"목도리, 부츠, 장갑, 핫팩"
21,20,눈,남,후드집업,후드티,면바지,없음,"부츠, 장갑"
1,-2,맑음,남,코트,히트텍,기모청바지,히트텍,"목도리, 장갑, 핫팩"
12,12,비,여,가디건,후드티,청바지,얇은 이너,"레인부츠, 우산"
25,25,흐림,여,없음,민소매,반바지,없음,"모자, 선글라스, 양산"
12,14,눈,남,자켓,긴팔티,슬랙스,얇은 이너,"부츠, 장갑"
30,33,맑음,여,얇은 가디건,반팔,치마,없음,"모자, 선글라스, 양산"
23,23,비,여,자켓,후드티,롱스커트,없음,"레인부츠, 우산"
-5,-2,비,여,코트,히트텍,기모레깅스,히트텍,"레인부츠, 목도리, 우산, 장갑, 핫팩"
9,5,흐림,여,롱패딩,히트텍,기모바지,히트텍,없음
2,-1,흐림,남,롱패딩,니트,기모청바지,히트텍,"목도리, 장갑, 핫팩"
29,31,맑음,여,없음,반팔,치마,없음,"모자, 선글라스, 양산"
19,21,눈,여,가디건,맨투맨,슬랙스,없음,"부츠, 장갑"
27,22,눈,남,없음,민소매,면반바지,없음,"모자, 부츠, 선글라스, 양산, 장갑"
10,6,비,여,후드집업,후드티,슬랙스,없음,"레인부츠, 우산"
7,9,눈,여,롱패딩,니트,기모바지,히트텍,"부츠, 장갑"
16,14,비,남,후드집업,후드티,슬랙스,얇은 이너,"레인부츠, 우산"
25,26,비,남,없음,반팔,면반바지,없음,"레인부츠, 모자, 선글라스, 양산, 우산"
5,1,비,여,롱패딩,히트텍,기모바지,히트텍,"레인부츠, 목도리, 우산, 장갑, 핫팩"
-7,-11,흐림,여,코트,기모후드,기모치마,히트텍,"목도리, 장갑, 핫팩"
-6,-8,맑음,여,롱패딩,기모후드,기모레깅스,히트텍,"목도리, 장갑, 핫팩"
15,10,눈,남,가디건,긴팔티,청바지,없음,"부츠, 장갑"
-6,-11,흐림,여,패딩,니트,기모바지,히트텍,"목도리, 장갑, 핫팩"
32,29,흐림,남,없음,반팔,면반바지,없음,"모자, 선글라스, 양산"
-4,-5,비,여,패딩,히트텍,기모치마,히트텍,"레인부츠, 목도리, 우산, 장갑, 핫팩"
10,7,비,남,가디건,긴팔티,면바지,없음,"레인부츠, 우산"
-1,-1,눈,남,패딩,기모후드,기모청바지,히트텍,"목도리, 부츠, 장갑, 핫팩"
5,0,비,여,롱패딩,니트,기모레깅스,히트텍,"레인부츠, 목도리, 우산, 장갑, 핫팩"
-6,-7,비,남,코트,니트,기모청바지,히트텍,"레인부츠, 목도리, 우산, 장갑, 핫팩"
27,25,비,남,없음,반팔,면반바지,없음,"레인부츠, 모자, 선글라스, 양산, 우산"
-3,-3,맑음,여,코트,기모후드,기모치마,히트텍,"목도리, 장갑, 핫팩"
-2,-3,흐림,여,코트,히트텍,기모바지,히트텍,"목도리, 장갑, 핫팩"
10,13,흐림,여,후드집업,후드티,슬랙스,없음,없음
35,33,비,여,얇은 가디건,반팔,치마,없음,"레인부츠, 모자, 선글라스, 양산, 우산"
35,37,눈,여,없음,민소매,치마,없음,"모자, 부츠, 선글라스, 양산, 장갑"
32,28,맑음,여,얇은 가디건,반팔,치마,없음,"모자, 선글라스, 양산"
23,22,눈,여,후드집업,긴팔티,슬랙스,얇은 이너,"부츠, 장갑"
14,9,눈,여,후드집업,맨투맨,청바지,없음,"부츠, 장갑"
21,17,맑음,남,후드집업,긴팔티,슬랙스,얇은 이너,없음
0,-4,눈,여,패딩,니트,기모바지,히트텍,"목도리, 부츠, 장갑, 핫팩"
8,6,눈,여,패딩,기모후드,기모레깅스,히트텍,"부츠, 장갑"
-8,-11,맑음,남,패딩,히트텍,기모바지,히트텍,"목도리, 장갑, 핫팩"
18,20,맑음,여,자켓,맨투맨,청바지,없음,없음
27,30,비,여,없음,민소매,치마,없음,"레인부츠, 모자, 선글라스, 양산, 우산"
-1,-1,비,남,패딩,니트,기모바지,히트텍,"레인부츠, 목도리, 우산, 장갑, 핫팩"
34,31,비,여,얇은 가디건,민소매,반바지,없음,"레인부츠, 모자, 선글라스, 양산, 우산"
15,12,맑음,여,가디건,후드티,청바지,없음,없음
20,18,비,여,자켓,후드티,슬랙스,없음,"레인부츠, 우산"
-4,-3,맑음,남,패딩,기모후드,기모바지,히트텍,"목도리, 장갑, 핫팩"
11,9,눈,남,후드집업,긴팔티,청바지,얇은 이너,"부츠, 장갑"
19,14,맑음,남,후드집업,후드티,청바지,얇은 이너,없음
6,7,눈,여,패딩,니트,기모치마,히트텍,"부츠, 장갑"
12,7,눈,남,후드집업,후드티,면바지,얇은 이너,"부츠, 장갑"
8,10,흐림,남,롱패딩,기모후드,기모바지,히트텍,없음
4,2,눈,여,롱패딩,기모후드,기모바지,히트텍,"목도리, 부츠, 장갑, 핫팩"
19,18,맑음,여,자켓,후드티,청바지,없음,없음
-3,-2,맑음,남,롱패딩,기모후드,기모청바지,히트텍,"목도리, 장갑, 핫팩"
20,16,눈,남,자켓,맨투맨,면바지,없음,"부츠, 장갑"
15,17,흐림,남,자켓,긴팔티,슬랙스,얇은 이너,없음
7,8,눈,여,코트,기모후드,기모바지,히트텍,"부츠, 장갑"
21,16,맑음,남,가디건,긴팔티,면바지,없음,없음
19,21,흐림,여,후드집업,후드티,청바지,얇은 이너,없음
34,34,맑음,남,얇은 가디건,민소매,반바지,없음,"모자, 선글라스, 양산"
28,24,눈,남,없음,반팔,반바지,없음,"모자, 부츠, 선글라스, 양산, 장갑"
17,20,흐림,여,후드집업,후드티,슬랙스,없음,없음
15,11,비,남,자켓,긴팔티,면바지,얇은 이너,"레인부츠, 우산"
25,24,비,남,없음,반팔,반바지,없음,"레인부츠, 모자, 선글라스, 양산, 우산"
29,24,눈,남,없음,반팔,반바지,없음,"모자, 부츠, 선글라스, 양산, 장갑"
-2,0,흐림,남,패딩,기모후드,기모청바지,히트텍,"목도리, 장갑, 핫팩"
-4,-7,비,남,코트,히트텍,기모청바지,히트텍,"레인부츠, 목도리, 우산, 장갑, 핫팩"
18,15,맑음,여,가디건,후드티,롱스커트,없음,없음
-4,-9,맑음,남,코트,기모후드,기모바지,히트텍,"목도리, 장갑, 핫팩"
6,3,흐림,남,코트,기모후드,기모청바지,히트텍,없음
25,21,눈,여,없음,반팔,치마,없음,"모자, 부츠, 선글라스, 양산, 장갑"
14,17,흐림,여,자켓,후드티,롱스커트,없음,없음
-2,-5,눈,여,롱패딩,히트텍,기모레깅스,히트텍,"목도리, 부츠, 장갑, 핫팩"
0,0,맑음,여,패딩,히트텍,기모치마,히트텍,"목도리, 장갑, 핫팩"
13,13,비,남,자켓,긴팔티,슬랙스,얇은 이너,"레인부츠, 우산"
23,19,비,여,후드집업,후드티,슬랙스,얇은 이너,"레인부츠, 우산"
6,7,비,여,롱패딩,기모후드,기모레깅스,히트텍,"레인부츠, 우산"
26,26,맑음,여,없음,반팔,반바지,없음,"모자, 선글라스, 양산"
20,23,맑음,남,후드집업,후드티,면바지,얇은 이너,없음
22,24,흐림,남,자켓,맨투맨,슬랙스,얇은 이너,없음
3,2,맑음,남,패딩,기모후드,기모바지,히트텍,"목도리, 장갑, 핫팩"
9,4,맑음,여,패딩,니트,기모치마,히트텍,없음
11,6,비,여,가디건,후드티,슬랙스,없음,"레인부츠, 우산"
4,3,흐림,여,코트,니트,기모치마,히트텍,"목도리, 장갑, 핫팩"
22,21,흐림,남,후드집업,후드티,슬랙스,없음,없음
24,19,흐림,남,후드집업,긴팔티,슬랙스,없음,없음
22,22,비,여,후드집업,후드티,슬랙스,얇은 이너,"레인부츠, 우산"
-1,1,흐림,남,롱패딩,히트텍,기모바지,히트텍,"목도리, 장갑, 핫팩"
31,31,맑음,여,없음,반팔,치마,없음,"모자, 선글라스, 양산"
21,20,흐림,여,가디건,후드티,롱스커트,얇은 이너,없음
0,1,비,여,패딩,히트텍,기모치마,히트텍,"레인부츠, 목도리, 우산, 장갑, 핫팩"
-7,-7,흐림,남,롱패딩,기모후드,기모바지,히트텍,"목도리, 장갑, 핫팩"
4,4,비,남,코트,니트,기모청바지,히트텍,"레인부츠, 목도리, 우산, 장갑, 핫팩"
35,31,비,남,없음,반팔,면반바지,없음,"레인부츠, 모자, 선글라스, 양산, 우산"
-10,-11,흐림,여,패딩,기모후드,기모레깅스,히트텍,"목도리, 장갑, 핫팩"
-1,2,흐림,여,코트,기모후드,기모치마,히트텍,"목도리, 장갑, 핫팩"
23,26,흐림,여,후드집업,후드티,롱스커트,얇은 이너,없음
4,1,비,남,패딩,기모후드,기모바지,히트텍,"레인부츠, 목도리, 우산, 장갑, 핫팩"
-9,-8,맑음,여,패딩,니트,기모바지,히트텍,"목도리, 장갑, 핫팩"
15,12,비,남,자켓,긴팔티,청바지,얇은 이너,"레인부츠, 우산"
16,14,비,남,자켓,맨투맨,면바지,얇은 이너,"레인부츠, 우산"
-8,-12,비,남,코트,히트텍,기모바지,히트텍,"레인부츠, 목도리, 우산, 장갑, 핫팩"
-10,-9,맑음,여,롱패딩,기모후드,기모레깅스,히트텍,"목도리, 장갑, 핫팩"
12,7,흐림,여,후드집업,맨투맨,슬랙스,없음,없음
8,7,비,남,패딩,기모후드,기모청바지,히트텍,"레인부츠, 우산"
13,11,맑음,여,후드집업,후드티,슬랙스,없음,없음
-4,-4,비,여,코트,기모후드,기모바지,히트텍,"레인부츠, 목도리, 우산, 장갑, 핫팩"
25,22,비,남,없음,반팔,반바지,없음,"레인부츠, 모자, 선글라스, 양산, 우산"
-3,-8,흐림,남,롱패딩,히트텍,기모바지,히트텍,"목도리, 장갑, 핫팩"
17,13,맑음,남,가디건,맨투맨,청바지,없음,없음
15,14,눈,여,후드집업,맨투맨,청바지,없음,"부츠, 장갑"
23,23,비,남,후드집업,후드티,청바지,얇은 이너,"레인부츠, 우산"
16,15,흐림,남,자켓,후드티,청바지,없음,없음
33,31,눈,여,얇은 가디건,반팔,치마,없음,"모자, 부츠, 선글라스, 양산, 장갑"
8,8,맑음,여,패딩,기모후드,기모바지,히트텍,없음
0,-4,맑음,남,롱패딩,기모후드,기모청바지,히트텍,"목도리, 장갑, 핫팩"
32,31,눈,여,얇은 가디건,반팔,치마,없음,"모자, 부츠, 선글라스, 양산, 장갑"
18,19,흐림,남,후드집업,긴팔티,슬랙스,없음,없음
4,5,맑음,남,롱패딩,니트,기모바지,히트텍,"목도리, 장갑, 핫팩"
20,16,맑음,여,자켓,후드티,슬랙스,없음,없음
10,8,맑음,여,자켓,맨투맨,롱스커트,얇은 이너,없음
-5,-6,흐림,여,패딩,기모후드,기모바지,히트텍,"목도리, 장갑, 핫팩"
-3,-8,흐림,여,코트,기모후드,기모치마,히트텍,"목도리, 장갑, 핫팩"
-6,-11,비,여,코트,니트,기모바지,히트텍,"레인부츠, 목도리, 우산, 장갑, 핫팩"
20,23,비,여,후드집업,긴팔티,슬랙스,없음,"레인부츠, 우산"
30,26,흐림,여,얇은 가디건,민소매,치마,없음,"모자, 선글라스, 양산"
-5,-4,눈,여,롱패딩,기모후드,기모치마,히트텍,"목도리, 부츠, 장갑, 핫팩"
31,31,눈,남,없음,반팔,반바지,없음,"모자, 부츠, 선글라스, 양산, 장갑"
12,9,눈,여,후드집업,맨투맨,롱스커트,없음,"부츠, 장갑"
5,6,비,여,코트,기모후드,기모바지,히트텍,"레인부츠, 목도리, 우산, 장갑, 핫팩"
16,16,맑음,여,자켓,후드티,롱스커트,없음,없음
20,15,눈,남,가디건,긴팔티,면바지,얇은 이너,"부츠, 장갑"
17,20,맑음,남,후드집업,맨투맨,면바지,없음,없음
28,24,비,여,없음,반팔,반바지,없음,"레인부츠, 모자, 선글라스, 양산, 우산"
20,21,흐림,여,후드집업,긴팔티,슬랙스,없음,없음
15,16,비,남,가디건,맨투맨,슬랙스,없음,"레인부츠, 우산"
21,17,맑음,여,가디건,후드티,롱스커트,없음,없음
18,19,비,여,후드집업,긴팔티,청바지,얇은 이너,"레인부츠, 우산"
26,27,흐림,여,없음,반팔,치마,없음,"모자, 선글라스, 양산"
-4,-1,맑음,여,롱패딩,기모후드,기모바지,히트텍,"목도리, 장갑, 핫팩"
7,4,눈,여,롱패딩,기모후드,기모바지,히트텍,"부츠, 장갑"
2,5,눈,여,코트,히트텍,기모바지,히트텍,"목도리, 부츠, 장갑, 핫팩"
-8,-9,흐림,여,코트,히트텍,기모바지,히트텍,"목도리, 장갑, 핫팩"
0,-1,눈,남,패딩,니트,기모청바지,히트텍,"목도리, 부츠, 장갑, 핫팩"
22,23,비,여,후드집업,후드티,슬랙스,없음,"레인부츠, 우산"
5,1,눈,여,롱패딩,니트,기모치마,히트텍,"목도리, 부츠, 장갑, 핫팩"
24,22,눈,남,자켓,후드티,슬랙스,없음,"부츠, 장갑"
17,13,흐림,남,가디건,긴팔티,면바지,없음,없음
0,-4,눈,여,롱패딩,기모후드,기모레깅스,히트텍,"목도리, 부츠, 장갑, 핫팩"
-7,-9,비,남,패딩,히트텍,기모바지,히트텍,"레인부츠, 목도리, 우산, 장갑, 핫팩"
8,3,비,남,롱패딩,니트,기모바지,히트텍,"레인부츠, 우산"
23,23,맑음,여,후드집업,맨투맨,롱스커트,없음,없음
-6,-5,눈,남,롱패딩,니트,기모청바지,히트텍,"목도리, 부츠, 장갑, 핫팩"
13,9,흐림,여,가디건,후드티,청바지,없음,없음
34,36,흐림,여,얇은 가디건,반팔,반바지,없음,"모자, 선글라스, 양산"
19,19,비,남,후드집업,맨투맨,슬랙스,얇은 이너,"레인부츠, 우산"
8,8,비,남,코트,히트텍,기모청바지,히트텍,"레인부츠, 우산"
-8,-8,눈,남,패딩,니트,기모청바지,히트텍,"목도리, 부츠, 장갑, 핫팩"
4,6,비,남,코트,니트,기모바지,히트텍,"레인부츠, 목도리, 우산, 장갑, 핫팩"
19,15,비,여,가디건,후드티,롱스커트,없음,"레인부츠, 우산"
8,5,맑음,남,패딩,기모후드,기모청바지,히트텍,없음
35,32,비,여,얇은 가디건,민소매,반바지,없음,"레인부츠, 모자, 선글라스, 양산, 우산"
-5,-3,맑음,남,패딩,니트,기모청바지,히트텍,"목도리, 장갑, 핫팩"
-1,-5,눈,남,코트,히트텍,기모바지,히트텍,"목도리, 부츠, 장갑, 핫팩"
-4,-4,눈,남,코트,히트텍,기모바지,히트텍,"목도리, 부츠, 장갑, 핫팩"
12,11,눈,남,후드집업,긴팔티,청바지,없음,"부츠, 장갑"
18,15,흐림,남,후드집업,긴팔티,면바지,없음,없음
-10,-13,흐림,남,코트,히트텍,기모청바지,히트텍,"목도리, 장갑, 핫팩"
18,21,비,남,후드집업,맨투맨,청바지,없음,"레인부츠, 우산"
-8,-5,눈,남,코트,기모후드,기모바지,히트텍,"목도리, 부츠, 장갑, 핫팩"
6,6,맑음,여,패딩,니트,기모레깅스,히트텍,없음
11,9,흐림,여,가디건,맨투맨,청바지,없음,없음
7,9,비,남,패딩,히트텍,기모청바지,히트텍,"레인부츠, 우산"
4,4,비,여,코트,니트,기모레깅스,히트텍,"레인부츠, 목도리, 우산, 장갑, 핫팩"
14,13,비,여,후드집업,긴팔티,롱스커트,없음,"레인부츠, 우산"
15,12,흐림,남,후드집업,후드티,슬랙스,없음,없음
-6,-11,맑음,남,패딩,니트,기모청바지,히트텍,"목도리, 장갑, 핫팩"
-1,-2,눈,남,롱패딩,기모후드,기모청바지,히트텍,"목도리, 부츠, 장갑, 핫팩"
0,2,흐림,남,롱패딩,기모후드,기모청바지,히트텍,"목도리, 장갑, 핫팩"
1,1,비,남,패딩,기모후드,기모청바지,히트텍,"레인부츠, 목도리, 우산, 장갑, 핫팩"
-2,-3,비,여,롱패딩,니트,기모치마,히트텍,"레인부츠, 목도리, 우산, 장갑, 핫팩"
27,24,흐림,남,없음,민소매,면반바지,없음,"모자, 선글라스, 양산"
35,36,비,남,없음,민소매,반바지,없음,"레인부츠, 모자, 선글라스, 양산, 우산"
-1,1,비,남,코트,니트,기모청바지,히트텍,"레인부츠, 목도리, 우산, 장갑, 핫팩"
-5,-4,눈,여,코트,니트,기모치마,히트텍,"목도리, 부츠, 장갑, 핫팩"
-6,-6,흐림,남,패딩,니트,기모바지,히트텍,"목도리, 장갑, 핫팩"
-8,-9,눈,남,롱패딩,히트텍,기모바지,히트텍,"목도리, 부츠, 장갑, 핫팩"
28,27,눈,남,얇은 가디건,민소매,반바지,없음,"모자, 부츠, 선글라스, 양산, 장갑"
2,2,비,남,패딩,니트,기모청바지,히트텍,"레인부츠, 목도리, 우산, 장갑, 핫팩"
4,1,비,남,코트,히트텍,기모청바지,히트텍,"레인부츠, 목도리, 우산, 장갑, 핫팩"
4,6,눈,여,패딩,기모후드,기모치마,히트텍,"목도리, 부츠, 장갑, 핫팩"
-9,-12,눈,여,코트,니트,기모레깅스,히트텍,"목도리, 부츠, 장갑, 핫팩"
1,-2,눈,여,코트,히트텍,기모치마,히트텍,"목도리, 부츠, 장갑, 핫팩"
6,1,눈,여,롱패딩,니트,기모바지,히트텍,"부츠, 장갑"
25,26,흐림,여,얇은 가디건,민소매,반바지,없음,"모자, 선글라스, 양산"
-7,-4,비,남,코트,히트텍,기모바지,히트텍,"레인부츠, 목도리, 우산, 장갑, 핫팩"
-6,-3,맑음,남,롱패딩,기모후드,기모청바지,히트텍,"목도리, 장갑, 핫팩"
9,11,눈,여,패딩,기모후드,기모치마,히트텍,"부츠, 장갑"
-7,-10,맑음,남,코트,니트,기모바지,히트텍,"목도리, 장갑, 핫팩"
22,23,비,여,가디건,긴팔티,슬랙스,얇은 이너,"레인부츠, 우산"
3,0,맑음,남,패딩,기모후드,기모청바지,히트텍,"목도리, 장갑, 핫팩"
23,21,맑음,남,자켓,후드티,슬랙스,없음,없음
28,29,비,여,얇은 가디건,반팔,치마,없음,"레인부츠, 모자, 선글라스, 양산, 우산"
26,21,비,여,없음,민소매,반바지,없음,"레인부츠, 모자, 선글라스, 양산, 우산"
3,4,맑음,남,패딩,기모후드,기모바지,히트텍,"목도리, 장갑, 핫팩"
-9,-13,비,여,롱패딩,기모후드,기모바지,히트텍,"레인부츠, 목도리, 우산, 장갑, 핫팩"
11,9,비,여,후드집업,맨투맨,슬랙스,얇은 이너,"레인부츠, 우산"
16,12,흐림,여,가디건,긴팔티,슬랙스,얇은 이너,없음
9,11,비,여,롱패딩,니트,기모치마,히트텍,"레인부츠, 우산"
7,4,맑음,여,패딩,니트,기모레깅스,히트텍,없음
24,21,맑음,남,자켓,후드티,면바지,얇은 이너,없음
29,25,맑음,남,얇은 가디건,민소매,반바지,없음,"모자, 선글라스, 양산"
30,33,눈,남,얇은 가디건,민소매,면반바지,없음,"모자, 부츠, 선글라스, 양산, 장갑"
3,-2,맑음,여,패딩,히트텍,기모레깅스,히트텍,"목도리, 장갑, 핫팩"
19,15,눈,여,후드집업,맨투맨,청바지,없음,"부츠, 장갑"
-5,-5,맑음,남,롱패딩,니트,기모청바지,히트텍,"목도리, 장갑, 핫팩"
0,-4,눈,남,패딩,히트텍,기모바지,히트텍,"목도리, 부츠, 장갑, 핫팩"
33,31,흐림,남,얇은 가디건,민소매,면반바지,없음,"모자, 선글라스, 양산"
1,4,비,여,코트,히트텍,기모레깅스,히트텍,"레인부츠, 목도리, 우산, 장갑, 핫팩"
26,25,눈,남,없음,반팔,반바지,없음,"모자, 부츠, 선글라스, 양산, 장갑"
11,12,비,남,후드집업,긴팔티,청바지,없음,"레인부츠, 우산"
7,7,흐림,남,코트,기모후드,기모청바지,히트텍,없음
-7,-9,비,여,코트,니트,기모바지,히트텍,"레인부츠, 목도리, 우산, 장갑, 핫팩"
7,3,흐림,남,패딩,기모후드,기모바지,히트텍,없음
-9,-7,비,남,코트,기모후드,기모바지,히트텍,"레인부츠, 목도리, 우산, 장갑, 핫팩"
-10,-11,흐림,남,패딩,히트텍,기모청바지,히트텍,"목도리, 장갑, 핫팩"
31,31,흐림,남,없음,반팔,면반바지,없음,"모자, 선글라스, 양산"
29,27,비,여,없음,반팔,치마,없음,"레인부츠, 모자, 선글라스, 양산, 우산"
28,25,흐림,여,얇은 가디건,민소매,치마,없음,"모자, 선글라스, 양산"
27,29,눈,여,없음,반팔,치마,없음,"모자, 부츠, 선글라스, 양산, 장갑"
-5,-5,비,남,패딩,히트텍,기모바지,히트텍,"레인부츠, 목도리, 우산, 장갑, 핫팩"
8,6,눈,남,롱패딩,니트,기모바지,히트텍,"부츠, 장갑"
0,1,눈,남,패딩,니트,기모바지,히트텍,"목도리, 부츠, 장갑, 핫팩"
15,16,비,남,후드집업,맨투맨,청바지,얇은 이너,"레인부츠, 우산"
15,17,비,남,가디건,후드티,청바지,얇은 이너,"레인부츠, 우산"
31,26,눈,남,없음,민소매,면반바지,없음,"모자, 부츠, 선글라스, 양산, 장갑"
18,18,맑음,여,자켓,후드티,청바지,없음,없음
31,30,흐림,여,얇은 가디건,반팔,치마,없음,"모자, 선글라스, 양산"
15,15,맑음,남,후드집업,맨투맨,슬랙스,없음,없음
9,6,비,남,코트,니트,기모바지,히트텍,"레인부츠, 우산"
20,17,맑음,남,후드집업,긴팔티,슬랙스,없음,없음
22,23,흐림,남,가디건,긴팔티,청바지,얇은 이너,없음
2,5,맑음,남,롱패딩,니트,기모청바지,히트텍,"목도리, 장갑, 핫팩"
21,18,비,여,가디건,긴팔티,청바지,얇은 이너,"레인부츠, 우산"
16,17,흐림,여,자켓,후드티,청바지,얇은 이너,없음
29,25,흐림,여,없음,반팔,치마,없음,"모자, 선글라스, 양산"
28,29,맑음,남,얇은 가디건,반팔,면반바지,없음,"모자, 선글라스, 양산"
5,5,맑음,여,롱패딩,히트텍,기모바지,히트텍,"목도리, 장갑, 핫팩"
7,6,맑음,여,패딩,니트,기모바지,히트텍,없음
10,7,흐림,남,후드집업,맨투맨,슬랙스,없음,없음
19,20,흐림,여,후드집업,긴팔티,슬랙스,얇은 이너,없음
9,6,눈,여,패딩,히트텍,기모바지,히트텍,"부츠, 장갑"
18,14,흐림,남,후드집업,맨투맨,면바지,없음,없음
25,28,눈,남,얇은 가디건,반팔,면반바지,없음,"모자, 부츠, 선글라스, 양산, 장갑"
-7,-10,비,여,패딩,히트텍,기모치마,히트텍,"레인부츠, 목도리, 우산, 장갑, 핫팩"
28,26,비,남,얇은 가디건,반팔,면반바지,없음,"레인부츠, 모자, 선글라스, 양산, 우산"
24,25,맑음,남,가디건,긴팔티,슬랙스,없음,없음
2,-2,흐림,남,코트,니트,기모바지,히트텍,"목도리, 장갑, 핫팩"
-7,-5,눈,여,롱패딩,니트,기모치마,히트텍,"목도리, 부츠, 장갑, 핫팩"
31,32,맑음,남,얇은 가디건,반팔,면반바지,없음,"모자, 선글라스, 양산"
2,4,비,여,코트,니트,기모치마,히트텍,"레인부츠, 목도리, 우산, 장갑, 핫팩"
2,-2,눈,남,롱패딩,기모후드,기모바지,히트텍,"목도리, 부츠, 장갑, 핫팩"
10,7,눈,남,가디건,긴팔티,슬랙스,얇은 이너,"부츠, 장갑"
-8,-5,비,남,롱패딩,니트,기모바지,히트텍,"레인부츠, 목도리, 우산, 장갑, 핫팩"
0,-5,비,남,롱패딩,니트,기모청바지,히트텍,"레인부츠, 목도리, 우산, 장갑, 핫팩"
35,31,비,여,얇은 가디건,반팔,치마,없음,"레인부츠, 모자, 선글라스, 양산, 우산"
29,31,흐림,여,없음,반팔,치마,없음,"모자, 선글라스, 양산"
25,20,맑음,남,얇은 가디건,민소매,반바지,없음,"모자, 선글라스, 양산"
29,32,비,여,얇은 가디건,민소매,치마,없음,"레인부츠, 모자, 선글라스, 양산, 우산"
29,27,눈,남,얇은 가디건,민소매,면반바지,없음,"모자, 부츠, 선글라스, 양산, 장갑"
35,36,맑음,남,없음,반팔,면반바지,없음,"모자, 선글라스, 양산"
10,7,눈,남,자켓,긴팔티,청바지,없음,"부츠, 장갑"
21,20,맑음,남,가디건,후드티,면바지,없음,없음
9,10,맑음,여,롱패딩,니트,기모레깅스,히트텍,없음
-6,-3,비,남,코트,기모후드,기모청바지,히트텍,"레인부츠, 목도리, 우산, 장갑, 핫팩"
14,12,비,여,자켓,맨투맨,슬랙스,없음,"레인부츠, 우산"
17,13,맑음,남,자켓,맨투맨,슬랙스,없음,없음
3,6,비,여,코트,기모후드,기모바지,히트텍,"레인부츠, 목도리, 우산, 장갑, 핫팩"
4,7,비,남,코트,니트,기모청바지,히트텍,"레인부츠, 목도리, 우산, 장갑, 핫팩"
15,18,맑음,남,자켓,맨투맨,슬랙스,얇은 이너,없음
12,11,흐림,남,후드집업,긴팔티,슬랙스,없음,없음
21,24,비,남,후드집업,맨투맨,청바지,없음,"레인부츠, 우산"
-4,-9,흐림,남,패딩,히트텍,기모바지,히트텍,"목도리, 장갑, 핫팩"
10,8,흐림,여,후드집업,후드티,청바지,얇은 이너,없음
8,6,비,남,롱패딩,히트텍,기모바지,히트텍,"레인부츠, 우산"
-10,-9,맑음,여,코트,니트,기모바지,히트텍,"목도리, 장갑, 핫팩"
12,14,눈,남,가디건,후드티,슬랙스,얇은 이너,"부츠, 장갑"
11,14,눈,남,후드집업,맨투맨,청바지,얇은 이너,"부츠, 장갑"
-5,-7,눈,남,코트,니트,기모바지,히트텍,"목도리, 부츠, 장갑, 핫팩"
22,20,비,여,자켓,후드티,청바지,얇은 이너,"레인부츠, 우산"
-4,-1,흐림,남,코트,니트,기모청바지,히트텍,"목도리, 장갑, 핫팩"
27,23,눈,여,얇은 가디건,반팔,치마,없음,"모자, 부츠, 선글라스, 양산, 장갑"
22,18,눈,여,가디건,긴팔티,롱스커트,얇은 이너,"부츠, 장갑"
9,10,흐림,남,패딩,니트,기모청바지,히트텍,없음
5,0,비,남,코트,히트텍,기모바지,히트텍,"레인부츠, 목도리, 우산, 장갑, 핫팩"
4,-1,맑음,남,롱패딩,니트,기모청바지,히트텍,"목도리, 장갑, 핫팩"
-9,-9,맑음,여,코트,기모후드,기모바지,히트텍,"목도리, 장갑, 핫팩"
31,31,맑음,남,없음,민소매,반바지,없음,"모자, 선글라스, 양산"
14,15,흐림,남,후드집업,맨투맨,청바지,없음,없음
-6,-3,흐림,여,패딩,기모후드,기모치마,히트텍,"목도리, 장갑, 핫팩"
26,27,맑음,남,없음,반팔,면반바지,없음,"모자, 선글라스, 양산"
4,1,흐림,여,패딩,히트텍,기모치마,히트텍,"목도리, 장갑, 핫팩"
10,7,비,여,후드집업,맨투맨,청바지,얇은 이너,"레인부츠, 우산"
0,1,눈,여,패딩,기모후드,기모레깅스,히트텍,"목도리, 부츠, 장갑, 핫팩"
35,31,흐림,남,없음,반팔,면반바지,없음,"모자, 선글라스, 양산"
14,12,비,남,가디건,맨투맨,면바지,없음,"레인부츠, 우산"
-4,-7,비,남,코트,기모후드,기모바지,히트텍,"레인부츠, 목도리, 우산, 장갑, 핫팩"
29,26,흐림,여,얇은 가디건,반팔,치마,없음,"모자, 선글라스, 양산"
18,13,흐림,남,자켓,긴팔티,면바지,얇은 이너,없음
4,1,눈,여,코트,히트텍,기모치마,히트텍,"목도리, 부츠, 장갑, 핫팩"
-1,-1,눈,여,패딩,히트텍,기모바지,히트텍,"목도리, 부츠, 장갑, 핫팩"
3,1,맑음,여,패딩,기모후드,기모레깅스,히트텍,"목도리, 장갑, 핫팩"
33,36,맑음,남,없음,반팔,면반바지,없음,"모자, 선글라스, 양산"
9,9,눈,남,롱패딩,기모후드,기모바지,히트텍,"부츠, 장갑"
3,3,흐림,남,롱패딩,히트텍,기모청바지,히트텍,"목도리, 장갑, 핫팩"
7,8,눈,여,코트,니트,기모레깅스,히트텍,"부츠, 장갑"
15,12,눈,남,자켓,후드티,슬랙스,없음,"부츠, 장갑"
14,9,흐림,남,후드집업,긴팔티,면바지,없음,없음
12,10,맑음,여,자켓,후드티,슬랙스,얇은 이너,없음
-2,1,눈,남,롱패딩,히트텍,기모바지,히트텍,"목도리, 부츠, 장갑, 핫팩"
-4,-2,맑음,여,코트,니트,기모바지,히트텍,"목도리, 장갑, 핫팩"
24,24,비,여,가디건,후드티,롱스커트,없음,"레인부츠, 우산"
14,15,흐림,남,가디건,맨투맨,청바지,얇은 이너,없음
23,24,흐림,여,자켓,긴팔티,슬랙스,얇은 이너,없음
2,-1,흐림,여,롱패딩,기모후드,기모레깅스,히트텍,"목도리, 장갑, 핫팩"
-7,-6,눈,남,롱패딩,히트텍,기모청바지,히트텍,"목도리, 부츠, 장갑, 핫팩"
-9,-10,흐림,여,롱패딩,기모후드,기모레깅스,히트텍,"목도리, 장갑, 핫팩"
4,3,눈,여,롱패딩,히트텍,기모바지,히트텍,"목도리, 부츠, 장갑, 핫팩"
22,19,맑음,여,자켓,맨투맨,슬랙스,얇은 이너,없음
20,22,흐림,여,가디건,긴팔티,롱스커트,없음,없음
-9,-7,흐림,여,코트,히트텍,기모바지,히트텍,"목도리, 장갑, 핫팩"
19,19,비,남,후드집업,후드티,슬랙스,얇은 이너,"레인부츠, 우산"
1,2,맑음,여,패딩,히트텍,기모치마,히트텍,"목도리, 장갑, 핫팩"
23,22,눈,여,자켓,긴팔티,청바지,없음,"부츠, 장갑"
-1,-1,눈,남,롱패딩,기모후드,기모바지,히트텍,"목도리, 부츠, 장갑, 핫팩"
25,28,눈,여,얇은 가디건,민소매,반바지,없음,"모자, 부츠, 선글라스, 양산, 장갑"
-10,-13,눈,남,패딩,히트텍,기모청바지,히트텍,"목도리, 부츠, 장갑, 핫팩"
-2,-1,눈,여,패딩,히트텍,기모바지,히트텍,"목도리, 부츠, 장갑, 핫팩"
27,29,눈,여,얇은 가디건,민소매,반바지,없음,"모자, 부츠, 선글라스, 양산, 장갑"
25,27,눈,남,얇은 가디건,민소매,반바지,없음,"모자, 부츠, 선글라스, 양산, 장갑"
10,13,흐림,남,자켓,맨투맨,청바지,없음,없음
11,7,맑음,여,자켓,긴팔티,청바지,얇은 이너,없음
10,6,비,남,가디건,긴팔티,슬랙스,얇은 이너,"레인부츠, 우산"
5,8,눈,여,코트,니트,기모치마,히트텍,"목도리, 부츠, 장갑, 핫팩"
23,20,비,남,자켓,긴팔티,슬랙스,없음,"레인부츠, 우산"
6,2,맑음,남,패딩,히트텍,기모바지,히트텍,없음
-4,-3,눈,남,롱패딩,히트텍,기모바지,히트텍,"목도리, 부츠, 장갑, 핫팩"
-6,-5,비,남,롱패딩,히트텍,기모바지,히트텍,"레인부츠, 목도리, 우산, 장갑, 핫팩"
8,4,눈,여,코트,니트,기모치마,히트텍,"부츠, 장갑"
1,-2,비,여,코트,니트,기모바지,히트텍,"레인부츠, 목도리, 우산, 장갑, 핫팩"
12,11,눈,여,가디건,맨투맨,롱스커트,없음,"부츠, 장갑"
14,16,비,여,가디건,맨투맨,롱스커트,얇은 이너,"레인부츠, 우산"
25,21,눈,남,없음,반팔,반바지,없음,"모자, 부츠, 선글라스, 양산, 장갑"
5,8,흐림,남,롱패딩,니트,기모바지,히트텍,"목도리, 장갑, 핫팩"
-5,-3,흐림,여,롱패딩,기모후드,기모치마,히트텍,"목도리, 장갑, 핫팩"
33,28,비,여,없음,반팔,반바지,없음,"레인부츠, 모자, 선글라스, 양산, 우산"
-5,-4,맑음,여,패딩,니트,기모치마,히트텍,"목도리, 장갑, 핫팩"
33,28,흐림,남,없음,민소매,면반바지,없음,"모자, 선글라스, 양산"
21,23,맑음,남,후드집업,긴팔티,면바지,없음,없음
27,28,비,남,얇은 가디건,반팔,반바지,없음,"레인부츠, 모자, 선글라스, 양산, 우산"
18,19,맑음,여,자켓,맨투맨,청바지,얇은 이너,없음
10,13,비,여,가디건,후드티,청바지,얇은 이너,"레인부츠, 우산"
35,38,맑음,여,없음,민소매,치마,없음,"모자, 선글라스, 양산"
7,10,눈,남,코트,기모후드,기모바지,히트텍,"부츠, 장갑"
-3,0,맑음,여,패딩,니트,기모치마,히트텍,"목도리, 장갑, 핫팩"
31,34,비,남,없음,반팔,면반바지,없음,"레인부츠, 모자, 선글라스, 양산, 우산"
28,24,흐림,남,없음,반팔,반바지,없음,"모자, 선글라스, 양산"
4,-1,맑음,여,롱패딩,기모후드,기모치마,히트텍,"목도리, 장갑, 핫팩"
16,17,눈,여,후드집업,후드티,롱스커트,얇은 이너,"부츠, 장갑"
-10,-9,맑음,남,롱패딩,기모후드,기모바지,히트텍,"목도리, 장갑, 핫팩"
-1,-3,비,여,패딩,히트텍,기모바지,히트텍,"레인부츠, 목도리, 우산, 장갑, 핫팩"
-2,-3,맑음,여,코트,기모후드,기모치마,히트텍,"목도리, 장갑, 핫팩"
-5,-5,눈,여,패딩,히트텍,기모치마,히트텍,"목도리, 부츠, 장갑, 핫팩"
8,8,맑음,남,롱패딩,니트,기모바지,히트텍,없음
24,27,흐림,남,후드집업,긴팔티,슬랙스,얇은 이너,없음
-4,-7,비,여,롱패딩,히트텍,기모치마,히트텍,"레인부츠, 목도리, 우산, 장갑, 핫팩"
31,30,비,여,얇은 가디건,민소매,반바지,없음,"레인부츠, 모자, 선글라스, 양산, 우산"
-10,-11,맑음,남,패딩,기모후드,기모바지,히트텍,"목도리, 장갑, 핫팩"
14,15,눈,남,후드집업,맨투맨,슬랙스,얇은 이너,"부츠, 장갑"
8,11,비,여,패딩,기모후드,기모레깅스,히트텍,"레인부츠, 우산"
31,27,맑음,남,얇은 가디건,반팔,반바지,없음,"모자, 선글라스, 양산"
31,29,비,남,얇은 가디건,반팔,면반바지,없음,"레인부츠, 모자, 선글라스, 양산, 우산"
25,21,눈,남,얇은 가디건,반팔,반바지,없음,"모자, 부츠, 선글라스, 양산, 장갑"
23,20,맑음,남,가디건,긴팔티,면바지,얇은 이너,없음
0,-3,흐림,여,패딩,기모후드,기모치마,히트텍,"목도리, 장갑, 핫팩"
-6,-10,비,여,패딩,기모후드,기모바지,히트텍,"레인부츠, 목도리, 우산, 장갑, 핫팩"
14,9,눈,여,자켓,후드티,슬랙스,얇은 이너,"부츠, 장갑"
2,2,맑음,여,코트,니트,기모바지,히트텍,"목도리, 장갑, 핫팩"
12,8,맑음,남,가디건,긴팔티,청바지,얇은 이너,없음
21,22,맑음,남,후드집업,긴팔티,면바지,얇은 이너,없음
12,8,비,여,가디건,맨투맨,롱스커트,없음,"레인부츠, 우산"
-1,-3,흐림,여,패딩,기모후드,기모치마,히트텍,"목도리, 장갑, 핫팩"
13,8,비,남,가디건,후드티,슬랙스,없음,"레인부츠, 우산"
14,9,흐림,여,가디건,맨투맨,롱스커트,얇은 이너,없음
-5,-8,맑음,여,패딩,니트,기모레깅스,히트텍,"목도리, 장갑, 핫팩"
29,27,맑음,남,얇은 가디건,민소매,반바지,없음,"모자, 선글라스, 양산"
35,32,흐림,남,얇은 가디건,민소매,반바지,없음,"모자, 선글라스, 양산"
-7,-10,비,여,롱패딩,기모후드,기모바지,히트텍,"레인부츠, 목도리, 우산, 장갑, 핫팩"
25,27,비,여,없음,반팔,반바지,없음,"레인부츠, 모자, 선글라스, 양산, 우산"
10,5,맑음,여,후드집업,맨투맨,슬랙스,얇은 이너,없음
26,24,흐림,여,없음,반팔,반바지,없음,"모자, 선글라스, 양산"
-1,0,맑음,여,코트,히트텍,기모레깅스,히트텍,"목도리, 장갑, 핫팩"
-9,-9,눈,남,코트,니트,기모청바지,히트텍,"목도리, 부츠, 장갑, 핫팩"
35,35,흐림,여,없음,반팔,반바지,없음,"모자, 선글라스, 양산"
22,23,비,남,가디건,맨투맨,면바지,얇은 이너,"레인부츠, 우산"
10,13,흐림,남,가디건,맨투맨,면바지,없음,없음
11,9,비,남,가디건,맨투맨,면바지,얇은 이너,"레인부츠, 우산"
7,9,비,여,패딩,기모후드,기모바지,히트텍,"레인부츠, 우산"
14,13,흐림,남,자켓,긴팔티,청바지,얇은 이너,없음
27,27,흐림,남,없음,민소매,면반바지,없음,"모자, 선글라스, 양산"
-8,-6,흐림,남,롱패딩,니트,기모바지,히트텍,"목도리, 장갑, 핫팩"
15,16,눈,남,후드집업,맨투맨,면바지,얇은 이너,"부츠, 장갑"
34,32,흐림,남,없음,반팔,반바지,없음,"모자, 선글라스, 양산"
6,3,맑음,여,코트,니트,기모치마,히트텍,없음
18,16,비,여,가디건,후드티,슬랙스,없음,"레인부츠, 우산"
17,16,흐림,여,후드집업,맨투맨,롱스커트,없음,없음
4,4,눈,여,코트,니트,기모바지,히트텍,"목도리, 부츠, 장갑, 핫팩"
10,8,비,남,가디건,맨투맨,청바지,없음,"레인부츠, 우산"
-5,-6,눈,여,패딩,니트,기모바지,히트텍,"목도리, 부츠, 장갑, 핫팩"
2,5,맑음,여,패딩,기모후드,기모바지,히트텍,"목도리, 장갑, 핫팩"
28,23,눈,여,얇은 가디건,반팔,반바지,없음,"모자, 부츠, 선글라스, 양산, 장갑"
33,33,눈,여,얇은 가디건,민소매,치마,없음,"모자, 부츠, 선글라스, 양산, 장갑"
27,27,눈,남,얇은 가디건,반팔,면반바지,없음,"모자, 부츠, 선글라스, 양산, 장갑"
14,12,눈,남,가디건,맨투맨,슬랙스,없음,"부츠, 장갑"
12,12,흐림,남,후드집업,후드티,면바지,없음,없음
4,7,비,남,패딩,니트,기모바지,히트텍,"레인부츠, 목도리, 우산, 장갑, 핫팩"
32,30,맑음,남,얇은 가디건,반팔,면반바지,없음,"모자, 선글라스, 양산"
26,28,눈,남,없음,민소매,면반바지,없음,"모자, 부츠, 선글라스, 양산, 장갑"
22,17,흐림,여,자켓,후드티,롱스커트,없음,없음
-10,-9,비,남,패딩,히트텍,기모바지,히트텍,"레인부츠, 목도리, 우산, 장갑, 핫팩"
25,25,눈,여,없음,반팔,반바지,없음,"모자, 부츠, 선글라스, 양산, 장갑"
6,1,맑음,남,롱패딩,니트,기모바지,히트텍,없음
6,3,비,남,코트,니트,기모바지,히트텍,"레인부츠, 우산"
28,28,눈,남,얇은 가디건,반팔,면반바지,없음,"모자, 부츠, 선글라스, 양산, 장갑"
-8,-6,비,남,패딩,히트텍,기모청바지,히트텍,"레인부츠, 목도리, 우산, 장갑, 핫팩"
19,20,맑음,남,가디건,후드티,청바지,없음,없음
10,7,흐림,남,자켓,긴팔티,슬랙스,얇은 이너,없음
35,33,흐림,여,얇은 가디건,반팔,치마,없음,"모자, 선글라스, 양산"
32,34,흐림,여,얇은 가디건,반팔,치마,없음,"모자, 선글라스, 양산"
20,17,흐림,여,가디건,맨투맨,슬랙스,없음,없음
-5,-8,비,여,코트,니트,기모바지,히트텍,"레인부츠, 목도리, 우산, 장갑, 핫팩"
31,32,맑음,여,없음,반팔,치마,없음,"모자, 선글라스, 양산"
4,3,맑음,여,코트,히트텍,기모바지,히트텍,"목도리, 장갑, 핫팩"
-5,-10,비,여,코트,기모후드,기모치마,히트텍,"레인부츠, 목도리, 우산, 장갑, 핫팩"
27,24,맑음,남,없음,반팔,반바지,없음,"모자, 선글라스, 양산"
16,16,눈,여,후드집업,긴팔티,슬랙스,얇은 이너,"부츠, 장갑"
19,14,흐림,여,가디건,맨투맨,롱스커트,없음,없음
15,16,흐림,남,후드집업,맨투맨,면바지,얇은 이너,없음
6,6,흐림,여,코트,히트텍,기모치마,히트텍,없음
5,0,비,남,코트,기모후드,기모청바지,히트텍,"레인부츠, 목도리, 우산, 장갑, 핫팩"
2,3,비,여,롱패딩,히트텍,기모치마,히트텍,"레인부츠, 목도리, 우산, 장갑, 핫팩"
27,25,흐림,남,얇은 가디건,반팔,면반바지,없음,"모자, 선글라스, 양산"
-5,-4,눈,여,롱패딩,히트텍,기모바지,히트텍,"목도리, 부츠, 장갑, 핫팩"
5,0,맑음,남,롱패딩,히트텍,기모청바지,히트텍,"목도리, 장갑, 핫팩"
4,2,눈,남,롱패딩,기모후드,기모청바지,히트텍,"목도리, 부츠, 장갑, 핫팩"
4,-1,흐림,여,패딩,니트,기모치마,히트텍,"목도리, 장갑, 핫팩"
29,25,흐림,남,얇은 가디건,민소매,반바지,없음,"모자, 선글라스, 양산"
0,3,흐림,여,코트,기모후드,기모레깅스,히트텍,"목도리, 장갑, 핫팩"
31,33,비,남,없음,반팔,면반바지,없음,"레인부츠, 모자, 선글라스, 양산, 우산"
14,14,눈,남,자켓,긴팔티,청바지,얇은 이너,"부츠, 장갑"
34,29,맑음,여,얇은 가디건,민소매,치마,없음,"모자, 선글라스, 양산"
15,12,비,남,자켓,긴팔티,면바지,얇은 이너,"레인부츠, 우산"
31,29,맑음,남,얇은 가디건,반팔,반바지,없음,"모자, 선글라스, 양산"
5,8,눈,여,패딩,히트텍,기모레깅스,히트텍,"목도리, 부츠, 장갑, 핫팩"
20,22,눈,여,자켓,긴팔티,슬랙스,얇은 이너,"부츠, 장갑"
-3,-4,맑음,여,패딩,기모후드,기모레깅스,히트텍,"목도리, 장갑, 핫팩"
14,13,눈,여,후드집업,맨투맨,롱스커트,얇은 이너,"부츠, 장갑"
28,29,비,여,얇은 가디건,민소매,반바지,없음,"레인부츠, 모자, 선글라스, 양산, 우산"
10,12,눈,남,후드집업,맨투맨,청바지,없음,"부츠, 장갑"
34,35,비,여,얇은 가디건,민소매,치마,없음,"레인부츠, 모자, 선글라스, 양산, 우산"
-2,-1,비,남,롱패딩,히트텍,기모청바지,히트텍,"레인부츠, 목도리, 우산, 장갑, 핫팩"
26,23,흐림,남,없음,민소매,면반바지,없음,"모자, 선글라스, 양산"
-8,-5,맑음,남,코트,니트,기모청바지,히트텍,"목도리, 장갑, 핫팩"
-6,-11,비,남,롱패딩,기모후드,기모바지,히트텍,"레인부츠, 목도리, 우산, 장갑, 핫팩"
0,-3,맑음,여,롱패딩,기모후드,기모바지,히트텍,"목도리, 장갑, 핫팩"
6,6,눈,남,코트,히트텍,기모바지,히트텍,"부츠, 장갑"
19,20,비,여,자켓,맨투맨,롱스커트,얇은 이너,"레인부츠, 우산"
22,24,흐림,여,가디건,긴팔티,청바지,얇은 이너,없음
23,26,눈,남,후드집업,긴팔티,청바지,없음,"부츠, 장갑"
11,7,비,남,후드집업,긴팔티,슬랙스,얇은 이너,"레인부츠, 우산"
-2,1,흐림,남,롱패딩,니트,기모청바지,히트텍,"목도리, 장갑, 핫팩"
6,4,비,남,코트,니트,기모청바지,히트텍,"레인부츠, 우산"
13,10,흐림,여,후드집업,맨투맨,롱스커트,얇은 이너,없음
5,3,흐림,여,패딩,히트텍,기모바지,히트텍,"목도리, 장갑, 핫팩"
-4,-2,맑음,여,패딩,기모후드,기모치마,히트텍,"목도리, 장갑, 핫팩"
31,26,비,여,없음,민소매,치마,없음,"레인부츠, 모자, 선글라스, 양산, 우산"
14,9,맑음,남,후드집업,긴팔티,면바지,얇은 이너,없음
9,4,눈,남,패딩,히트텍,기모청바지,히트텍,"부츠, 장갑"
10,6,맑음,남,자켓,긴팔티,청바지,얇은 이너,없음
14,14,흐림,여,후드집업,맨투맨,청바지,없음,없음
-9,-13,눈,남,롱패딩,니트,기모청바지,히트텍,"목도리, 부츠, 장갑, 핫팩"
-8,-13,흐림,남,코트,기모후드,기모청바지,히트텍,"목도리, 장갑, 핫팩"
8,6,맑음,여,패딩,히트텍,기모바지,히트텍,없음
-8,-5,눈,남,롱패딩,히트텍,기모청바지,히트텍,"목도리, 부츠, 장갑, 핫팩"
5,7,눈,여,롱패딩,기모후드,기모레깅스,히트텍,"목도리, 부츠, 장갑, 핫팩"
-1,-3,눈,여,롱패딩,기모후드,기모바지,히트텍,"목도리, 부츠, 장갑, 핫팩"
16,11,흐림,남,자켓,후드티,슬랙스,얇은 이너,없음
30,32,맑음,남,없음,반팔,반바지,없음,"모자, 선글라스, 양산"
18,13,흐림,남,후드집업,맨투맨,슬랙스,얇은 이너,없음
23,21,눈,남,자켓,후드티,면바지,얇은 이너,"부츠, 장갑"
33,33,맑음,남,없음,반팔,반바지,없음,"모자, 선글라스, 양산"
-5,-4,흐림,여,코트,니트,기모레깅스,히트텍,"목도리, 장갑, 핫팩"
23,21,눈,남,자켓,맨투맨,청바지,얇은 이너,"부츠, 장갑"
5,0,비,남,코트,니트,기모바지,히트텍,"레인부츠, 목도리, 우산, 장갑, 핫팩"
-4,-8,비,여,코트,기모후드,기모치마,히트텍,"레인부츠, 목도리, 우산, 장갑, 핫팩"
4,0,눈,남,패딩,히트텍,기모청바지,히트텍,"목도리, 부츠, 장갑, 핫팩"
1,-3,비,여,코트,기모후드,기모치마,히트텍,"레인부츠, 목도리, 우산, 장갑, 핫팩"
18,16,흐림,여,가디건,긴팔티,롱스커트,얇은 이너,없음
-5,-6,비,여,패딩,니트,기모치마,히트텍,"레인부츠, 목도리, 우산, 장갑, 핫팩"
1,4,비,여,코트,니트,기모바지,히트텍,"레인부츠, 목도리, 우산, 장갑, 핫팩"
29,31,맑음,여,없음,반팔,치마,없음,"모자, 선글라스, 양산"
31,26,흐림,여,없음,민소매,치마,없음,"모자, 선글라스, 양산"
0,3,흐림,여,롱패딩,기모후드,기모치마,히트텍,"목도리, 장갑, 핫팩"
28,23,흐림,여,얇은 가디건,민소매,반바지,없음,"모자, 선글라스, 양산"
-9,-7,눈,남,코트,기모후드,기모바지,히트텍,"목도리, 부츠, 장갑, 핫팩"
-4,-1,비,남,롱패딩,니트,기모바지,히트텍,"레인부츠, 목도리, 우산, 장갑, 핫팩"
-4,-9,눈,남,코트,히트텍,기모청바지,히트텍,"목도리, 부츠, 장갑, 핫팩"
12,13,눈,여,가디건,긴팔티,슬랙스,얇은 이너,"부츠, 장갑"
-9,-10,흐림,남,코트,니트,기모바지,히트텍,"목도리, 장갑, 핫팩"
31,27,눈,남,없음,반팔,면반바지,없음,"모자, 부츠, 선글라스, 양산, 장갑"
11,7,비,남,자켓,후드티,슬랙스,얇은 이너,"레인부츠, 우산"
-6,-9,눈,남,패딩,니트,기모바지,히트텍,"목도리, 부츠, 장갑, 핫팩"
29,32,맑음,남,없음,반팔,면반바지,없음,"모자, 선글라스, 양산"
27,25,눈,남,얇은 가디건,반팔,반바지,없음,"모자, 부츠, 선글라스, 양산, 장갑"
-2,1,흐림,여,패딩,기모후드,기모레깅스,히트텍,"목도리, 장갑, 핫팩"
1,-3,맑음,남,패딩,기모후드,기모청바지,히트텍,"목도리, 장갑, 핫팩"
14,15,맑음,여,가디건,맨투맨,롱스커트,없음,없음
8,9,비,여,롱패딩,히트텍,기모레깅스,히트텍,"레인부츠, 우산"
23,26,맑음,남,자켓,후드티,면바지,없음,없음
13,11,흐림,남,후드집업,맨투맨,슬랙스,얇은 이너,없음
18,15,흐림,남,후드집업,맨투맨,슬랙스,얇은 이너,없음
2,2,맑음,남,롱패딩,히트텍,기모청바지,히트텍,"목도리, 장갑, 핫팩"
12,14,눈,남,자켓,긴팔티,면바지,얇은 이너,"부츠, 장갑"
14,9,흐림,여,자켓,후드티,슬랙스,없음,없음
11,11,맑음,남,가디건,후드티,면바지,얇은 이너,없음
3,4,비,여,코트,히트텍,기모바지,히트텍,"레인부츠, 목도리, 우산, 장갑, 핫팩"
33,28,흐림,여,없음,민소매,치마,없음,"모자, 선글라스, 양산"
23,26,흐림,여,후드집업,긴팔티,청바지,없음,없음
-2,-7,맑음,남,패딩,히트텍,기모청바지,히트텍,"목도리, 장갑, 핫팩"
7,4,흐림,남,롱패딩,히트텍,기모청바지,히트텍,없음
0,1,눈,남,롱패딩,히트텍,기모바지,히트텍,"목도리, 부츠, 장갑, 핫팩"
7,4,눈,남,코트,기모후드,기모바지,히트텍,"부츠, 장갑"
1,1,맑음,남,코트,니트,기모바지,히트텍,"목도리, 장갑, 핫팩"
18,20,흐림,여,후드집업,맨투맨,롱스커트,없음,없음
10,7,흐림,남,가디건,맨투맨,청바지,얇은 이너,없음
19,19,눈,남,가디건,긴팔티,면바지,얇은 이너,"부츠, 장갑"
3,-2,비,여,패딩,히트텍,기모치마,히트텍,"레인부츠, 목도리, 우산, 장갑, 핫팩"
29,30,맑음,여,얇은 가디건,반팔,치마,없음,"모자, 선글라스, 양산"
13,10,눈,여,가디건,긴팔티,청바지,없음,"부츠, 장갑"
15,10,맑음,남,자켓,맨투맨,청바지,없음,없음
2,4,흐림,남,롱패딩,히트텍,기모바지,히트텍,"목도리, 장갑, 핫팩"
0,-2,맑음,여,코트,니트,기모레깅스,히트텍,"목도리, 장갑, 핫팩"
1,-1,비,남,코트,기모후드,기모청바지,히트텍,"레인부츠, 목도리, 우산, 장갑, 핫팩"
14,15,흐림,남,후드집업,후드티,면바지,없음,없음
4,1,맑음,남,롱패딩,기모후드,기모청바지,히트텍,"목도리, 장갑, 핫팩"
13,8,비,남,자켓,긴팔티,슬랙스,없음,"레인부츠, 우산"
32,33,비,여,얇은 가디건,반팔,치마,없음,"레인부츠, 모자, 선글라스, 양산, 우산"
-5,-8,눈,남,롱패딩,기모후드,기모바지,히트텍,"목도리, 부츠, 장갑, 핫팩"
15,15,눈,남,가디건,후드티,슬랙스,없음,"부츠, 장갑"
-7,-5,흐림,남,롱패딩,히트텍,기모청바지,히트텍,"목도리, 장갑, 핫팩"
16,17,흐림,남,자켓,긴팔티,면바지,얇은 이너,없음
4,0,맑음,남,패딩,기모후드,기모청바지,히트텍,"목도리, 장갑, 핫팩"
30,28,비,남,없음,반팔,반바지,없음,"레인부츠, 모자, 선글라스, 양산, 우산"
-10,-15,눈,남,코트,니트,기모바지,히트텍,"목도리, 부츠, 장갑, 핫팩"
30,27,흐림,여,얇은 가디건,민소매,치마,없음,"모자, 선글라스, 양산"
0,0,흐림,여,롱패딩,니트,기모치마,히트텍,"목도리, 장갑, 핫팩"
-3,-5,흐림,여,패딩,히트텍,기모레깅스,히트텍,"목도리, 장갑, 핫팩"
-5,-9,눈,남,패딩,히트텍,기모바지,히트텍,"목도리, 부츠, 장갑, 핫팩"
3,5,맑음,여,코트,히트텍,기모레깅스,히트텍,"목도리, 장갑, 핫팩"
-9,-12,맑음,남,패딩,기모후드,기모청바지,히트텍,"목도리, 장갑, 핫팩"
4,6,맑음,여,롱패딩,기모후드,기모레깅스,히트텍,"목도리, 장갑, 핫팩"
4,7,눈,여,패딩,기모후드,기모바지,히트텍,"목도리, 부츠, 장갑, 핫팩"
22,22,흐림,남,후드집업,긴팔티,슬랙스,얇은 이너,없음
18,17,눈,남,가디건,긴팔티,면바지,없음,"부츠, 장갑"
19,18,흐림,남,후드집업,후드티,청바지,없음,없음
-3,-7,맑음,여,롱패딩,니트,기모치마,히트텍,"목도리, 장갑, 핫팩"
2,-2,눈,여,롱패딩,니트,기모레깅스,히트텍,"목도리, 부츠, 장갑, 핫팩"
13,8,눈,여,자켓,맨투맨,슬랙스,얇은 이너,"부츠, 장갑"
10,11,흐림,남,자켓,긴팔티,청바지,얇은 이너,없음
26,22,맑음,남,없음,민소매,면반바지,없음,"모자, 선글라스, 양산"
24,24,흐림,여,자켓,후드티,청바지,없음,없음
14,16,비,여,후드집업,후드티,청바지,얇은 이너,"레인부츠, 우산"
13,11,눈,여,후드집업,후드티,롱스커트,얇은 이너,"부츠, 장갑"
20,16,눈,남,자켓,후드티,면바지,얇은 이너,"부츠, 장갑"
-4,-2,맑음,남,코트,니트,기모바지,히트텍,"목도리, 장갑, 핫팩"
15,11,비,여,후드집업,후드티,청바지,얇은 이너,"레인부츠, 우산"
27,24,맑음,여,없음,반팔,반바지,없음,"모자, 선글라스, 양산"
30,30,눈,남,없음,민소매,반바지,없음,"모자, 부츠, 선글라스, 양산, 장갑"
33,32,흐림,여,얇은 가디건,민소매,치마,없음,"모자, 선글라스, 양산"
1,-4,눈,여,패딩,기모후드,기모바지,히트텍,"목도리, 부츠, 장갑, 핫팩"
21,17,흐림,남,후드집업,맨투맨,슬랙스,없음,없음
5,2,비,남,패딩,니트,기모바지,히트텍,"레인부츠, 목도리, 우산, 장갑, 핫팩"
19,22,눈,남,후드집업,후드티,슬랙스,얇은 이너,"부츠, 장갑"
-3,-4,비,남,패딩,니트,기모청바지,히트텍,"레인부츠, 목도리, 우산, 장갑, 핫팩"
-7,-10,비,여,코트,히트텍,기모레깅스,히트텍,"레인부츠, 목도리, 우산, 장갑, 핫팩"
29,24,흐림,여,얇은 가디건,반팔,반바지,없음,"모자, 선글라스, 양산"
15,10,맑음,남,후드집업,맨투맨,면바지,없음,없음
33,35,흐림,여,없음,반팔,치마,없음,"모자, 선글라스, 양산"
1,-3,눈,남,코트,기모후드,기모청바지,히트텍,"목도리, 부츠, 장갑, 핫팩"
28,23,맑음,남,얇은 가디건,민소매,면반바지,없음,"모자, 선글라스, 양산"
29,31,맑음,남,얇은 가디건,반팔,면반바지,없음,"모자, 선글라스, 양산"
-8,-10,눈,여,패딩,히트텍,기모바지,히트텍,"목도리, 부츠, 장갑, 핫팩"
25,21,비,여,얇은 가디건,민소매,반바지,없음,"레인부츠, 모자, 선글라스, 양산, 우산"
24,20,맑음,여,후드집업,긴팔티,슬랙스,얇은 이너,없음
3,-2,눈,여,롱패딩,히트텍,기모바지,히트텍,"목도리, 부츠, 장갑, 핫팩"
4,4,맑음,남,패딩,히트텍,기모청바지,히트텍,"목도리, 장갑, 핫팩"
26,21,흐림,남,얇은 가디건,반팔,반바지,없음,"모자, 선글라스, 양산"
30,29,맑음,남,얇은 가디건,민소매,반바지,없음,"모자, 선글라스, 양산"
9,6,흐림,남,롱패딩,기모후드,기모청바지,히트텍,없음
3,2,비,남,롱패딩,니트,기모바지,히트텍,"레인부츠, 목도리, 우산, 장갑, 핫팩"
-5,-4,맑음,남,롱패딩,기모후드,기모바지,히트텍,"목도리, 장갑, 핫팩"
-3,-7,흐림,남,코트,기모후드,기모청바지,히트텍,"목도리, 장갑, 핫팩"
27,29,눈,남,얇은 가디건,민소매,반바지,없음,"모자, 부츠, 선글라스, 양산, 장갑"
4,2,눈,남,롱패딩,기모후드,기모바지,히트텍,"목도리, 부츠, 장갑, 핫팩"
27,25,흐림,남,없음,반팔,반바지,없음,"모자, 선글라스, 양산"
28,26,눈,여,얇은 가디건,민소매,치마,없음,"모자, 부츠, 선글라스, 양산, 장갑"
5,0,맑음,남,코트,기모후드,기모청바지,히트텍,"목도리, 장갑, 핫팩"
21,21,맑음,여,후드집업,맨투맨,롱스커트,없음,없음
5,0,비,남,패딩,기모후드,기모바지,히트텍,"레인부츠, 목도리, 우산, 장갑, 핫팩"
6,1,비,남,패딩,히트텍,기모청바지,히트텍,"레인부츠, 우산"
35,34,맑음,남,없음,반팔,면반바지,없음,"모자, 선글라스, 양산"
23,19,비,여,가디건,후드티,롱스커트,없음,"레인부츠, 우산"
5,0,맑음,남,패딩,기모후드,기모바지,히트텍,"목도리, 장갑, 핫팩"
10,13,맑음,남,후드집업,맨투맨,슬랙스,얇은 이너,없음
-10,-11,비,여,패딩,히트텍,기모치마,히트텍,"레인부츠, 목도리, 우산, 장갑, 핫팩"
6,9,맑음,남,롱패딩,니트,기모바지,히트텍,없음
-6,-7,눈,남,롱패딩,히트텍,기모바지,히트텍,"목도리, 부츠, 장갑, 핫팩"
32,27,흐림,남,얇은 가디건,반팔,면반바지,없음,"모자, 선글라스, 양산"
-2,0,눈,남,롱패딩,히트텍,기모청바지,히트텍,"목도리, 부츠, 장갑, 핫팩"
7,6,맑음,남,패딩,니트,기모청바지,히트텍,없음
-9,-11,눈,여,코트,기모후드,기모레깅스,히트텍,"목도리, 부츠, 장갑, 핫팩"
24,21,눈,여,후드집업,긴팔티,청바지,얇은 이너,"부츠, 장갑"
27,24,비,여,얇은 가디건,반팔,치마,없음,"레인부츠, 모자, 선글라스, 양산, 우산"
23,22,맑음,여,후드집업,후드티,청바지,얇은 이너,없음
3,-1,눈,여,롱패딩,기모후드,기모레깅스,히트텍,"목도리, 부츠, 장갑, 핫팩"
23,21,맑음,남,후드집업,후드티,청바지,얇은 이너,없음
-3,-2,비,남,패딩,히트텍,기모바지,히트텍,"레인부츠, 목도리, 우산, 장갑, 핫팩"
12,9,맑음,여,가디건,후드티,슬랙스,없음,없음
23,23,흐림,여,후드집업,후드티,롱스커트,얇은 이너,없음
7,10,흐림,여,롱패딩,히트텍,기모바지,히트텍,없음
25,27,눈,남,없음,반팔,면반바지,없음,"모자, 부츠, 선글라스, 양산, 장갑"
10,8,눈,여,후드집업,맨투맨,롱스커트,없음,"부츠, 장갑"
4,4,비,남,코트,니트,기모바지,히트텍,"레인부츠, 목도리, 우산, 장갑, 핫팩"
3,-2,눈,남,롱패딩,니트,기모바지,히트텍,"목도리, 부츠, 장갑, 핫팩"
15,16,비,여,자켓,후드티,슬랙스,얇은 이너,"레인부츠, 우산"
29,31,맑음,여,얇은 가디건,반팔,반바지,없음,"모자, 선글라스, 양산"
-1,-1,눈,남,코트,기모후드,기모바지,히트텍,"목도리, 부츠, 장갑, 핫팩"
28,25,흐림,남,없음,민소매,면반바지,없음,"모자, 선글라스, 양산"
31,29,흐림,남,없음,반팔,반바지,없음,"모자, 선글라스, 양산"
15,10,눈,남,후드집업,맨투맨,슬랙스,얇은 이너,"부츠, 장갑"
17,15,비,여,가디건,맨투맨,롱스커트,없음,"레인부츠, 우산"
28,31,눈,남,얇은 가디건,민소매,면반바지,없음,"모자, 부츠, 선글라스, 양산, 장갑"
16,17,비,남,후드집업,후드티,슬랙스,없음,"레인부츠, 우산"
9,12,맑음,남,코트,니트,기모바지,히트텍,없음
33,32,흐림,여,없음,반팔,반바지,없음,"모자, 선글라스, 양산"
11,6,흐림,남,자켓,후드티,슬랙스,없음,없음
27,24,비,여,얇은 가디건,민소매,반바지,없음,"레인부츠, 모자, 선글라스, 양산, 우산"
3,-1,흐림,여,코트,니트,기모레깅스,히트텍,"목도리, 장갑, 핫팩"
6,2,맑음,남,코트,기모후드,기모바지,히트텍,없음
22,19,맑음,여,후드집업,후드티,슬랙스,없음,없음
-6,-9,비,남,코트,히트텍,기모바지,히트텍,"레인부츠, 목도리, 우산, 장갑, 핫팩"
32,27,흐림,남,없음,민소매,면반바지,없음,"모자, 선글라스, 양산"
15,17,비,남,가디건,맨투맨,슬랙스,없음,"레인부츠, 우산"
-9,-10,흐림,남,코트,니트,기모바지,히트텍,"목도리, 장갑, 핫팩"
-10,-12,흐림,남,롱패딩,기모후드,기모청바지,히트텍,"목도리, 장갑, 핫팩"
24,19,맑음,남,가디건,후드티,슬랙스,없음,없음
1,0,눈,남,롱패딩,니트,기모바지,히트텍,"목도리, 부츠, 장갑, 핫팩"
-9,-13,비,남,롱패딩,기모후드,기모청바지,히트텍,"레인부츠, 목도리, 우산, 장갑, 핫팩"
-10,-7,눈,여,코트,히트텍,기모레깅스,히트텍,"목도리, 부츠, 장갑, 핫팩"
0,-4,맑음,여,패딩,히트텍,기모치마,히트텍,"목도리, 장갑, 핫팩"
13,13,맑음,남,가디건,후드티,슬랙스,얇은 이너,없음
22,24,흐림,여,후드집업,긴팔티,슬랙스,얇은 이너,없음
2,-3,눈,남,코트,히트텍,기모청바지,히트텍,"목도리, 부츠, 장갑, 핫팩"
23,21,맑음,여,자켓,긴팔티,롱스커트,얇은 이너,없음
35,38,비,남,없음,민소매,반바지,없음,"레인부츠, 모자, 선글라스, 양산, 우산"
14,14,비,남,자켓,긴팔티,슬랙스,없음,"레인부츠, 우산"
24,26,흐림,남,후드집업,맨투맨,슬랙스,없음,없음
29,26,비,남,없음,민소매,면반바지,없음,"레인부츠, 모자, 선글라스, 양산, 우산"
15,18,눈,여,자켓,맨투맨,롱스커트,얇은 이너,"부츠, 장갑"
32,27,흐림,여,얇은 가디건,반팔,반바지,없음,"모자, 선글라스, 양산"
5,6,눈,남,코트,히트텍,기모청바지,히트텍,"목도리, 부츠, 장갑, 핫팩"
-2,-3,맑음,남,코트,기모후드,기모청바지,히트텍,"목도리, 장갑, 핫팩"
20,17,비,남,가디건,긴팔티,청바지,없음,"레인부츠, 우산"
10,5,흐림,남,후드집업,후드티,슬랙스,없음,없음
11,12,맑음,여,자켓,긴팔티,롱스커트,없음,없음
35,35,비,남,없음,반팔,반바지,없음,"레인부츠, 모자, 선글라스, 양산, 우산"
-3,-7,비,여,롱패딩,기모후드,기모치마,히트텍,"레인부츠, 목도리, 우산, 장갑, 핫팩"
28,27,맑음,남,얇은 가디건,민소매,반바지,없음,"모자, 선글라스, 양산"
3,0,흐림,여,패딩,히트텍,기모레깅스,히트텍,"목도리, 장갑, 핫팩"
13,14,흐림,여,가디건,맨투맨,슬랙스,없음,없음
-2,-4,비,여,패딩,히트텍,기모바지,히트텍,"레인부츠, 목도리, 우산, 장갑, 핫팩"
10,10,눈,여,자켓,긴팔티,슬랙스,없음,"부츠, 장갑"
25,25,흐림,남,얇은 가디건,반팔,면반바지,없음,"모자, 선글라스, 양산"
-9,-8,눈,남,롱패딩,니트,기모바지,히트텍,"목도리, 부츠, 장갑, 핫팩"
16,15,맑음,남,후드집업,후드티,면바지,없음,없음
-2,-1,비,여,코트,히트텍,기모치마,히트텍,"레인부츠, 목도리, 우산, 장갑, 핫팩"
4,2,비,여,패딩,기모후드,기모레깅스,히트텍,"레인부츠, 목도리, 우산, 장갑, 핫팩"
35,32,맑음,여,얇은 가디건,민소매,반바지,없음,"모자, 선글라스, 양산"
31,27,맑음,남,얇은 가디건,민소매,반바지,없음,"모자, 선글라스, 양산"
17,15,비,여,후드집업,후드티,슬랙스,없음,"레인부츠, 우산"
13,14,비,남,자켓,후드티,청바지,없음,"레인부츠, 우산"
22,19,비,여,후드집업,긴팔티,롱스커트,없음,"레인부츠, 우산"
35,31,눈,여,없음,반팔,치마,없음,"모자, 부츠, 선글라스, 양산, 장갑"
26,22,맑음,남,얇은 가디건,반팔,반바지,없음,"모자, 선글라스, 양산"
-1,-4,맑음,여,코트,히트텍,기모바지,히트텍,"목도리, 장갑, 핫팩"
19,20,맑음,여,가디건,맨투맨,롱스커트,얇은 이너,없음
16,17,눈,남,자켓,맨투맨,슬랙스,얇은 이너,"부츠, 장갑"
9,11,눈,남,롱패딩,기모후드,기모바지,히트텍,"부츠, 장갑"
15,10,비,남,자켓,후드티,청바지,없음,"레인부츠, 우산"
33,35,흐림,남,없음,민소매,면반바지,없음,"모자, 선글라스, 양산"
4,5,흐림,남,패딩,니트,기모청바지,히트텍,"목도리, 장갑, 핫팩"
31,26,비,남,없음,민소매,면반바지,없음,"레인부츠, 모자, 선글라스, 양산, 우산"
9,5,흐림,여,롱패딩,히트텍,기모바지,히트텍,없음
16,13,비,여,후드집업,맨투맨,롱스커트,얇은 이너,"레인부츠, 우산"
21,24,흐림,남,후드집업,후드티,청바지,없음,없음
-4,-5,맑음,남,코트,히트텍,기모청바지,히트텍,"목도리, 장갑, 핫팩"
32,27,비,남,없음,반팔,반바지,없음,"레인부츠, 모자, 선글라스, 양산, 우산"
12,10,흐림,남,후드집업,후드티,슬랙스,얇은 이너,없음
10,8,흐림,남,자켓,긴팔티,청바지,얇은 이너,없음
2,2,흐림,남,롱패딩,기모후드,기모바지,히트텍,"목도리, 장갑, 핫팩"
25,27,눈,남,없음,민소매,면반바지,없음,"모자, 부츠, 선글라스, 양산, 장갑"
-4,-1,비,여,코트,기모후드,기모레깅스,히트텍,"레인부츠, 목도리, 우산, 장갑, 핫팩"
28,30,맑음,여,얇은 가디건,반팔,반바지,없음,"모자, 선글라스, 양산"
-3,-8,비,남,패딩,니트,기모바지,히트텍,"레인부츠, 목도리, 우산, 장갑, 핫팩"
6,2,흐림,남,패딩,기모후드,기모청바지,히트텍,없음
30,25,흐림,여,얇은 가디건,민소매,반바지,없음,"모자, 선글라스, 양산"
32,34,비,여,없음,반팔,치마,없음,"레인부츠, 모자, 선글라스, 양산, 우산"
2,5,맑음,남,코트,히트텍,기모청바지,히트텍,"목도리, 장갑, 핫팩"
14,12,비,여,후드집업,후드티,청바지,얇은 이너,"레인부츠, 우산"
17,19,눈,여,자켓,후드티,롱스커트,얇은 이너,"부츠, 장갑"
20,18,흐림,남,자켓,맨투맨,청바지,없음,없음
29,29,흐림,남,없음,민소매,면반바지,없음,"모자, 선글라스, 양산"
24,24,비,남,가디건,맨투맨,슬랙스,얇은 이너,"레인부츠, 우산"
25,27,흐림,여,없음,민소매,치마,없음,"모자, 선글라스, 양산"
35,35,눈,남,얇은 가디건,반팔,면반바지,없음,"모자, 부츠, 선글라스, 양산, 장갑"
-5,-2,흐림,남,롱패딩,히트텍,기모청바지,히트텍,"목도리, 장갑, 핫팩"
21,18,흐림,여,후드집업,맨투맨,슬랙스,얇은 이너,없음
26,27,맑음,여,얇은 가디건,반팔,치마,없음,"모자, 선글라스, 양산"
-6,-5,맑음,여,패딩,히트텍,기모레깅스,히트텍,"목도리, 장갑, 핫팩"
29,27,비,여,얇은 가디건,민소매,치마,없음,"레인부츠, 모자, 선글라스, 양산, 우산"
-3,-8,비,여,롱패딩,니트,기모치마,히트텍,"레인부츠, 목도리, 우산, 장갑, 핫팩"
10,11,맑음,남,후드집업,후드티,슬랙스,얇은 이너,없음
21,19,흐림,남,후드집업,후드티,청바지,없음,없음
14,12,비,여,후드집업,맨투맨,슬랙스,없음,"레인부츠, 우산"
-3,-1,눈,여,패딩,기모후드,기모레깅스,히트텍,"목도리, 부츠, 장갑, 핫팩"
2,-3,흐림,여,롱패딩,기모후드,기모치마,히트텍,"목도리, 장갑, 핫팩"
3,4,흐림,남,코트,니트,기모청바지,히트텍,"목도리, 장갑, 핫팩"
6,6,눈,여,패딩,니트,기모바지,히트텍,"부츠, 장갑"
21,16,비,여,가디건,후드티,청바지,얇은 이너,"레인부츠, 우산"
35,35,맑음,남,얇은 가디건,민소매,반바지,없음,"모자, 선글라스, 양산"
4,2,흐림,여,코트,니트,기모바지,히트텍,"목도리, 장갑, 핫팩"
-6,-4,흐림,여,롱패딩,기모후드,기모바지,히트텍,"목도리, 장갑, 핫팩"
10,12,흐림,여,자켓,후드티,롱스커트,없음,없음
12,12,비,남,자켓,맨투맨,면바지,없음,"레인부츠, 우산"
27,29,맑음,여,없음,반팔,반바지,없음,"모자, 선글라스, 양산"
2,1,맑음,여,롱패딩,니트,기모치마,히트텍,"목도리, 장갑, 핫팩"
3,1,흐림,여,롱패딩,히트텍,기모치마,히트텍,"목도리, 장갑, 핫팩"
30,29,맑음,여,얇은 가디건,민소매,반바지,없음,"모자, 선글라스, 양산"
18,20,눈,여,후드집업,후드티,롱스커트,없음,"부츠, 장갑"
27,28,눈,남,얇은 가디건,민소매,면반바지,없음,"모자, 부츠, 선글라스, 양산, 장갑"
11,9,비,남,가디건,후드티,면바지,없음,"레인부츠, 우산"
-10,-14,비,여,패딩,히트텍,기모바지,히트텍,"레인부츠, 목도리, 우산, 장갑, 핫팩"
9,4,눈,남,패딩,기모후드,기모청바지,히트텍,"부츠, 장갑"
11,8,흐림,남,후드집업,긴팔티,슬랙스,없음,없음
27,23,눈,남,없음,민소매,반바지,없음,"모자, 부츠, 선글라스, 양산, 장갑"
12,13,눈,여,후드집업,긴팔티,롱스커트,없음,"부츠, 장갑"
7,3,비,남,롱패딩,기모후드,기모청바지,히트텍,"레인부츠, 우산"
-3,-5,흐림,남,롱패딩,니트,기모청바지,히트텍,"목도리, 장갑, 핫팩"
30,26,눈,여,얇은 가디건,민소매,반바지,없음,"모자, 부츠, 선글라스, 양산, 장갑"
30,29,맑음,여,얇은 가디건,반팔,치마,없음,"모자, 선글라스, 양산"
-10,-9,눈,남,패딩,니트,기모청바지,히트텍,"목도리, 부츠, 장갑, 핫팩"
34,34,맑음,남,없음,민소매,반바지,없음,"모자, 선글라스, 양산"
8,7,맑음,남,코트,니트,기모청바지,히트텍,없음
16,15,흐림,남,가디건,긴팔티,슬랙스,얇은 이너,없음
-1,1,흐림,남,코트,니트,기모바지,히트텍,"목도리, 장갑, 핫팩"
23,23,흐림,여,가디건,후드티,슬랙스,없음,없음
3,1,흐림,여,패딩,기모후드,기모치마,히트텍,"목도리, 장갑, 핫팩"
21,23,맑음,남,후드집업,후드티,면바지,없음,없음
11,8,맑음,여,자켓,긴팔티,슬랙스,얇은 이너,없음
1,-2,흐림,남,코트,히트텍,기모청바지,히트텍,"목도리, 장갑, 핫팩"
23,25,비,여,자켓,긴팔티,청바지,얇은 이너,"레인부츠, 우산"
20,22,흐림,남,후드집업,긴팔티,면바지,없음,없음
26,22,비,남,얇은 가디건,민소매,반바지,없음,"레인부츠, 모자, 선글라스, 양산, 우산"
9,10,흐림,남,롱패딩,니트,기모청바지,히트텍,없음
-5,-8,비,여,롱패딩,히트텍,기모레깅스,히트텍,"레인부츠, 목도리, 우산, 장갑, 핫팩"
6,6,맑음,여,코트,니트,기모치마,히트텍,없음
25,22,비,남,없음,반팔,면반바지,없음,"레인부츠, 모자, 선글라스, 양산, 우산"
28,27,흐림,여,없음,민소매,치마,없음,"모자, 선글라스, 양산"
9,9,눈,여,롱패딩,니트,기모바지,히트텍,"부츠, 장갑"
0,3,비,남,패딩,히트텍,기모바지,히트텍,"레인부츠, 목도리, 우산, 장갑, 핫팩"
35,36,눈,여,없음,민소매,치마,없음,"모자, 부츠, 선글라스, 양산, 장갑"
1,0,맑음,여,코트,니트,기모바지,히트텍,"목도리, 장갑, 핫팩"
-5,-3,눈,남,패딩,니트,기모바지,히트텍,"목도리, 부츠, 장갑, 핫팩"
-5,-6,눈,남,롱패딩,히트텍,기모바지,히트텍,"목도리, 부츠, 장갑, 핫팩"
20,22,눈,여,가디건,후드티,롱스커트,얇은 이너,"부츠, 장갑"
29,32,흐림,남,얇은 가디건,반팔,면반바지,없음,"모자, 선글라스, 양산"
18,18,맑음,여,가디건,후드티,청바지,없음,없음
7,3,맑음,남,코트,니트,기모청바지,히트텍,없음
-7,-10,흐림,남,코트,히트텍,기모청바지,히트텍,"목도리, 장갑, 핫팩"
7,10,비,여,롱패딩,히트텍,기모레깅스,히트텍,"레인부츠, 우산"
-9,-13,눈,남,패딩,기모후드,기모청바지,히트텍,"목도리, 부츠, 장갑, 핫팩"
15,18,맑음,남,후드집업,맨투맨,면바지,없음,없음
18,15,비,남,후드집업,긴팔티,청바지,얇은 이너,"레인부츠, 우산"
25,21,흐림,남,없음,반팔,면반바지,없음,"모자, 선글라스, 양산"
31,30,흐림,여,얇은 가디건,반팔,치마,없음,"모자, 선글라스, 양산"
4,3,맑음,여,롱패딩,히트텍,기모바지,히트텍,"목도리, 장갑, 핫팩"
-2,-5,비,남,패딩,니트,기모바지,히트텍,"레인부츠, 목도리, 우산, 장갑, 핫팩"
4,3,흐림,남,코트,히트텍,기모바지,히트텍,"목도리, 장갑, 핫팩"
17,18,맑음,여,후드집업,긴팔티,슬랙스,얇은 이너,없음
-3,-6,비,남,코트,기모후드,기모바지,히트텍,"레인부츠, 목도리, 우산, 장갑, 핫팩"
3,6,흐림,여,롱패딩,히트텍,기모치마,히트텍,"목도리, 장갑, 핫팩"
34,37,흐림,남,없음,민소매,면반바지,없음,"모자, 선글라스, 양산"
34,31,눈,남,얇은 가디건,민소매,면반바지,없음,"모자, 부츠, 선글라스, 양산, 장갑"
34,29,맑음,여,없음,반팔,반바지,없음,"모자, 선글라스, 양산"
-6,-6,눈,여,패딩,니트,기모레깅스,히트텍,"목도리, 부츠, 장갑, 핫팩"
20,17,맑음,여,자켓,후드티,롱스커트,없음,없음
27,26,비,여,없음,반팔,치마,없음,"레인부츠, 모자, 선글라스, 양산, 우산"
-10,-14,맑음,남,코트,기모후드,기모바지,히트텍,"목도리, 장갑, 핫팩"
4,-1,비,여,롱패딩,히트텍,기모바지,히트텍,"레인부츠, 목도리, 우산, 장갑, 핫팩"
21,22,눈,여,자켓,후드티,청바지,얇은 이너,"부츠, 장갑"
25,25,흐림,남,없음,민소매,반바지,없음,"모자, 선글라스, 양산"
-5,-9,눈,여,롱패딩,니트,기모치마,히트텍,"목도리, 부츠, 장갑, 핫팩"
16,15,비,남,자켓,후드티,청바지,얇은 이너,"레인부츠, 우산"
4,3,눈,남,롱패딩,니트,기모청바지,히트텍,"목도리, 부츠, 장갑, 핫팩"
23,26,비,여,자켓,후드티,롱스커트,없음,"레인부츠, 우산"
14,13,눈,남,자켓,후드티,청바지,없음,"부츠, 장갑"
1,-2,눈,남,코트,니트,기모청바지,히트텍,"목도리, 부츠, 장갑, 핫팩"
24,27,비,남,자켓,맨투맨,슬랙스,얇은 이너,"레인부츠, 우산"
-1,-5,맑음,여,코트,히트텍,기모치마,히트텍,"목도리, 장갑, 핫팩"
27,26,비,여,없음,민소매,치마,없음,"레인부츠, 모자, 선글라스, 양산, 우산"
9,10,흐림,여,코트,기모후드,기모치마,히트텍,없음
24,27,흐림,남,가디건,맨투맨,면바지,얇은 이너,없음
-9,-9,비,남,코트,기모후드,기모바지,히트텍,"레인부츠, 목도리, 우산, 장갑, 핫팩"
20,16,맑음,여,자켓,후드티,청바지,얇은 이너,없음
9,9,비,여,롱패딩,니트,기모치마,히트텍,"레인부츠, 우산"
0,3,맑음,여,패딩,히트텍,기모치마,히트텍,"목도리, 장갑, 핫팩"
32,29,흐림,남,얇은 가디건,민소매,반바지,없음,"모자, 선글라스, 양산"
3,-1,맑음,여,코트,기모후드,기모바지,히트텍,"목도리, 장갑, 핫팩"
33,28,눈,여,없음,민소매,치마,없음,"모자, 부츠, 선글라스, 양산, 장갑"
0,-4,눈,여,코트,기모후드,기모바지,히트텍,"목도리, 부츠, 장갑, 핫팩"
19,22,눈,남,자켓,후드티,면바지,없음,"부츠, 장갑"
9,10,흐림,여,롱패딩,히트텍,기모레깅스,히트텍,없음
11,12,흐림,여,후드집업,맨투맨,슬랙스,없음,없음
-9,-12,맑음,남,패딩,기모후드,기모바지,히트텍,"목도리, 장갑, 핫팩"
-2,0,눈,남,롱패딩,기모후드,기모청바지,히트텍,"목도리, 부츠, 장갑, 핫팩"
-3,-1,눈,남,코트,기모후드,기모청바지,히트텍,"목도리, 부츠, 장갑, 핫팩"
16,14,흐림,여,가디건,긴팔티,롱스커트,없음,없음
-3,-2,비,남,패딩,히트텍,기모바지,히트텍,"레인부츠, 목도리, 우산, 장갑, 핫팩"
14,11,흐림,여,후드집업,맨투맨,슬랙스,없음,없음
19,21,흐림,남,자켓,후드티,면바지,없음,없음
21,16,눈,남,후드집업,긴팔티,면바지,얇은 이너,"부츠, 장갑"
32,35,흐림,여,얇은 가디건,민소매,치마,없음,"모자, 선글라스, 양산"
16,18,흐림,남,가디건,맨투맨,면바지,얇은 이너,없음
32,33,흐림,여,없음,민소매,치마,없음,"모자, 선글라스, 양산"
24,19,맑음,남,가디건,맨투맨,청바지,얇은 이너,없음
21,20,맑음,남,가디건,맨투맨,면바지,없음,없음
5,6,눈,남,롱패딩,니트,기모바지,히트텍,"목도리, 부츠, 장갑, 핫팩"
28,23,맑음,남,얇은 가디건,반팔,면반바지,없음,"모자, 선글라스, 양산"
27,24,흐림,여,얇은 가디건,민소매,반바지,없음,"모자, 선글라스, 양산"
27,23,눈,남,얇은 가디건,민소매,반바지,없음,"모자, 부츠, 선글라스, 양산, 장갑"
-10,-8,비,여,코트,니트,기모레깅스,히트텍,"레인부츠, 목도리, 우산, 장갑, 핫팩"
-9,-9,비,여,코트,니트,기모치마,히트텍,"레인부츠, 목도리, 우산, 장갑, 핫팩"
-8,-11,맑음,남,패딩,니트,기모청바지,히트텍,"목도리, 장갑, 핫팩"
13,14,비,여,가디건,후드티,롱스커트,얇은 이너,"레인부츠, 우산"
32,33,맑음,여,없음,반팔,반바지,없음,"모자, 선글라스, 양산"
-2,-6,눈,여,패딩,히트텍,기모치마,히트텍,"목도리, 부츠, 장갑, 핫팩"
1,1,맑음,남,코트,히트텍,기모청바지,히트텍,"목도리, 장갑, 핫팩"
26,27,비,여,얇은 가디건,반팔,치마,없음,"레인부츠, 모자, 선글라스, 양산, 우산"
21,18,흐림,남,자켓,긴팔티,면바지,없음,없음
33,36,눈,남,없음,반팔,면반바지,없음,"모자, 부츠, 선글라스, 양산, 장갑"
-2,-7,눈,여,코트,히트텍,기모치마,히트텍,"목도리, 부츠, 장갑, 핫팩"
34,31,맑음,여,얇은 가디건,반팔,반바지,없음,"모자, 선글라스, 양산"
20,22,맑음,남,자켓,맨투맨,면바지,얇은 이너,없음
8,3,비,여,롱패딩,니트,기모치마,히트텍,"레인부츠, 우산"
15,17,눈,여,후드집업,긴팔티,청바지,없음,"부츠, 장갑"
27,27,맑음,남,얇은 가디건,민소매,반바지,없음,"모자, 선글라스, 양산"
-9,-8,눈,남,코트,니트,기모바지,히트텍,"목도리, 부츠, 장갑, 핫팩"
32,30,흐림,여,얇은 가디건,반팔,반바지,없음,"모자, 선글라스, 양산"
14,17,맑음,남,자켓,후드티,슬랙스,얇은 이너,없음
17,13,눈,남,후드집업,후드티,면바지,없음,"부츠, 장갑"
11,8,흐림,남,후드집업,후드티,면바지,얇은 이너,없음
7,4,비,여,패딩,기모후드,기모치마,히트텍,"레인부츠, 우산"
0,3,흐림,남,패딩,니트,기모바지,히트텍,"목도리, 장갑, 핫팩"
25,24,흐림,남,없음,반팔,면반바지,없음,"모자, 선글라스, 양산"
11,10,흐림,남,자켓,긴팔티,면바지,없음,없음
-8,-8,비,남,코트,기모후드,기모청바지,히트텍,"레인부츠, 목도리, 우산, 장갑, 핫팩"
-10,-8,흐림,여,롱패딩,기모후드,기모치마,히트텍,"목도리, 장갑, 핫팩"
27,27,눈,남,없음,반팔,반바지,없음,"모자, 부츠, 선글라스, 양산, 장갑"
5,3,흐림,남,코트,히트텍,기모청바지,히트텍,"목도리, 장갑, 핫팩"
-7,-10,비,여,코트,니트,기모레깅스,히트텍,"레인부츠, 목도리, 우산, 장갑, 핫팩"
28,23,비,남,얇은 가디건,민소매,반바지,없음,"레인부츠, 모자, 선글라스, 양산, 우산"
28,31,눈,여,얇은 가디건,민소매,치마,없음,"모자, 부츠, 선글라스, 양산, 장갑"
33,34,눈,여,없음,반팔,반바지,없음,"모자, 부츠, 선글라스, 양산, 장갑"
32,30,비,여,없음,민소매,치마,없음,"레인부츠, 모자, 선글라스, 양산, 우산"
17,14,흐림,여,자켓,맨투맨,슬랙스,없음,없음
31,30,눈,남,없음,반팔,반바지,없음,"모자, 부츠, 선글라스, 양산, 장갑"
2,1,비,여,롱패딩,니트,기모치마,히트텍,"레인부츠, 목도리, 우산, 장갑, 핫팩"
4,3,맑음,남,롱패딩,니트,기모청바지,히트텍,"목도리, 장갑, 핫팩"
8,7,비,여,롱패딩,기모후드,기모바지,히트텍,"레인부츠, 우산"
0,2,흐림,남,롱패딩,히트텍,기모바지,히트텍,"목도리, 장갑, 핫팩"
13,11,흐림,여,자켓,맨투맨,슬랙스,얇은 이너,없음
11,6,흐림,남,자켓,맨투맨,청바지,없음,없음
-8,-5,맑음,남,코트,니트,기모청바지,히트텍,"목도리, 장갑, 핫팩"
28,27,비,여,얇은 가디건,반팔,치마,없음,"레인부츠, 모자, 선글라스, 양산, 우산"
25,22,흐림,여,얇은 가디건,민소매,치마,없음,"모자, 선글라스, 양산"
-6,-6,눈,여,코트,기모후드,기모치마,히트텍,"목도리, 부츠, 장갑, 핫팩"
-9,-12,눈,남,패딩,히트텍,기모바지,히트텍,"목도리, 부츠, 장갑, 핫팩"
-4,-4,비,남,코트,히트텍,기모바지,히트텍,"레인부츠, 목도리, 우산, 장갑, 핫팩"
5,3,눈,여,코트,기모후드,기모레깅스,히트텍,"목도리, 부츠, 장갑, 핫팩"
21,17,맑음,여,가디건,긴팔티,슬랙스,없음,없음
8,8,눈,여,코트,기모후드,기모바지,히트텍,"부츠, 장갑"
33,28,흐림,남,없음,반팔,반바지,없음,"모자, 선글라스, 양산"
34,35,맑음,여,없음,반팔,반바지,없음,"모자, 선글라스, 양산"
-5,-5,비,남,패딩,기모후드,기모청바지,히트텍,"레인부츠, 목도리, 우산, 장갑, 핫팩"
31,33,흐림,여,얇은 가디건,민소매,치마,없음,"모자, 선글라스, 양산"
11,13,흐림,여,가디건,긴팔티,청바지,얇은 이너,없음
26,29,맑음,여,얇은 가디건,민소매,반바지,없음,"모자, 선글라스, 양산"
14,13,흐림,여,후드집업,긴팔티,슬랙스,얇은 이너,없음
30,32,비,남,없음,민소매,면반바지,없음,"레인부츠, 모자, 선글라스, 양산, 우산"
-3,-8,흐림,여,롱패딩,니트,기모바지,히트텍,"목도리, 장갑, 핫팩"
-8,-12,눈,여,코트,히트텍,기모바지,히트텍,"목도리, 부츠, 장갑, 핫팩"
14,12,눈,여,자켓,맨투맨,슬랙스,없음,"부츠, 장갑"
-10,-8,맑음,남,패딩,기모후드,기모바지,히트텍,"목도리, 장갑, 핫팩"
12,15,맑음,남,가디건,긴팔티,슬랙스,얇은 이너,없음
25,26,흐림,남,얇은 가디건,민소매,면반바지,없음,"모자, 선글라스, 양산"
7,8,비,여,패딩,히트텍,기모바지,히트텍,"레인부츠, 우산"
21,18,맑음,남,가디건,긴팔티,슬랙스,얇은 이너,없음
16,12,비,여,자켓,긴팔티,슬랙스,없음,"레인부츠, 우산"
6,7,맑음,남,패딩,히트텍,기모바지,히트텍,없음
16,15,비,남,자켓,긴팔티,면바지,얇은 이너,"레인부츠, 우산"
-7,-7,비,남,코트,기모후드,기모청바지,히트텍,"레인부츠, 목도리, 우산, 장갑, 핫팩"
19,14,비,남,후드집업,후드티,청바지,얇은 이너,"레인부츠, 우산"
2,5,눈,여,롱패딩,기모후드,기모레깅스,히트텍,"목도리, 부츠, 장갑, 핫팩"
-7,-5,눈,남,코트,히트텍,기모바지,히트텍,"목도리, 부츠, 장갑, 핫팩"
1,2,비,남,패딩,기모후드,기모바지,히트텍,"레인부츠, 목도리, 우산, 장갑, 핫팩"
12,15,흐림,여,가디건,긴팔티,롱스커트,얇은 이너,없음
-6,-11,눈,여,코트,히트텍,기모치마,히트텍,"목도리, 부츠, 장갑, 핫팩"
18,17,맑음,남,후드집업,긴팔티,슬랙스,얇은 이너,없음
3,4,흐림,여,롱패딩,니트,기모치마,히트텍,"목도리, 장갑, 핫팩"
7,5,맑음,남,코트,니트,기모바지,히트텍,없음
12,9,눈,남,후드집업,긴팔티,면바지,없음,"부츠, 장갑"
7,2,비,여,코트,기모후드,기모바지,히트텍,"레인부츠, 우산"
-1,0,눈,여,코트,기모후드,기모레깅스,히트텍,"목도리, 부츠, 장갑, 핫팩"
7,9,비,여,패딩,기모후드,기모바지,히트텍,"레인부츠, 우산"
6,2,맑음,여,패딩,히트텍,기모바지,히트텍,없음
32,31,눈,여,없음,반팔,치마,없음,"모자, 부츠, 선글라스, 양산, 장갑"
20,23,흐림,남,가디건,맨투맨,슬랙스,얇은 이너,없음
33,31,맑음,남,얇은 가디건,민소매,반바지,없음,"모자, 선글라스, 양산"
16,17,맑음,남,후드집업,후드티,청바지,얇은 이너,없음
7,9,비,남,패딩,기모후드,기모청바지,히트텍,"레인부츠, 우산"
10,8,비,남,가디건,긴팔티,슬랙스,없음,"레인부츠, 우산"
12,11,비,여,자켓,후드티,청바지,얇은 이너,"레인부츠, 우산"
-6,-4,맑음,여,코트,기모후드,기모레깅스,히트텍,"목도리, 장갑, 핫팩"
35,34,비,여,얇은 가디건,반팔,치마,없음,"레인부츠, 모자, 선글라스, 양산, 우산"
6,2,비,여,롱패딩,니트,기모레깅스,히트텍,"레인부츠, 우산"
25,22,비,남,없음,민소매,반바지,없음,"레인부츠, 모자, 선글라스, 양산, 우산"
-6,-10,눈,남,코트,기모후드,기모청바지,히트텍,"목도리, 부츠, 장갑, 핫팩"
30,27,비,여,얇은 가디건,반팔,반바지,없음,"레인부츠, 모자, 선글라스, 양산, 우산"
13,9,맑음,여,후드집업,후드티,슬랙스,얇은 이너,없음
-3,-2,흐림,남,코트,기모후드,기모청바지,히트텍,"목도리, 장갑, 핫팩"
20,15,흐림,남,가디건,긴팔티,면바지,얇은 이너,없음
33,32,맑음,남,없음,반팔,반바지,없음,"모자, 선글라스, 양산"
21,24,눈,여,자켓,긴팔티,청바지,얇은 이너,"부츠, 장갑"
20,23,맑음,남,가디건,맨투맨,면바지,얇은 이너,없음
10,5,흐림,남,가디건,후드티,슬랙스,얇은 이너,없음
14,13,흐림,남,가디건,긴팔티,청바지,얇은 이너,없음
1,4,눈,남,패딩,니트,기모청바지,히트텍,"목도리, 부츠, 장갑, 핫팩"
21,22,맑음,남,후드집업,맨투맨,청바지,없음,없음
-6,-11,비,남,패딩,히트텍,기모바지,히트텍,"레인부츠, 목도리, 우산, 장갑, 핫팩"
-7,-8,눈,여,롱패딩,니트,기모레깅스,히트텍,"목도리, 부츠, 장갑, 핫팩"
7,9,비,여,패딩,히트텍,기모바지,히트텍,"레인부츠, 우산"
-9,-7,눈,여,코트,니트,기모치마,히트텍,"목도리, 부츠, 장갑, 핫팩"
19,15,비,남,가디건,후드티,면바지,없음,"레인부츠, 우산"
-2,-1,눈,남,코트,기모후드,기모바지,히트텍,"목도리, 부츠, 장갑, 핫팩"
13,16,흐림,남,가디건,긴팔티,청바지,없음,없음
-1,-1,비,여,패딩,히트텍,기모바지,히트텍,"레인부츠, 목도리, 우산, 장갑, 핫팩"
23,23,비,남,자켓,맨투맨,청바지,없음,"레인부츠, 우산"
9,5,눈,남,패딩,기모후드,기모청바지,히트텍,"부츠, 장갑"
-9,-10,눈,남,롱패딩,기모후드,기모청바지,히트텍,"목도리, 부츠, 장갑, 핫팩"
22,25,눈,남,가디건,맨투맨,청바지,없음,"부츠, 장갑"
15,11,맑음,남,가디건,긴팔티,슬랙스,없음,없음
24,21,비,여,가디건,후드티,청바지,얇은 이너,"레인부츠, 우산"
-1,1,흐림,남,롱패딩,기모후드,기모청바지,히트텍,"목도리, 장갑, 핫팩"
21,24,눈,여,가디건,후드티,청바지,없음,"부츠, 장갑"
1,4,비,남,패딩,기모후드,기모바지,히트텍,"레인부츠, 목도리, 우산, 장갑, 핫팩"
-3,-1,눈,남,패딩,기모후드,기모청바지,히트텍,"목도리, 부츠, 장갑, 핫팩"
-8,-13,비,남,롱패딩,니트,기모바지,히트텍,"레인부츠, 목도리, 우산, 장갑, 핫팩"
5,7,흐림,여,롱패딩,히트텍,기모치마,히트텍,"목도리, 장갑, 핫팩"
-9,-13,눈,남,코트,니트,기모바지,히트텍,"목도리, 부츠, 장갑, 핫팩"
32,31,비,남,얇은 가디건,민소매,면반바지,없음,"레인부츠, 모자, 선글라스, 양산, 우산"
6,2,눈,남,패딩,기모후드,기모바지,히트텍,"부츠, 장갑"
17,15,비,남,가디건,후드티,슬랙스,얇은 이너,"레인부츠, 우산"
18,15,맑음,남,가디건,긴팔티,면바지,없음,없음
21,19,맑음,남,자켓,맨투맨,면바지,없음,없음
23,18,비,남,자켓,긴팔티,청바지,없음,"레인부츠, 우산"
28,23,비,여,얇은 가디건,반팔,반바지,없음,"레인부츠, 모자, 선글라스, 양산, 우산"
22,25,맑음,여,후드집업,긴팔티,롱스커트,없음,없음
-4,-9,흐림,여,코트,기모후드,기모레깅스,히트텍,"목도리, 장갑, 핫팩"
-7,-7,눈,여,코트,니트,기모바지,히트텍,"목도리, 부츠, 장갑, 핫팩"
35,32,눈,남,얇은 가디건,민소매,반바지,없음,"모자, 부츠, 선글라스, 양산, 장갑"
30,25,비,여,얇은 가디건,반팔,치마,없음,"레인부츠, 모자, 선글라스, 양산, 우산"
20,15,맑음,남,자켓,후드티,면바지,없음,없음
-9,-13,비,남,코트,니트,기모바지,히트텍,"레인부츠, 목도리, 우산, 장갑, 핫팩"
3,6,흐림,남,롱패딩,기모후드,기모청바지,히트텍,"목도리, 장갑, 핫팩"
20,15,흐림,남,자켓,긴팔티,면바지,얇은 이너,없음
30,33,흐림,여,얇은 가디건,민소매,반바지,없음,"모자, 선글라스, 양산"
9,4,흐림,남,패딩,니트,기모바지,히트텍,없음
0,-1,비,여,패딩,기모후드,기모바지,히트텍,"레인부츠, 목도리, 우산, 장갑, 핫팩"
32,35,흐림,여,없음,민소매,반바지,없음,"모자, 선글라스, 양산"
8,5,눈,남,롱패딩,히트텍,기모청바지,히트텍,"부츠, 장갑"
11,11,맑음,남,가디건,긴팔티,슬랙스,없음,없음
5,0,흐림,남,코트,니트,기모바지,히트텍,"목도리, 장갑, 핫팩"
18,15,흐림,여,후드집업,맨투맨,슬랙스,없음,없음
17,20,눈,여,자켓,긴팔티,롱스커트,얇은 이너,"부츠, 장갑"
25,27,비,남,얇은 가디건,반팔,면반바지,없음,"레인부츠, 모자, 선글라스, 양산, 우산"
11,13,맑음,남,자켓,맨투맨,청바지,얇은 이너,없음
0,2,맑음,남,패딩,니트,기모바지,히트텍,"목도리, 장갑, 핫팩"
-4,-4,눈,여,롱패딩,히트텍,기모레깅스,히트텍,"목도리, 부츠, 장갑, 핫팩"
32,33,맑음,남,없음,민소매,반바지,없음,"모자, 선글라스, 양산"
-4,-9,흐림,남,코트,니트,기모바지,히트텍,"목도리, 장갑, 핫팩"
-3,-5,눈,남,롱패딩,기모후드,기모청바지,히트텍,"목도리, 부츠, 장갑, 핫팩"
-1,2,비,남,패딩,니트,기모바지,히트텍,"레인부츠, 목도리, 우산, 장갑, 핫팩"
21,16,눈,남,가디건,긴팔티,슬랙스,없음,"부츠, 장갑"
20,22,비,여,가디건,긴팔티,롱스커트,얇은 이너,"레인부츠, 우산"
22,23,비,남,가디건,맨투맨,청바지,없음,"레인부츠, 우산"
31,28,눈,남,없음,반팔,반바지,없음,"모자, 부츠, 선글라스, 양산, 장갑"
23,23,흐림,남,자켓,후드티,청바지,없음,없음
10,6,비,남,후드집업,후드티,청바지,없음,"레인부츠, 우산"
6,7,비,여,패딩,히트텍,기모치마,히트텍,"레인부츠, 우산"
13,16,눈,여,가디건,긴팔티,청바지,없음,"부츠, 장갑"
15,11,비,여,가디건,긴팔티,롱스커트,없음,"레인부츠, 우산"
23,19,흐림,여,가디건,후드티,청바지,없음,없음
-5,-4,흐림,남,롱패딩,히트텍,기모청바지,히트텍,"목도리, 장갑, 핫팩"
4,-1,눈,여,롱패딩,기모후드,기모치마,히트텍,"목도리, 부츠, 장갑, 핫팩"
19,16,비,남,자켓,후드티,면바지,얇은 이너,"레인부츠, 우산"
-3,0,맑음,남,롱패딩,니트,기모바지,히트텍,"목도리, 장갑, 핫팩"
18,21,눈,남,후드집업,긴팔티,청바지,없음,"부츠, 장갑"
22,18,흐림,여,가디건,맨투맨,청바지,없음,없음
-5,-3,비,여,롱패딩,기모후드,기모바지,히트텍,"레인부츠, 목도리, 우산, 장갑, 핫팩"
-5,-10,맑음,남,롱패딩,히트텍,기모바지,히트텍,"목도리, 장갑, 핫팩"
8,11,비,여,롱패딩,니트,기모레깅스,히트텍,"레인부츠, 우산"
21,17,맑음,여,자켓,후드티,청바지,없음,없음
24,21,눈,여,자켓,긴팔티,롱스커트,얇은 이너,"부츠, 장갑"
18,18,흐림,여,후드집업,후드티,롱스커트,없음,없음
25,24,맑음,여,없음,민소매,치마,없음,"모자, 선글라스, 양산"
9,9,비,남,코트,기모후드,기모청바지,히트텍,"레인부츠, 우산"
26,25,비,남,얇은 가디건,민소매,반바지,없음,"레인부츠, 모자, 선글라스, 양산, 우산"
-3,-5,비,여,롱패딩,히트텍,기모치마,히트텍,"레인부츠, 목도리, 우산, 장갑, 핫팩"
-9,-9,비,여,롱패딩,히트텍,기모치마,히트텍,"레인부츠, 목도리, 우산, 장갑, 핫팩"
3,5,흐림,남,패딩,히트텍,기모청바지,히트텍,"목도리, 장갑, 핫팩"
32,30,맑음,남,없음,반팔,면반바지,없음,"모자, 선글라스, 양산"
22,17,맑음,남,후드집업,후드티,면바지,없음,없음
19,14,비,여,가디건,맨투맨,롱스커트,얇은 이너,"레인부츠, 우산"
3,2,비,여,코트,니트,기모치마,히트텍,"레인부츠, 목도리, 우산, 장갑, 핫팩"
15,16,눈,남,후드집업,후드티,슬랙스,얇은 이너,"부츠, 장갑"
27,27,비,남,없음,반팔,면반바지,없음,"레인부츠, 모자, 선글라스, 양산, 우산"
-8,-9,비,남,코트,기모후드,기모바지,히트텍,"레인부츠, 목도리, 우산, 장갑, 핫팩"
27,24,맑음,남,얇은 가디건,반팔,반바지,없음,"모자, 선글라스, 양산"
-5,-2,흐림,남,롱패딩,히트텍,기모청바지,히트텍,"목도리, 장갑, 핫팩"
-2,-6,흐림,여,패딩,히트텍,기모치마,히트텍,"목도리, 장갑, 핫팩"
16,17,맑음,여,가디건,긴팔티,롱스커트,없음,없음
17,15,눈,여,후드집업,맨투맨,슬랙스,얇은 이너,"부츠, 장갑"
12,7,맑음,여,후드집업,후드티,청바지,없음,없음
-7,-7,눈,남,롱패딩,기모후드,기모청바지,히트텍,"목도리, 부츠, 장갑, 핫팩"
34,30,맑음,남,얇은 가디건,반팔,면반바지,없음,"모자, 선글라스, 양산"
19,19,비,남,후드집업,긴팔티,슬랙스,없음,"레인부츠, 우산"
32,32,맑음,남,얇은 가디건,민소매,반바지,없음,"모자, 선글라스, 양산"
7,9,비,여,패딩,히트텍,기모바지,히트텍,"레인부츠, 우산"
29,27,맑음,여,없음,민소매,치마,없음,"모자, 선글라스, 양산"
2,-3,눈,남,롱패딩,니트,기모청바지,히트텍,"목도리, 부츠, 장갑, 핫팩"
7,2,흐림,여,롱패딩,니트,기모레깅스,히트텍,없음
4,5,비,남,롱패딩,히트텍,기모바지,히트텍,"레인부츠, 목도리, 우산, 장갑, 핫팩"
29,27,맑음,남,얇은 가디건,민소매,면반바지,없음,"모자, 선글라스, 양산"
15,11,눈,여,가디건,긴팔티,청바지,얇은 이너,"부츠, 장갑"
22,25,비,남,자켓,긴팔티,슬랙스,얇은 이너,"레인부츠, 우산"
22,18,비,여,후드집업,맨투맨,슬랙스,없음,"레인부츠, 우산"
-4,-2,맑음,여,패딩,니트,기모바지,히트텍,"목도리, 장갑, 핫팩"
-2,-7,비,남,패딩,니트,기모청바지,히트텍,"레인부츠, 목도리, 우산, 장갑, 핫팩"
1,1,맑음,남,패딩,히트텍,기모바지,히트텍,"목도리, 장갑, 핫팩"
3,-1,맑음,남,코트,히트텍,기모바지,히트텍,"목도리, 장갑, 핫팩"
-7,-12,흐림,남,코트,히트텍,기모바지,히트텍,"목도리, 장갑, 핫팩"
-2,-5,맑음,남,코트,니트,기모바지,히트텍,"목도리, 장갑, 핫팩"
2,0,눈,남,패딩,기모후드,기모청바지,히트텍,"목도리, 부츠, 장갑, 핫팩"
1,4,맑음,남,롱패딩,기모후드,기모바지,히트텍,"목도리, 장갑, 핫팩"
2,-3,비,여,코트,니트,기모바지,히트텍,"레인부츠, 목도리, 우산, 장갑, 핫팩"
31,33,흐림,남,없음,민소매,면반바지,없음,"모자, 선글라스, 양산"
10,6,흐림,남,자켓,맨투맨,청바지,얇은 이너,없음
34,36,눈,남,없음,민소매,반바지,없음,"모자, 부츠, 선글라스, 양산, 장갑"
30,32,맑음,여,얇은 가디건,반팔,반바지,없음,"모자, 선글라스, 양산"
3,4,맑음,여,코트,니트,기모레깅스,히트텍,"목도리, 장갑, 핫팩"
25,23,흐림,남,얇은 가디건,민소매,면반바지,없음,"모자, 선글라스, 양산"
12,8,흐림,남,자켓,긴팔티,면바지,없음,없음
15,18,비,남,후드집업,후드티,청바지,없음,"레인부츠, 우산"
-8,-12,눈,여,패딩,히트텍,기모바지,히트텍,"목도리, 부츠, 장갑, 핫팩"
-5,-2,흐림,여,롱패딩,기모후드,기모바지,히트텍,"목도리, 장갑, 핫팩"
24,21,비,여,자켓,긴팔티,롱스커트,없음,"레인부츠, 우산"
17,16,흐림,남,후드집업,후드티,면바지,없음,없음
0,-4,눈,남,패딩,히트텍,기모바지,히트텍,"목도리, 부츠, 장갑, 핫팩"
7,3,맑음,남,롱패딩,기모후드,기모바지,히트텍,없음
28,26,눈,여,없음,반팔,치마,없음,"모자, 부츠, 선글라스, 양산, 장갑"
-1,1,비,여,롱패딩,기모후드,기모치마,히트텍,"레인부츠, 목도리, 우산, 장갑, 핫팩"
-5,-5,눈,여,코트,기모후드,기모바지,히트텍,"목도리, 부츠, 장갑, 핫팩"
8,6,눈,남,롱패딩,니트,기모바지,히트텍,"부츠, 장갑"
8,3,비,여,롱패딩,히트텍,기모치마,히트텍,"레인부츠, 우산"
7,3,눈,남,롱패딩,히트텍,기모바지,히트텍,"부츠, 장갑"
10,5,비,남,후드집업,긴팔티,면바지,없음,"레인부츠, 우산"
15,17,비,여,후드집업,후드티,슬랙스,얇은 이너,"레인부츠, 우산"
23,20,눈,여,후드집업,맨투맨,롱스커트,없음,"부츠, 장갑"
32,30,비,여,얇은 가디건,반팔,치마,없음,"레인부츠, 모자, 선글라스, 양산, 우산"
3,-2,맑음,여,패딩,히트텍,기모바지,히트텍,"목도리, 장갑, 핫팩"
27,26,맑음,남,없음,반팔,면반바지,없음,"모자, 선글라스, 양산"
23,22,맑음,여,가디건,후드티,롱스커트,없음,없음
6,5,눈,여,롱패딩,기모후드,기모바지,히트텍,"부츠, 장갑"
-6,-10,흐림,여,패딩,니트,기모레깅스,히트텍,"목도리, 장갑, 핫팩"
25,20,비,남,없음,민소매,면반바지,없음,"레인부츠, 모자, 선글라스, 양산, 우산"
10,12,비,남,자켓,후드티,청바지,없음,"레인부츠, 우산"
27,26,눈,여,없음,반팔,치마,없음,"모자, 부츠, 선글라스, 양산, 장갑"
-3,-7,맑음,여,패딩,니트,기모치마,히트텍,"목도리, 장갑, 핫팩"
-9,-7,비,남,롱패딩,기모후드,기모바지,히트텍,"레인부츠, 목도리, 우산, 장갑, 핫팩"
-9,-9,비,남,롱패딩,니트,기모바지,히트텍,"레인부츠, 목도리, 우산, 장갑, 핫팩"
0,-1,비,남,코트,니트,기모청바지,히트텍,"레인부츠, 목도리, 우산, 장갑, 핫팩"
28,23,비,여,얇은 가디건,반팔,치마,없음,"레인부츠, 모자, 선글라스, 양산, 우산"
-1,-6,흐림,여,코트,니트,기모치마,히트텍,"목도리, 장갑, 핫팩"
11,13,눈,남,자켓,후드티,청바지,없음,"부츠, 장갑"
14,11,흐림,남,후드집업,후드티,청바지,없음,없음
9,10,흐림,남,롱패딩,히트텍,기모청바지,히트텍,없음
15,10,비,남,자켓,후드티,면바지,없음,"레인부츠, 우산"
15,14,눈,남,자켓,맨투맨,청바지,없음,"부츠, 장갑"
6,4,비,여,패딩,니트,기모바지,히트텍,"레인부츠, 우산"
15,18,눈,남,자켓,긴팔티,청바지,얇은 이너,"부츠, 장갑"
-3,-2,맑음,남,롱패딩,니트,기모바지,히트텍,"목도리, 장갑, 핫팩"
-1,-6,맑음,남,코트,히트텍,기모바지,히트텍,"목도리, 장갑, 핫팩"
21,18,맑음,남,가디건,긴팔티,청바지,얇은 이너,없음
4,6,눈,남,코트,기모후드,기모바지,히트텍,"목도리, 부츠, 장갑, 핫팩"
24,21,눈,여,후드집업,후드티,청바지,얇은 이너,"부츠, 장갑"
18,18,비,여,후드집업,맨투맨,슬랙스,없음,"레인부츠, 우산"
24,27,흐림,남,자켓,긴팔티,면바지,얇은 이너,없음
21,20,맑음,남,가디건,긴팔티,청바지,없음,없음
20,22,비,여,자켓,긴팔티,롱스커트,얇은 이너,"레인부츠, 우산"
18,15,비,남,가디건,후드티,슬랙스,없음,"레인부츠, 우산"
20,20,맑음,남,가디건,긴팔티,슬랙스,없음,없음
-5,-7,눈,남,패딩,기모후드,기모청바지,히트텍,"목도리, 부츠, 장갑, 핫팩"
24,24,비,남,후드집업,맨투맨,면바지,얇은 이너,"레인부츠, 우산"
34,30,눈,남,없음,반팔,면반바지,없음,"모자, 부츠, 선글라스, 양산, 장갑"
31,31,눈,남,없음,반팔,면반바지,없음,"모자, 부츠, 선글라스, 양산, 장갑"
6,9,비,남,패딩,히트텍,기모청바지,히트텍,"레인부츠, 우산"
20,15,맑음,여,후드집업,긴팔티,청바지,없음,없음
6,8,맑음,남,코트,히트텍,기모바지,히트텍,없음
21,16,눈,여,가디건,후드티,슬랙스,얇은 이너,"부츠, 장갑"
-5,-8,흐림,남,코트,니트,기모청바지,히트텍,"목도리, 장갑, 핫팩"
33,34,맑음,여,얇은 가디건,반팔,반바지,없음,"모자, 선글라스, 양산"
18,19,비,남,후드집업,맨투맨,청바지,없음,"레인부츠, 우산"
9,4,맑음,남,패딩,기모후드,기모청바지,히트텍,없음
-8,-9,맑음,남,패딩,기모후드,기모바지,히트텍,"목도리, 장갑, 핫팩"
14,12,비,여,자켓,긴팔티,롱스커트,없음,"레인부츠, 우산"
18,19,흐림,남,가디건,긴팔티,면바지,얇은 이너,없음
18,13,비,남,가디건,후드티,면바지,없음,"레인부츠, 우산"
6,3,흐림,남,패딩,기모후드,기모청바지,히트텍,없음
-9,-9,눈,남,롱패딩,기모후드,기모청바지,히트텍,"목도리, 부츠, 장갑, 핫팩"
15,16,맑음,남,자켓,맨투맨,면바지,얇은 이너,없음
9,8,흐림,여,패딩,히트텍,기모치마,히트텍,없음
34,32,맑음,남,없음,반팔,면반바지,없음,"모자, 선글라스, 양산"
0,-2,눈,여,패딩,히트텍,기모바지,히트텍,"목도리, 부츠, 장갑, 핫팩"
0,-4,눈,여,패딩,히트텍,기모레깅스,히트텍,"목도리, 부츠, 장갑, 핫팩"
13,10,눈,여,가디건,후드티,슬랙스,없음,"부츠, 장갑"
3,2,비,여,코트,니트,기모치마,히트텍,"레인부츠, 목도리, 우산, 장갑, 핫팩"
10,8,맑음,남,가디건,후드티,슬랙스,얇은 이너,없음
22,19,비,남,후드집업,후드티,면바지,없음,"레인부츠, 우산"
16,14,맑음,남,가디건,맨투맨,슬랙스,없음,없음
14,12,눈,남,가디건,긴팔티,면바지,얇은 이너,"부츠, 장갑"
3,0,맑음,여,패딩,히트텍,기모바지,히트텍,"목도리, 장갑, 핫팩"
21,21,흐림,여,자켓,맨투맨,롱스커트,얇은 이너,없음
19,16,맑음,여,자켓,맨투맨,청바지,없음,없음
6,9,흐림,남,패딩,니트,기모청바지,히트텍,없음
4,4,비,남,코트,히트텍,기모청바지,히트텍,"레인부츠, 목도리, 우산, 장갑, 핫팩"
9,4,눈,남,롱패딩,니트,기모청바지,히트텍,"부츠, 장갑"
15,10,맑음,여,후드집업,긴팔티,슬랙스,얇은 이너,없음
-8,-11,눈,여,코트,히트텍,기모치마,히트텍,"목도리, 부츠, 장갑, 핫팩"
14,9,비,남,후드집업,긴팔티,청바지,얇은 이너,"레인부츠, 우산"
6,3,흐림,여,롱패딩,히트텍,기모바지,히트텍,없음
-1,2,비,여,롱패딩,니트,기모치마,히트텍,"레인부츠, 목도리, 우산, 장갑, 핫팩"
13,13,흐림,여,후드집업,긴팔티,롱스커트,얇은 이너,없음
30,25,흐림,여,얇은 가디건,민소매,치마,없음,"모자, 선글라스, 양산"
28,27,눈,남,얇은 가디건,반팔,반바지,없음,"모자, 부츠, 선글라스, 양산, 장갑"
7,6,비,여,패딩,기모후드,기모바지,히트텍,"레인부츠, 우산"
17,17,맑음,남,자켓,맨투맨,슬랙스,없음,없음
23,22,흐림,남,자켓,긴팔티,슬랙스,없음,없음
32,32,흐림,여,얇은 가디건,반팔,반바지,없음,"모자, 선글라스, 양산"
32,33,비,남,없음,민소매,반바지,없음,"레인부츠, 모자, 선글라스, 양산, 우산"
15,12,흐림,남,자켓,후드티,슬랙스,없음,없음
-7,-12,흐림,남,코트,기모후드,기모바지,히트텍,"목도리, 장갑, 핫팩"
16,11,비,남,가디건,긴팔티,청바지,얇은 이너,"레인부츠, 우산"
20,16,비,여,가디건,후드티,청바지,없음,"레인부츠, 우산"
20,18,비,여,후드집업,긴팔티,롱스커트,없음,"레인부츠, 우산"
16,15,비,여,가디건,긴팔티,슬랙스,얇은 이너,"레인부츠, 우산"
-2,0,비,남,롱패딩,니트,기모바지,히트텍,"레인부츠, 목도리, 우산, 장갑, 핫팩"
35,36,흐림,여,얇은 가디건,민소매,치마,없음,"모자, 선글라스, 양산"
-2,0,맑음,여,롱패딩,히트텍,기모치마,히트텍,"목도리, 장갑, 핫팩"
16,19,비,남,가디건,긴팔티,슬랙스,없음,"레인부츠, 우산"
-10,-15,눈,여,롱패딩,히트텍,기모치마,히트텍,"목도리, 부츠, 장갑, 핫팩"
0,0,맑음,남,패딩,히트텍,기모청바지,히트텍,"목도리, 장갑, 핫팩"
19,14,눈,여,후드집업,후드티,롱스커트,얇은 이너,"부츠, 장갑"
15,13,맑음,여,가디건,후드티,롱스커트,없음,없음
17,20,비,남,가디건,맨투맨,면바지,없음,"레인부츠, 우산"
-1,0,눈,여,패딩,기모후드,기모치마,히트텍,"목도리, 부츠, 장갑, 핫팩"
7,5,맑음,남,코트,니트,기모청바지,히트텍,없음
-9,-12,맑음,남,코트,히트텍,기모바지,히트텍,"목도리, 장갑, 핫팩"
8,4,눈,여,코트,니트,기모치마,히트텍,"부츠, 장갑"
-2,-5,눈,여,패딩,니트,기모치마,히트텍,"목도리, 부츠, 장갑, 핫팩"
3,5,비,여,롱패딩,니트,기모치마,히트텍,"레인부츠, 목도리, 우산, 장갑, 핫팩"
-5,-6,맑음,남,패딩,니트,기모바지,히트텍,"목도리, 장갑, 핫팩"
22,24,맑음,남,후드집업,맨투맨,청바지,얇은 이너,없음
22,21,흐림,남,후드집업,긴팔티,슬랙스,없음,없음
-3,-3,맑음,남,롱패딩,기모후드,기모바지,히트텍,"목도리, 장갑, 핫팩"
33,36,흐림,여,없음,민소매,치마,없음,"모자, 선글라스, 양산"
9,6,눈,여,코트,기모후드,기모치마,히트텍,"부츠, 장갑"
-3,-1,맑음,여,패딩,니트,기모바지,히트텍,"목도리, 장갑, 핫팩"
4,7,흐림,여,패딩,니트,기모레깅스,히트텍,"목도리, 장갑, 핫팩"
21,18,맑음,여,후드집업,후드티,롱스커트,없음,없음
-6,-10,흐림,여,코트,기모후드,기모바지,히트텍,"목도리, 장갑, 핫팩"
8,9,흐림,남,롱패딩,니트,기모청바지,히트텍,없음
33,29,흐림,남,없음,민소매,면반바지,없음,"모자, 선글라스, 양산"
7,4,비,여,롱패딩,기모후드,기모레깅스,히트텍,"레인부츠, 우산"
8,5,눈,여,코트,니트,기모치마,히트텍,"부츠, 장갑"
